series,slice_index,roi_idx,orientation_deg,delta_hu,mtf50,mtf10,auc,pixel_spacing_mm,nyquist
LR,54,0,8.21527099609375,577.6964149475098,0.12235047328128114,0.4111077571504693,0.18043180049364,0.3184,1.5703517587939697
LR,42,1,172.5875244140625,795.0422649383545,0.10936518577464281,0.3705517111824887,0.17310463098666198,0.3184,1.5703517587939697
LR,55,2,10.619674682617188,353.8461151123047,0.09726629359296884,0.3363916832476639,0.15458898615887753,0.3184,1.5703517587939697
LR,21,3,9.80816650390625,752.1382751464844,0.22711219722982331,0.4400438156041006,0.25123037734952663,0.3184,1.5703517587939697
LR,13,4,171.87052154541016,557.3358917236328,0.1990676657205649,0.609097190648286,0.3217981385209918,0.3184,1.5703517587939697
LR,47,5,172.8072738647461,212.7675018310547,0.14922178390529306,0.35698629982070607,0.20624858167371965,0.3184,1.5703517587939697
LR,42,6,7.8526611328125,691.8585205078125,0.281130985302878,0.48723300127791247,0.2817499187553789,0.3184,1.5703517587939697
LR,33,7,173.44823455810547,208.24456787109375,0.4973594132152238,0.6821113339592686,0.7247674164400861,0.3184,1.5703517587939697
LR,2,8,168.00609588623047,570.3978805541992,0.14168461833434193,0.2238863176499548,0.1659250613017638,0.3184,1.5703517587939697
LR,17,9,7.173583984375,817.9424743652344,0.2014495897867255,0.35982365145795,0.2187767293763093,0.3184,1.5703517587939697
LR,41,10,6.121696472167969,280.7063903808594,0.09090541225448956,0.6207015125658041,0.40029074623350813,0.3184,1.5703517587939697
LR,49,11,171.67494201660156,217.01462936401367,0.15008977115598424,0.838274055486342,0.316102635261087,0.3184,1.5703517587939697
LR,40,12,14.422515869140625,414.93768310546875,0.10813951596419231,0.5377144646477374,0.23887570476395537,0.3184,1.5703517587939697
LR,8,13,173.234619140625,944.5164947509766,0.15917303767510993,0.243194766772644,0.18523444648919626,0.3184,1.5703517587939697
LR,43,14,8.0584716796875,763.4311141967773,0.13589037677380147,0.4649834517688019,0.21099273003551502,0.3184,1.5703517587939697
LR,35,15,172.77642822265625,492.7608833312988,0.15182173250521924,0.4442439760810746,0.23087275216330547,0.3184,1.5703517587939697
LR,12,16,9.799606323242188,250.21566772460938,0.17842112244150216,0.5400165419872586,0.29923431374021187,0.3184,1.5703517587939697
LR,9,17,8.237503051757812,458.673921585083,0.22917131019232687,0.4137791987750462,0.2471258545532424,0.3184,1.5703517587939697
LR,33,18,170.9256591796875,769.2274169921875,0.12534894672140823,0.2794823189277479,0.17171864416109683,0.3184,1.5703517587939697
LR,7,19,12.068359375,253.55218505859375,0.1335858880191242,0.30996667432162406,0.18566209871036948,0.3184,1.5703517587939697
LR,24,20,5.54217529296875,337.5136260986328,0.3952101194127764,0.4381871808929899,0.6180813167003322,0.3184,1.5703517587939697
LR,53,21,12.26544189453125,326.55564880371094,0.11212262212236078,0.31462620655690177,0.15092018169418142,0.3184,1.5703517587939697
LR,49,22,6.9420166015625,713.546989440918,0.11912599343965292,0.4771047683776895,0.20392466750244828,0.3184,1.5703517587939697
LR,27,23,169.16522216796875,948.411376953125,0.13780631368175014,0.2384287348271647,0.16092335668808713,0.3184,1.5703517587939697
LR,39,24,171.27438354492188,342.16369342803955,0.21700979817768473,0.5795997330881479,0.27825733349089743,0.3184,1.5703517587939697
LR,40,25,10.597343444824219,210.05743408203125,0.073384848626037,0.6724550582671123,0.34210586164960693,0.3184,1.5703517587939697
LR,50,26,6.877166748046875,730.7263641357422,0.17522182057333874,0.4190036944500875,0.21538450553391533,0.3184,1.5703517587939697
LR,18,27,166.86489868164062,432.70794677734375,0.16211129538449595,0.2464347421672669,0.19850814503250366,0.3184,1.5703517587939697
LR,21,28,14.15924072265625,481.34349060058594,0.12231693835216542,0.19634575968575368,0.15579772386574367,0.3184,1.5703517587939697
LR,35,29,9.461982727050781,395.6851806640625,0.32481844863312165,0.47803312304356643,0.3463282925551639,0.3184,1.5703517587939697
LR,26,30,5.83270263671875,1156.4714050292969,0.2204445975598934,0.447299570907044,0.25346349104893307,0.3184,1.5703517587939697
LR,55,31,14.67279052734375,538.2748107910156,0.14676153933001712,0.419919466209355,0.21071810900152804,0.3184,1.5703517587939697
LR,2,32,11.53497314453125,816.5735168457031,0.1630986041871894,0.4110665721896504,0.20563145782336198,0.3184,1.5703517587939697
LR,39,33,8.41888427734375,986.1171112060547,0.22140723295626014,0.42542130410736523,0.26730381142127285,0.3184,1.5703517587939697
LR,54,34,165.25453186035156,223.66893005371094,0.14643606725380504,0.3224320687508152,0.24311734814523214,0.3184,1.5703517587939697
LR,31,35,8.67266845703125,1077.1134033203125,0.15915343787156847,0.49247590108329814,0.20548697748884265,0.3184,1.5703517587939697
LR,52,36,9.226966857910156,501.8288269042969,0.19946113988691158,0.3071295546923868,0.23080286018625307,0.3184,1.5703517587939697
LR,21,37,167.2747573852539,320.256103515625,0.26865349276297873,0.7116777011691362,0.35750800511160935,0.3184,1.5703517587939697
LR,6,38,166.8785400390625,594.4488067626953,0.10488194786593262,0.45315763705121287,0.21664928928072893,0.3184,1.5703517587939697
LR,9,39,12.455108642578125,456.87194633483887,0.29899753039924215,0.5318290329052426,0.30401343570672307,0.3184,1.5703517587939697
LR,35,40,7.8526611328125,381.4597396850586,0.22784833365325674,0.49086761775216287,0.2696094297526593,0.3184,1.5703517587939697
LR,51,41,172.61468505859375,375.5696430206299,0.3280122382626454,0.5506918871334877,0.3160180036427014,0.3184,1.5703517587939697
LR,30,42,12.479843139648438,539.6765441894531,0.2541078361233372,0.4485828170266973,0.2728619600034176,0.3184,1.5703517587939697
LR,28,43,13.792266845703125,500.15504455566406,0.11633905988195138,0.2202409356670924,0.14172531534227198,0.3184,1.5703517587939697
LR,48,44,7.057098388671875,383.9935073852539,0.1970757652361142,0.628851396396679,0.2549932233150181,0.3184,1.5703517587939697
LR,52,45,7.764495849609375,910.3610610961914,0.15069757337844233,0.4748425609045989,0.21648455874817532,0.3184,1.5703517587939697
LR,55,46,11.689796447753906,343.83235931396484,0.11005020006935928,0.19110229032545603,0.14051919355454537,0.3184,1.5703517587939697
LR,31,47,10.0078125,579.8773956298828,0.12489012966889693,0.4111196982518993,0.21077865297837284,0.3184,1.5703517587939697
LR,16,48,168.01193237304688,727.5910186767578,0.14840979025148565,0.446155982362846,0.19183273290270594,0.3184,1.5703517587939697
LR,44,49,7.467376708984375,459.1227111816406,0.15621490281486947,0.5285047310156432,0.2621560922670595,0.3184,1.5703517587939697
LR,31,50,14.49151611328125,413.88711166381836,0.1328393049162767,0.5965946820529636,0.19974783485072956,0.3184,1.5703517587939697
LR,3,51,170.57757568359375,708.9913024902344,0.142844646358999,0.48188999281504286,0.2239969799931677,0.3184,1.5703517587939697
LR,8,52,171.1046142578125,842.1921157836914,0.12861531673902976,0.3792963770288268,0.1664853309958531,0.3184,1.5703517587939697
LR,21,53,168.92962646484375,890.017942905426,0.16880754410039173,0.4366391646331138,0.20490032744460998,0.3184,1.5703517587939697
LR,50,54,14.622711181640625,271.60191345214844,0.11456746618469335,0.1996185790553552,0.13475712892524835,0.3184,1.5703517587939697
LR,35,55,165.91587829589844,584.5526256561279,0.08878069932216708,0.1433726641144474,0.12743756867541436,0.3184,1.5703517587939697
LR,54,56,170.82421875,778.6946029663086,0.11087691009646436,0.30041279883263733,0.16938388579370922,0.3184,1.5703517587939697
LR,13,57,168.5784912109375,555.8654174804688,0.10304139486868456,0.21871896479161823,0.13022023322824297,0.3184,1.5703517587939697
LR,52,58,8.048431396484375,574.5913391113281,0.25647559201037806,0.5459202708508896,0.2709098016886636,0.3184,1.5703517587939697
LR,52,59,8.51666259765625,970.9028472900391,0.11517457386552532,0.3698221491901658,0.16752603570678193,0.3184,1.5703517587939697
LR,42,60,11.310203552246094,229.23599243164062,0.17833413190322964,0.577200103965661,0.26521473587742894,0.3184,1.5703517587939697
LR,32,61,13.98443603515625,648.2275085449219,0.1279772455132712,0.3974162085245889,0.17249385647192322,0.3184,1.5703517587939697
LR,9,62,173.97681427001953,611.7734642028809,0.23373436682206564,0.42506897355687256,0.29900589992161,0.3184,1.5703517587939697
LR,28,63,170.15731811523438,668.0571765899658,0.15070373755091318,0.4155283723411423,0.19779828650012424,0.3184,1.5703517587939697
LR,48,64,168.06527709960938,675.5849151611328,0.12375050446649792,0.2845297663680158,0.1633493272507923,0.3184,1.5703517587939697
LR,14,65,9.61181640625,275.65240478515625,0.29561476201647907,0.5095537558781722,0.27999721735329725,0.3184,1.5703517587939697
LR,28,66,171.0987548828125,208.61933135986328,0.4087326344955656,0.7218940051620482,0.38821299511794644,0.3184,1.5703517587939697
LR,6,67,7.041290283203125,1054.3240203857422,0.1828169919585852,0.27773105831909306,0.20186877379877213,0.3184,1.5703517587939697
LR,23,68,8.513427734375,234.13873291015625,0.5169643172653174,0.6812242204557926,0.6498009189750865,0.3184,1.5703517587939697
LR,50,69,171.431396484375,411.4513244628906,0.20118901062733938,0.4257673371659725,0.23321412190875998,0.3184,1.5703517587939697
LR,9,70,166.7002716064453,418.10460662841797,0.2138482544741728,0.5671640100282495,0.27916940853539934,0.3184,1.5703517587939697
LR,42,71,6.647857666015625,652.404182434082,0.09400070352589106,0.46611224647398486,0.17680815235233682,0.3184,1.5703517587939697
LR,9,72,170.27764892578125,332.4642028808594,0.18014893260265621,0.5010492331856613,0.238314459691071,0.3184,1.5703517587939697
LR,53,73,6.581146240234375,878.0339508056641,0.13169872886372475,0.401430072051329,0.17401113152061784,0.3184,1.5703517587939697
LR,54,74,11.603843688964844,756.6207885742188,0.17121079401301806,0.31524502946695987,0.1955789657277641,0.3184,1.5703517587939697
LR,26,75,8.498001098632812,729.9189147949219,0.17542234880033034,0.39645338517840806,0.21058581935232093,0.3184,1.5703517587939697
LR,18,76,14.64373779296875,470.02049255371094,0.16818481922516604,0.34837587017315985,0.20178796542874877,0.3184,1.5703517587939697
LR,47,77,171.77780151367188,838.4055824279785,0.11711249502134084,0.3865395348251753,0.18789301564872254,0.3184,1.5703517587939697
LR,36,78,174.57758331298828,424.91600799560547,0.20386222403271398,0.5493714799082057,0.2751664511955065,0.3184,1.5703517587939697
LR,51,79,8.841323852539062,562.3198852539062,0.08356954269631094,0.3875156667352484,0.23161037545658278,0.3184,1.5703517587939697
LR,19,80,9.59661865234375,622.0960235595703,0.1369539885699293,0.22380151365945317,0.18015985264282422,0.3184,1.5703517587939697
LR,10,81,165.2056884765625,593.2548828125,0.09641403843511871,0.33482731728260384,0.14429619988444226,0.3184,1.5703517587939697
LR,40,82,167.20321655273438,367.25891494750977,0.3540825455385088,0.5624676642889131,0.42867033974645846,0.3184,1.5703517587939697
LR,11,83,171.00331115722656,546.4391403198242,0.1731082079572725,0.4407288959487221,0.2524200395718843,0.3184,1.5703517587939697
LR,40,84,173.74337005615234,394.1069984436035,0.29721431079737454,0.376063969614797,0.3616852666426386,0.3184,1.5703517587939697
LR,19,85,170.4527587890625,996.5343170166016,0.15397550779864072,0.2612437124122,0.1755910196108981,0.3184,1.5703517587939697
LR,21,86,10.0924072265625,933.0865783691406,0.16379146245755577,0.4514614378157212,0.21807971657394837,0.3184,1.5703517587939697
LR,29,87,171.30921173095703,262.3883056640625,0.15467117227490726,0.339634388559588,0.18544899339147278,0.3184,1.5703517587939697
LR,24,88,171.9415283203125,639.6204223632812,0.10247751865300231,0.1601987822220682,0.13240689907322012,0.3184,1.5703517587939697
LR,32,89,6.531341552734375,426.293420791626,0.14720185123030738,0.3651222759220062,0.2077813688108231,0.3184,1.5703517587939697
LR,32,90,11.793899536132812,203.12689208984375,0.0661661139509787,0.6649845708285536,0.6937175346170238,0.3184,1.5703517587939697
LR,35,91,169.69525146484375,683.3713836669922,0.10379360116138428,0.16054667221436633,0.1396841542255609,0.3184,1.5703517587939697
LR,39,92,12.693534851074219,401.78078842163086,0.19937003662078628,0.5041566815310329,0.2646579474828318,0.3184,1.5703517587939697
LR,40,93,173.03872680664062,422.0398941040039,0.2736878316948821,0.36468050231176363,0.3144718063268571,0.3184,1.5703517587939697
LR,18,94,5.2530059814453125,931.6433153152466,0.2786452534868275,0.5332194262416596,0.3022677049681071,0.3184,1.5703517587939697
LR,32,95,11.310211181640625,414.98055267333984,0.12109407380390351,0.23921168635900666,0.1469050117199899,0.3184,1.5703517587939697
LR,27,96,174.14480590820312,339.9918899536133,0.23047710896426743,0.5670623653959466,0.2674628501094661,0.3184,1.5703517587939697
LR,24,97,11.598724365234375,358.73712158203125,0.1747293879628452,0.5152837858268572,0.2595213386204896,0.3184,1.5703517587939697
LR,16,98,174.10858154296875,761.4796600341797,0.17171441751572802,0.41714204954142564,0.21629253231723813,0.3184,1.5703517587939697
LR,9,99,165.6207733154297,203.58197021484375,0.23175856674595857,0.34313832886856105,0.286098639227345,0.3184,1.5703517587939697
LR,51,100,165.7958221435547,581.5347290039062,0.08765700431699577,0.5292510855104344,0.1842380448440953,0.3184,1.5703517587939697
LR,37,101,8.251922607421875,231.00332641601562,0.212270219405196,0.5763350952480842,0.33506098756517766,0.3184,1.5703517587939697
LR,54,102,173.66061401367188,276.0566940307617,0.25803560610407406,0.5071735296440073,0.3026655235200323,0.3184,1.5703517587939697
LR,8,103,173.17153930664062,972.9368667602539,0.19166926858900132,0.31517605143597877,0.2121660341758592,0.3184,1.5703517587939697
LR,35,104,171.93548583984375,793.088996887207,0.15765588361636734,0.25002878408489587,0.18266618612595711,0.3184,1.5703517587939697
LR,41,105,174.43570709228516,596.8187408447266,0.3624164957077878,0.6161084590053733,0.48789713693037623,0.3184,1.5703517587939697
LR,44,106,167.0043716430664,216.37668991088867,0.16266068286755025,0.38225082883596767,0.23806151778869514,0.3184,1.5703517587939697
LR,5,107,170.97283172607422,503.6300048828125,0.16904831611554072,0.4785985656550302,0.22939497366232944,0.3184,1.5703517587939697
LR,37,108,12.3560791015625,471.95484924316406,0.1280488335154511,0.26096701528620475,0.16447082295379728,0.3184,1.5703517587939697
LR,33,109,168.218994140625,474.27703857421875,0.13521041682425766,0.29219839761103794,0.1791364243629015,0.3184,1.5703517587939697
LR,29,110,6.729705810546875,404.9875793457031,0.12928869659190645,0.5801875451457558,0.29288778894832507,0.3184,1.5703517587939697
LR,21,111,173.54681396484375,536.7576065063477,0.19859637934342514,0.28915927563922317,0.21202668800177335,0.3184,1.5703517587939697
LR,2,112,5.101371765136719,629.7191543579102,0.29308000751285684,0.502478744882538,0.42213761740348116,0.3184,1.5703517587939697
LR,46,113,171.1937026977539,277.08917236328125,0.21591569098656133,0.34058646323440456,0.2542117045667871,0.3184,1.5703517587939697
LR,41,114,9.782157897949219,214.2069091796875,0.17934514294740278,0.47591069971001476,0.24728915964780393,0.3184,1.5703517587939697
LR,40,115,11.524078369140625,453.8314514160156,0.09659088017858454,0.3447116370277776,0.1529110533807402,0.3184,1.5703517587939697
LR,7,116,6.8629150390625,576.6784057617188,0.1430461069825335,0.4417375579570068,0.19482812951454934,0.3184,1.5703517587939697
LR,10,117,167.54924774169922,299.8849792480469,0.3161077405533451,0.48836525927010865,0.35568665508799996,0.3184,1.5703517587939697
LR,9,118,170.64486694335938,631.1393890380859,0.0983399102036006,0.5262799681972964,0.1673040934600012,0.3184,1.5703517587939697
LR,3,119,174.50848388671875,847.1790466308594,0.16042830902088667,0.2791728394388454,0.17134421968173583,0.3184,1.5703517587939697
LR,0,120,8.73095703125,256.04595947265625,0.14829245834975618,0.5743962827872636,0.42925194609198847,0.3184,1.5703517587939697
LR,29,121,13.672653198242188,590.2508087158203,0.07333395209908615,0.12257922511507745,0.19148195922606823,0.3184,1.5703517587939697
LR,38,122,170.18896484375,870.6990127563477,0.110780875547686,0.17399049460208083,0.14372788157214328,0.3184,1.5703517587939697
LR,42,123,168.20074462890625,397.0634765625,0.13910158345596854,0.20330601797546263,0.20131281627214573,0.3184,1.5703517587939697
LR,35,124,7.3378753662109375,411.40187072753906,0.3488087023663108,0.5488509060225107,0.36438183998376444,0.3184,1.5703517587939697
LR,4,125,14.745468139648438,586.2839164733887,0.17757668051315578,0.3721184483952014,0.20557957474547214,0.3184,1.5703517587939697
LR,52,126,11.475860595703125,253.7119140625,0.21454084616794322,0.5745507824453748,0.2782918447143911,0.3184,1.5703517587939697
LR,41,127,165.31814575195312,655.9416427612305,0.11452716432356447,0.21833767877236188,0.1560971078282334,0.3184,1.5703517587939697
LR,46,128,170.66537475585938,671.2888641357422,0.13307882430705978,0.27598908516072224,0.169845882140148,0.3184,1.5703517587939697
LR,1,129,9.385162353515625,975.8273010253906,0.16337219674775233,0.32789546939729475,0.1862767519629305,0.3184,1.5703517587939697
LR,3,130,173.35214233398438,209.45379638671875,0.24121355015588283,0.6055389532025546,0.30847752623002395,0.3184,1.5703517587939697
LR,46,131,170.06381225585938,299.66864013671875,0.3444230372811886,0.4608980903638857,0.4007903662505582,0.3184,1.5703517587939697
LR,30,132,174.71954345703125,296.4031219482422,0.23320069340212923,0.5864565844302785,0.2918892831569532,0.3184,1.5703517587939697
LR,36,133,6.813575744628906,270.2279052734375,0.4778321554712037,0.6287197556790002,0.46574247684573516,0.3184,1.5703517587939697
LR,32,134,5.7919921875,437.9867172241211,0.13016910593280945,0.23508269214989425,0.16779730546417038,0.3184,1.5703517587939697
LR,49,135,12.787612915039062,213.2498779296875,0.12953784598923798,0.49944329300272894,0.18720522887601712,0.3184,1.5703517587939697
LR,7,136,166.28128051757812,477.23187255859375,0.09601027283728983,0.46680187811040635,0.1744577959365799,0.3184,1.5703517587939697
LR,30,137,172.07373046875,244.670654296875,0.4147376105921388,0.4655323803449504,0.5501548119597219,0.3184,1.5703517587939697
LR,2,138,170.53802490234375,736.6856079101562,0.18106743835936429,0.45309296110310243,0.2294102441554964,0.3184,1.5703517587939697
LR,42,139,171.46978759765625,702.3413238525391,0.12194609073358481,0.4923368329577565,0.22072237671447015,0.3184,1.5703517587939697
LR,43,140,170.16668701171875,812.8004760742188,0.09688785167377309,0.3663545785399475,0.15456343850983376,0.3184,1.5703517587939697
LR,33,141,174.75897216796875,694.7323913574219,0.12283209164051223,0.2551913458686031,0.15448745446362072,0.3184,1.5703517587939697
LR,9,142,11.689788818359375,271.8246765136719,0.10890715530653586,0.17098158850628506,0.16528770462132134,0.3184,1.5703517587939697
LR,5,143,173.95230102539062,956.2268371582031,0.16101172874940894,0.24855307392442297,0.17415660161403176,0.3184,1.5703517587939697
LR,12,144,167.52410888671875,613.9139862060547,0.10482439632684486,0.4680382686632096,0.2025709919443805,0.3184,1.5703517587939697
LR,11,145,173.74676513671875,338.10595703125,0.1631808610403729,0.4221663022791563,0.28131154482280313,0.3184,1.5703517587939697
LR,16,146,168.34707641601562,390.37669372558594,0.3092616042942907,0.5986427259425768,0.3666136344131175,0.3184,1.5703517587939697
LR,20,147,172.1473388671875,798.3685073852539,0.23636827582966546,0.5488570907211402,0.29047327359707265,0.3184,1.5703517587939697
LR,20,148,7.408714294433594,620.6686668395996,0.3795438243976491,0.5740738327300656,0.3654657575166015,0.3184,1.5703517587939697
LR,39,149,6.5618896484375,461.0520782470703,0.13692824041503318,0.4526244489730543,0.18911845810390474,0.3184,1.5703517587939697
LR,26,150,173.43809509277344,562.7775955200195,0.20868003988841394,0.5120839482276733,0.23434468424847496,0.3184,1.5703517587939697
LR,36,151,172.662109375,658.474365234375,0.11673308922350055,0.21151945406153763,0.1536425200947176,0.3184,1.5703517587939697
LR,24,152,166.564453125,780.6677017211914,0.18037827595266837,0.47414695758235237,0.24092656031830326,0.3184,1.5703517587939697
LR,17,153,174.05929565429688,270.5638885498047,0.24508802491877757,0.660030668851763,0.3162595477997502,0.3184,1.5703517587939697
LR,14,154,172.56930541992188,862.4119739532471,0.26112330494173835,0.461840211990365,0.2825868417385117,0.3184,1.5703517587939697
LR,14,155,172.59381103515625,531.1659698486328,0.22406657736824256,0.3398478976888869,0.25658970332585507,0.3184,1.5703517587939697
LR,50,156,13.769485473632812,200.62467575073242,0.2265899763062777,0.6597746980899988,0.3169065626847916,0.3184,1.5703517587939697
LR,54,157,13.34991455078125,477.45643520355225,0.15806538867299852,0.29092132940953797,0.20686315473135686,0.3184,1.5703517587939697
LR,38,158,7.5487060546875,449.35357666015625,0.13715174955393752,0.35318939947023537,0.18140210065055623,0.3184,1.5703517587939697
LR,46,159,171.80810546875,362.1346492767334,0.33557863551113243,0.4350313638154305,0.3973355115687327,0.3184,1.5703517587939697
LR,12,160,165.96221923828125,770.860164642334,0.16698890393686872,0.43413143769622653,0.21080954985021225,0.3184,1.5703517587939697
LR,17,161,165.89307403564453,497.29644775390625,0.16006186081073487,0.4461100436886323,0.2127936259189002,0.3184,1.5703517587939697
LR,55,162,12.26544189453125,225.63319396972656,0.34499439785877783,0.5360010738437112,0.40406984678028757,0.3184,1.5703517587939697
LR,34,163,170.49356079101562,780.9487190246582,0.14752577131082575,0.35166844016473714,0.1861943187337766,0.3184,1.5703517587939697
LR,41,164,8.97216796875,537.98779296875,0.10146964552462803,0.1916714825800809,0.14609523181213752,0.3184,1.5703517587939697
LR,16,165,173.9122772216797,378.0375061035156,0.13872830033532124,0.2429730347860613,0.21823214063914376,0.3184,1.5703517587939697
LR,41,166,169.19168090820312,328.99403381347656,0.1766206622245027,0.6380271172089382,0.2684816222563999,0.3184,1.5703517587939697
LR,8,167,5.651695251464844,201.60284423828125,0.4739019031907366,0.6099094735591951,0.4171718649332666,0.3184,1.5703517587939697
LR,14,168,168.55032348632812,272.5105285644531,0.2569643645509475,0.6215220842549453,0.3032672326120537,0.3184,1.5703517587939697
LR,45,169,5.642509460449219,272.12691497802734,0.15709065042584372,0.5950358511661611,0.26145775533296195,0.3184,1.5703517587939697
LR,2,170,171.27047729492188,924.1185760498047,0.12041129782276488,0.19834745503269174,0.13702043760024213,0.3184,1.5703517587939697
LR,8,171,167.0730209350586,394.2459964752197,0.16852864598636672,0.517718026451425,0.21304521376819208,0.3184,1.5703517587939697
LR,39,172,165.15811157226562,624.7599029541016,0.11326100686854693,0.394419217773294,0.1578972670094844,0.3184,1.5703517587939697
LR,51,173,167.54354858398438,626.3666152954102,0.09910830487338157,0.23982083107744467,0.14805002181436697,0.3184,1.5703517587939697
LR,19,174,8.275299072265625,757.0364532470703,0.12897108659419276,0.4450747380251121,0.23001790233120023,0.3184,1.5703517587939697
LR,39,175,11.514190673828125,318.50406646728516,0.16644496304645143,0.5582569048759125,0.25763855907812216,0.3184,1.5703517587939697
LR,37,176,171.87052154541016,629.8758544921875,0.18655250105998628,0.4217582050304823,0.23672081139584425,0.3184,1.5703517587939697
LR,15,177,171.3848876953125,335.8285446166992,0.16426390621970935,0.45372393257586685,0.23271562569181384,0.3184,1.5703517587939697
LR,41,178,170.7325439453125,646.6895065307617,0.18919027766024923,0.4735846278876501,0.24256757157773381,0.3184,1.5703517587939697
LR,28,179,171.68035888671875,361.73399353027344,0.13790936018222888,0.20734352872672102,0.1596745215746421,0.3184,1.5703517587939697
LR,49,180,165.5279541015625,297.0688934326172,0.20423072292593053,0.5209997729861273,0.2818846033292243,0.3184,1.5703517587939697
LR,37,181,173.24368286132812,376.3033752441406,0.16555348728365285,0.49889031882322077,0.23988706208965863,0.3184,1.5703517587939697
LR,47,182,168.41900634765625,362.02622079849243,0.20216833255226724,0.5002905895320436,0.2621515208336211,0.3184,1.5703517587939697
LR,41,183,170.18898010253906,616.0684394836426,0.2708579460045256,0.5183325792499818,0.2807716492953893,0.3184,1.5703517587939697
LR,0,184,168.68978881835938,288.78326416015625,0.21178736113474797,0.5879647791380611,0.2966644352390766,0.3184,1.5703517587939697
LR,20,185,12.5682373046875,778.1307373046875,0.218314006508382,0.5112204840917719,0.2707149038295613,0.3184,1.5703517587939697
LR,10,186,10.243988037109375,299.2331848144531,0.11111552177644436,0.17445973521051725,0.17855429917978,0.3184,1.5703517587939697
LR,16,187,173.03729248046875,601.7331085205078,0.24895851922566045,0.5059609317666063,0.2828379793079456,0.3184,1.5703517587939697
LR,54,188,9.529808044433594,515.9735717773438,0.23141526812138344,0.361546623673307,0.2292910190291978,0.3184,1.5703517587939697
LR,55,189,13.635299682617188,355.95897674560547,0.2806263446509168,0.42031752353271845,0.3379259357447081,0.3184,1.5703517587939697
LR,7,190,14.798690795898438,237.8225860595703,0.11684990409286872,0.33298321774061646,0.18860439827313258,0.3184,1.5703517587939697
LR,9,191,7.124267578125,320.5002136230469,0.28022301291419893,0.6247604740091887,0.33986957138570606,0.3184,1.5703517587939697
LR,54,192,169.77794647216797,478.17797088623047,0.16321587629081408,0.4197903440154314,0.21554123029077277,0.3184,1.5703517587939697
LR,29,193,174.9505615234375,743.1980438232422,0.11459832189296457,0.20461100109930355,0.14029674648714607,0.3184,1.5703517587939697
LR,9,194,174.7384033203125,496.47723388671875,0.14343424025847148,0.3928861795178936,0.2051853889300483,0.3184,1.5703517587939697
LR,38,195,174.17446899414062,860.8625068664551,0.20577743917249816,0.436562081372177,0.2428701408497495,0.3184,1.5703517587939697
LR,17,196,165.68350219726562,271.7208251953125,0.30022573678279424,0.5172813426813979,0.3118712656279383,0.3184,1.5703517587939697
LR,10,197,12.8486328125,216.30291748046875,0.11942221274382822,0.37214977333171434,0.20158649569204284,0.3184,1.5703517587939697
LR,48,198,11.1175537109375,689.3034057617188,0.3056639662237189,0.4434043051021807,0.31855164642955275,0.3184,1.5703517587939697
LR,35,199,14.51849365234375,409.8702850341797,0.10407700275792979,0.1970568389159264,0.13048687683111887,0.3184,1.5703517587939697
LR,42,200,11.846885681152344,374.47711181640625,0.0895482799714528,0.14074377783548864,0.14619989071951836,0.3184,1.5703517587939697
LR,50,201,6.095062255859375,316.0564880371094,0.12387928843044012,0.5324988538321123,0.2420898940858453,0.3184,1.5703517587939697
LR,37,202,172.64163208007812,574.5933074951172,0.2599675123800462,0.46713234565566814,0.27583642521740637,0.3184,1.5703517587939697
LR,1,203,169.66116333007812,565.6911544799805,0.192348587428491,0.4166935624063423,0.2353641882815629,0.3184,1.5703517587939697
LR,12,204,6.69720458984375,343.67620849609375,0.31946687856442096,0.4262806491902367,0.3676260212673993,0.3184,1.5703517587939697
LR,52,205,166.16253662109375,636.1827850341797,0.10632470436858023,0.5153055828810149,0.21518048285929237,0.3184,1.5703517587939697
LR,20,206,166.89910888671875,339.74090576171875,0.14080997794323963,0.22035318817322888,0.18317653321882874,0.3184,1.5703517587939697
LR,34,207,172.99139404296875,720.541259765625,0.1239605519352695,0.21980013692770314,0.1627567746980609,0.3184,1.5703517587939697
LR,30,208,170.45578002929688,204.68338012695312,0.19790291550944936,0.23616092640855257,0.30025975570824537,0.3184,1.5703517587939697
LR,43,209,171.548583984375,622.3179168701172,0.21144474725053797,0.4911252763938048,0.26514728721333236,0.3184,1.5703517587939697
LR,42,210,5.55914306640625,957.4290390014648,0.238519637061136,0.5082746549724645,0.2767892520872732,0.3184,1.5703517587939697
LR,16,211,165.20568084716797,488.4120635986328,0.16796633686010778,0.43177084619240264,0.21859668654782416,0.3184,1.5703517587939697
LR,19,212,170.25662231445312,532.0404663085938,0.09988082440016965,0.1707565909947465,0.14753819155386974,0.3184,1.5703517587939697
LR,3,213,9.736724853515625,425.9526824951172,0.17927613941957365,0.45521247737133963,0.23143723031846736,0.3184,1.5703517587939697
LR,8,214,174.20294189453125,425.8575744628906,0.21197471862123782,0.4175748682753476,0.2409234535312478,0.3184,1.5703517587939697
LR,1,215,173.66060638427734,536.1230316162109,0.16214347045298783,0.5237720689580129,0.23257908362928853,0.3184,1.5703517587939697
LR,11,216,170.34393310546875,442.5605010986328,0.20895387637662885,0.4213673398153159,0.23651374341575065,0.3184,1.5703517587939697
LR,7,217,169.7861328125,809.9490013122559,0.11597600060740736,0.4133230301636877,0.1625268607473579,0.3184,1.5703517587939697
LR,34,218,170.40716552734375,646.4137191772461,0.23042313967920103,0.4697652421992293,0.26797987622978603,0.3184,1.5703517587939697
LR,29,219,7.22357177734375,536.3090591430664,0.22587205417572936,0.4510996605707629,0.2558599556611246,0.3184,1.5703517587939697
LR,23,220,167.177734375,766.4474868774414,0.14061977002416626,0.4246768342947797,0.18044402143950328,0.3184,1.5703517587939697
LR,27,221,13.423065185546875,686.6145401000977,0.23723973345998017,0.3785322701410253,0.22342891400851944,0.3184,1.5703517587939697
LR,49,222,10.859603881835938,264.25625801086426,0.23690463478534668,0.5651659879221426,0.30893361576543144,0.3184,1.5703517587939697
LR,41,223,166.20478057861328,568.1808929443359,0.10202657096115432,0.44860007489197784,0.15513501497978485,0.3184,1.5703517587939697
LR,9,224,174.39154052734375,792.8638076782227,0.23925761932843953,0.42105600071500865,0.2505203700873415,0.3184,1.5703517587939697
LR,8,225,7.721138000488281,239.36063766479492,0.11560844788046742,0.6089517804390115,0.26823770524938323,0.3184,1.5703517587939697
LR,36,226,169.28683471679688,364.98175621032715,0.19505472025766388,0.4671921337200815,0.26045805914042314,0.3184,1.5703517587939697
LR,36,227,11.310203552246094,665.4813690185547,0.2672826993509371,0.4692421364745572,0.33282808357371185,0.3184,1.5703517587939697
LR,52,228,5.65362548828125,470.20208740234375,0.12503187157542764,0.5638280797926921,0.19663721107876675,0.3184,1.5703517587939697
LR,16,229,5.88983154296875,762.8917274475098,0.21380473826118485,0.4864773285711657,0.251688077117596,0.3184,1.5703517587939697
LR,38,230,8.251922607421875,648.2442932128906,0.15365406802570938,0.5388338488694532,0.2102383140065934,0.3184,1.5703517587939697
LR,11,231,6.023193359375,320.9243469238281,0.1282239769347304,0.24165869047266356,0.17716168138659172,0.3184,1.5703517587939697
LR,55,232,168.68978881835938,290.6093521118164,0.3881066722884977,0.560336177154728,0.47543265564219384,0.3184,1.5703517587939697
LR,3,233,5.562400817871094,281.3438415527344,0.1748727600499562,0.44109516295166923,0.2552051198014837,0.3184,1.5703517587939697
LR,22,234,13.05108642578125,996.4072265625,0.163328697781356,0.4207670464020612,0.20713003670382485,0.3184,1.5703517587939697
LR,37,235,167.1240234375,389.70579528808594,0.1434574799656073,0.5956755135850405,0.24981635520124376,0.3184,1.5703517587939697
LR,41,236,173.404052734375,203.42785453796387,0.11494852656260342,0.1916160097826593,0.20661269378713348,0.3184,1.5703517587939697
LR,11,237,10.9483642578125,791.1406860351562,0.24383030663462382,0.5284951678786155,0.28581669422447836,0.3184,1.5703517587939697
LR,9,238,12.33978271484375,270.7830810546875,0.1455351329401539,0.4960471089437879,0.2472197149127717,0.3184,1.5703517587939697
LR,27,239,168.6105194091797,350.43707275390625,0.1217843297435377,0.28345495082339994,0.15554903432098513,0.3184,1.5703517587939697
LR,43,240,173.29094696044922,514.3366546630859,0.2978482539100509,0.5540272796042947,0.394925577504968,0.3184,1.5703517587939697
LR,35,241,8.24285888671875,584.4542694091797,0.2230510700174542,0.4313097832235397,0.2519203085959094,0.3184,1.5703517587939697
LR,47,242,10.634765625,682.5188140869141,0.3206690925587118,0.4660572824287575,0.3281640223160788,0.3184,1.5703517587939697
LR,24,243,8.266571044921875,238.90042114257812,0.09084518149191417,0.47019857567197815,0.18932955784558958,0.3184,1.5703517587939697
LR,39,244,173.90929412841797,252.066162109375,0.5213580223809019,0.6589305594534259,0.5661021671827559,0.3184,1.5703517587939697
LR,35,245,172.78336334228516,516.9809417724609,0.1694695745950174,0.47742784002964167,0.22528101069737605,0.3184,1.5703517587939697
LR,48,246,171.46978759765625,206.86647033691406,0.2377426309443792,0.363668478381091,0.2655116841037052,0.3184,1.5703517587939697
LR,53,247,11.007904052734375,433.0288391113281,0.20693400971743955,0.266739453873789,0.24627289932942656,0.3184,1.5703517587939697
LR,40,248,168.95889282226562,674.5491790771484,0.17059438712807917,0.5093262350757568,0.21957643828993892,0.3184,1.5703517587939697
LR,23,249,8.129486083984375,636.2317047119141,0.11610088949255987,0.2621506940818401,0.17088415259950487,0.3184,1.5703517587939697
LR,18,250,168.31820678710938,673.5949592590332,0.09558557532127679,0.33132124278575037,0.1478849852314189,0.3184,1.5703517587939697
LR,24,251,166.65435791015625,476.86907958984375,0.11380566699356745,0.1988740161161453,0.15003920029401105,0.3184,1.5703517587939697
LR,18,252,172.1853790283203,444.9536590576172,0.12241425602865139,0.2120829856095177,0.1599228613856244,0.3184,1.5703517587939697
LR,5,253,166.10736083984375,822.4712281227112,0.11969444726147696,0.41155190885251886,0.1674564548246204,0.3184,1.5703517587939697
LR,11,254,11.1922607421875,495.256103515625,0.08959651932788269,0.2954691508001911,0.17704513842772365,0.3184,1.5703517587939697
LR,17,255,171.66622924804688,965.4965209960938,0.14854342826056627,0.34293987246588165,0.17943970816811805,0.3184,1.5703517587939697
LR,42,256,168.22149658203125,431.1206512451172,0.2848773624659823,0.47840323854107497,0.294408819926635,0.3184,1.5703517587939697
LR,54,257,172.67098999023438,841.3556861877441,0.10854328382931805,0.3424031614710962,0.17248281480919667,0.3184,1.5703517587939697
LR,3,258,12.42669677734375,432.214111328125,0.08020493673936602,0.4774454446658496,0.1763212073522358,0.3184,1.5703517587939697
LR,15,259,9.83331298828125,268.50848388671875,0.2842692734795119,0.6213327732827337,0.3152568706297812,0.3184,1.5703517587939697
LR,43,260,172.3402099609375,893.6251678466797,0.10032767803261074,0.1552187641909492,0.15262845639100034,0.3184,1.5703517587939697
LR,10,261,174.3128204345703,592.3758316040039,0.2947279215770292,0.6263702670303016,0.4527239007097819,0.3184,1.5703517587939697
LR,45,262,168.68978881835938,310.10081481933594,0.12842341906749336,0.2903885780619775,0.1867855468362767,0.3184,1.5703517587939697
LR,10,263,10.68914794921875,614.7322940826416,0.16591023301197397,0.42889903547224756,0.21443589604796695,0.3184,1.5703517587939697
LR,32,264,169.16983032226562,563.7996215820312,0.09621178739557763,0.16003577405993538,0.1474679474989642,0.3184,1.5703517587939697
LR,20,265,174.58892822265625,886.2443084716797,0.10993324013301088,0.16492447278452171,0.22117169898373318,0.3184,1.5703517587939697
LR,13,266,170.60488891601562,785.1646270751953,0.14398203880010937,0.3482930930557885,0.18044633831370002,0.3184,1.5703517587939697
LR,10,267,170.53802490234375,946.4844436645508,0.15609869172292942,0.26272948306112454,0.17256174928878582,0.3184,1.5703517587939697
LR,55,268,165.27667236328125,656.0802917480469,0.20905072005120498,0.5074491268970664,0.26316025186197617,0.3184,1.5703517587939697
LR,8,269,174.94189453125,972.5773773193359,0.19272681329198485,0.2761038042085549,0.21208573384889068,0.3184,1.5703517587939697
LR,51,270,171.02783203125,374.67494201660156,0.1549996247996816,0.4747748287641512,0.27513126807566063,0.3184,1.5703517587939697
LR,48,271,173.33831787109375,900.7547187805176,0.23658257526856818,0.4596311112401446,0.271814374190257,0.3184,1.5703517587939697
LR,36,272,10.37579345703125,635.34033203125,0.1742186498286406,0.6555443763359758,0.28657854185914955,0.3184,1.5703517587939697
LR,53,273,9.461982727050781,349.56336975097656,0.12142033514970166,0.2762335741652567,0.14894476618310226,0.3184,1.5703517587939697
LR,51,274,169.82461547851562,812.9649505615234,0.17075712710851002,0.28637688581406096,0.1854767078416604,0.3184,1.5703517587939697
LR,6,275,12.42669677734375,290.69091796875,0.12910346100443798,0.2362582935827528,0.15569585192263466,0.3184,1.5703517587939697
LR,50,276,171.4169158935547,219.6186981201172,0.13465478548430954,0.44459217961010333,0.18657974678077588,0.3184,1.5703517587939697
LR,43,277,165.77859497070312,625.3507194519043,0.08650233449584893,0.134843331419631,0.1515081475243086,0.3184,1.5703517587939697
LR,1,278,14.5712890625,359.47930908203125,0.1381856965454288,0.21420270724018167,0.21428625603417525,0.3184,1.5703517587939697
LR,7,279,174.12063598632812,973.5629043579102,0.1819319547403481,0.2867881090910929,0.1965350532503948,0.3184,1.5703517587939697
LR,3,280,13.49700927734375,325.75272369384766,0.1677645250628293,0.44635780534151637,0.21982602958841105,0.3184,1.5703517587939697
LR,40,281,7.92626953125,568.5115814208984,0.10682601258894088,0.18026200324710615,0.1381383952117523,0.3184,1.5703517587939697
LR,20,282,171.18759155273438,454.64539337158203,0.1338181409321446,0.19460891093153784,0.18579677662010957,0.3184,1.5703517587939697
LR,4,283,173.31387329101562,497.66431427001953,0.2627087510853016,0.42830719115890653,0.2876893403991108,0.3184,1.5703517587939697
LR,34,284,8.814727783203125,571.9292144775391,0.17506465370929183,0.5538647029971508,0.2348167151636453,0.3184,1.5703517587939697
LR,4,285,9.491302490234375,316.13177490234375,0.1500090423316863,0.2231324365503603,0.18965177116627102,0.3184,1.5703517587939697
LR,46,286,8.73095703125,485.62586975097656,0.20131479861780982,0.41604794000680456,0.23721471227298105,0.3184,1.5703517587939697
LR,7,287,14.34161376953125,255.7164306640625,0.13131650283777194,0.42650863602406386,0.18812289754716413,0.3184,1.5703517587939697
LR,49,288,169.13137817382812,781.9885559082031,0.12775900833771353,0.30118022155918284,0.1674869095360699,0.3184,1.5703517587939697
LR,1,289,172.635986328125,495.5966148376465,0.20378744084561934,0.46418511139631347,0.2475443519797043,0.3184,1.5703517587939697
LR,6,290,173.20693969726562,950.3104858398438,0.15324992826852918,0.22926735524139943,0.19068633196412751,0.3184,1.5703517587939697
LR,10,291,166.52899169921875,217.11880493164062,0.22693068220626536,0.45545438207147615,0.3128985130486435,0.3184,1.5703517587939697
LR,26,292,10.986839294433594,749.7374801635742,0.18465716893871204,0.4847651254186318,0.227826896339801,0.3184,1.5703517587939697
LR,52,293,170.53802490234375,227.53837394714355,0.12269304399851866,0.516260053620654,0.29453720049677384,0.3184,1.5703517587939697
LR,26,294,172.66635131835938,404.84344482421875,0.15362662766338422,0.5591034750293168,0.21469285441562713,0.3184,1.5703517587939697
LR,24,295,168.85690307617188,311.49903869628906,0.1875524044535647,0.5535197709988879,0.25896255667577683,0.3184,1.5703517587939697
LR,43,296,8.36529541015625,573.8355712890625,0.21009094248283255,0.36869449916706815,0.2318841033190698,0.3184,1.5703517587939697
LR,18,297,7.796318054199219,338.39341735839844,0.16725917711408383,0.5256748301894977,0.24426268809996932,0.3184,1.5703517587939697
LR,51,298,168.6897964477539,742.3600158691406,0.11965915183477377,0.5271357281534009,0.21232173571547142,0.3184,1.5703517587939697
LR,21,299,14.860595703125,390.86485290527344,0.09439541229005217,0.4071992083968207,0.16440545828940706,0.3184,1.5703517587939697
LR,0,300,8.49383544921875,699.4801902770996,0.13401071476672521,0.47277702015715833,0.1932679569878115,0.3184,1.5703517587939697
LR,7,301,6.7392578125,958.473991394043,0.25910793854925,0.4655468591364204,0.3027680721040621,0.3184,1.5703517587939697
LR,11,302,10.06890869140625,657.7060699462891,0.14595979161626954,0.5015389792088701,0.2864603387061107,0.3184,1.5703517587939697
LR,5,303,173.3828125,870.450080871582,0.1718161840055262,0.4377488519399863,0.2064312595674361,0.3184,1.5703517587939697
LR,5,304,165.49447631835938,643.1559734344482,0.09732120074584888,0.2899534661417873,0.14127589693157802,0.3184,1.5703517587939697
LR,15,305,7.351654052734375,630.3267364501953,0.15551071496106486,0.26222637994121484,0.18656905792429815,0.3184,1.5703517587939697
LR,15,306,172.66635131835938,251.20997619628906,0.1135952457744775,0.6614204221468883,0.26708151332040775,0.3184,1.5703517587939697
LR,50,307,169.04580688476562,630.3262481689453,0.11616215068933713,0.2669668194888433,0.1588669668470531,0.3184,1.5703517587939697
LR,38,308,6.395782470703125,454.90018463134766,0.17049394379015995,0.4637098344414673,0.2284087113092476,0.3184,1.5703517587939697
LR,3,309,165.0225372314453,552.0283966064453,0.09920754791146424,0.40548206822637434,0.20593206805121678,0.3184,1.5703517587939697
LR,29,310,165.12509155273438,620.9202346801758,0.14053957191049998,0.45332050125033807,0.1892374227202425,0.3184,1.5703517587939697
LR,47,311,8.92352294921875,219.343017578125,0.31313895726791185,0.5678623248273845,0.315782865264787,0.3184,1.5703517587939697
LR,5,312,13.15203857421875,231.9205322265625,0.13663851229537605,0.615112284721023,0.2764802639150054,0.3184,1.5703517587939697
LR,47,313,166.41573333740234,679.2658462524414,0.18406468821120459,0.46363665536052445,0.22937893412055205,0.3184,1.5703517587939697
LR,47,314,170.62329864501953,591.6678161621094,0.12124867564933937,0.23574221698834175,0.17003483327856875,0.3184,1.5703517587939697
LR,37,315,5.99658203125,1011.4763946533203,0.236564987161225,0.47109809052673224,0.2859949341339657,0.3184,1.5703517587939697
LR,15,316,172.64835357666016,710.7336273193359,0.20833459792286885,0.28192214597516396,0.24153363269829586,0.3184,1.5703517587939697
LR,41,317,167.0462417602539,395.97125244140625,0.1309812207956499,0.4321993742628129,0.2035840004771388,0.3184,1.5703517587939697
LR,37,318,8.4083251953125,407.0561923980713,0.17329196490730386,0.4528939107557155,0.22466834386807988,0.3184,1.5703517587939697
LR,41,319,174.4239501953125,309.5406970977783,0.29543889295954895,0.4750700719673092,0.3557481855023984,0.3184,1.5703517587939697
LR,30,320,165.18173217773438,674.873046875,0.12358543539880171,0.20873200493121052,0.1573830229460496,0.3184,1.5703517587939697
LR,32,321,167.47039794921875,209.69266510009766,0.20088332510624102,0.2855424995934539,0.26847411226957424,0.3184,1.5703517587939697
LR,8,322,174.42218017578125,780.1856956481934,0.12110244109909499,0.3016792531363551,0.16295069065422896,0.3184,1.5703517587939697
LR,19,323,168.79898071289062,572.6492004394531,0.0948368594940302,0.34218385786897837,0.14253709171774992,0.3184,1.5703517587939697
LR,4,324,165.84893798828125,543.376220703125,0.09189009691832173,0.4391080640909168,0.20127695655851055,0.3184,1.5703517587939697
LR,45,325,171.68545532226562,353.8754301071167,0.21131935789648396,0.505393464279417,0.2730933768055653,0.3184,1.5703517587939697
LR,0,326,10.474205017089844,437.6505889892578,0.12753606459993289,0.21742697508475434,0.1669788363741915,0.3184,1.5703517587939697
LR,8,327,6.339393615722656,214.1212158203125,0.16667274322396355,0.616831250261036,0.43360785463421647,0.3184,1.5703517587939697
LR,8,328,5.598541259765625,226.86968994140625,0.1983706874668819,0.3461621761737029,0.24439746117816105,0.3184,1.5703517587939697
LR,25,329,171.607666015625,391.2391357421875,0.20829172157906495,0.5019214216717363,0.2590793746232529,0.3184,1.5703517587939697
LR,37,330,170.78369140625,243.79949951171875,0.08215674536262661,0.5752075649768496,0.24464783442070157,0.3184,1.5703517587939697
LR,14,331,170.91015625,387.1212615966797,0.29309249977638574,0.4094036367431463,0.3131697239173926,0.3184,1.5703517587939697
LR,45,332,10.175384521484375,208.51580810546875,0.3203479493444487,0.5500346353163178,0.3451189786459847,0.3184,1.5703517587939697
LR,44,333,167.97715759277344,567.3528594970703,0.13215060331730355,0.21371173374042662,0.1612770145198171,0.3184,1.5703517587939697
LR,6,334,7.8146209716796875,435.39092445373535,0.14848335422778233,0.3113746604982506,0.19646327995470167,0.3184,1.5703517587939697
LR,30,335,172.34298706054688,830.1593017578125,0.14459635377636124,0.2673931939438454,0.16295050536610692,0.3184,1.5703517587939697
LR,54,336,168.82186889648438,452.6775207519531,0.2046589948766476,0.3487237599927422,0.21979832276495348,0.3184,1.5703517587939697
LR,39,337,6.95220947265625,494.3603820800781,0.25069585959891866,0.4542085615094788,0.27498828232029754,0.3184,1.5703517587939697
LR,42,338,13.697235107421875,752.0075073242188,0.12651407551451205,0.42838042871091275,0.17135538319647156,0.3184,1.5703517587939697
LR,46,339,7.534355163574219,454.4227294921875,0.17493505599142983,0.3011262355497811,0.2089975482138598,0.3184,1.5703517587939697
LR,30,340,12.286598205566406,412.124454498291,0.16308233830268978,0.4886520657175495,0.2230736225254959,0.3184,1.5703517587939697
LR,49,341,173.11251831054688,792.5477142333984,0.16278570655450064,0.33744392469672324,0.1954875657092221,0.3184,1.5703517587939697
LR,4,342,173.25518798828125,976.2359466552734,0.1970529208238888,0.4221770467078815,0.2288786221934106,0.3184,1.5703517587939697
LR,33,343,168.1351089477539,503.1288146972656,0.16328730087897775,0.4954889247722663,0.23402848185368785,0.3184,1.5703517587939697
LR,14,344,8.19189453125,270.044677734375,0.36377004738284274,0.5942449936336086,0.41497121033994994,0.3184,1.5703517587939697
LR,14,345,11.938682556152344,310.5787048339844,0.30391229214796933,0.43107085982930243,0.28038870480305833,0.3184,1.5703517587939697
LR,20,346,172.3338851928711,340.0288372039795,0.16883450429811686,0.3070808354403753,0.19400463280412872,0.3184,1.5703517587939697
LR,9,347,168.16940307617188,844.1923446655273,0.11811875431117612,0.27034105252241025,0.14829006871719116,0.3184,1.5703517587939697
LR,33,348,10.12451171875,504.7783966064453,0.11139543226456385,0.3095320556441224,0.15344441274549891,0.3184,1.5703517587939697
LR,43,349,5.227386474609375,419.2533874511719,0.19222585891225538,0.43948458769663673,0.23660866325305627,0.3184,1.5703517587939697
LR,49,350,14.351028442382812,327.3617401123047,0.12594797228614651,0.4809372472731958,0.18263175197671214,0.3184,1.5703517587939697
LR,8,351,171.34799194335938,948.1504440307617,0.1454633849744672,0.2853692798750732,0.17391720260906796,0.3184,1.5703517587939697
LR,25,352,6.609161376953125,706.9056854248047,0.1312730297764506,0.2575190359979564,0.1542096436069118,0.3184,1.5703517587939697
LR,44,353,9.98162841796875,455.1661834716797,0.12519712822296553,0.22890524874380214,0.14550717988565418,0.3184,1.5703517587939697
LR,6,354,173.46038818359375,974.8607025146484,0.1555176488495722,0.24828633030279268,0.18047626525542879,0.3184,1.5703517587939697
LR,53,355,6.9237213134765625,499.0106325149536,0.219139361019277,0.4791590893645597,0.26106198337763076,0.3184,1.5703517587939697
LR,30,356,8.70684814453125,548.5123596191406,0.08853509814572388,0.13544834258884195,0.13615230802861789,0.3184,1.5703517587939697
LR,41,357,174.44085693359375,494.8417205810547,0.13207425305986728,0.5088360733902227,0.23045867012581367,0.3184,1.5703517587939697
LR,44,358,165.35076904296875,220.4340705871582,0.18074860024260334,0.28854445326239025,0.23149308226813217,0.3184,1.5703517587939697
LR,6,359,6.9521942138671875,671.3690853118896,0.37307553871042787,0.47933635808597264,0.5017917945066651,0.3184,1.5703517587939697
LR,43,360,5.193634033203125,262.1533203125,0.13674616032783402,0.6888771790146895,0.5540885378773673,0.3184,1.5703517587939697
LR,44,361,9.903968811035156,421.2367248535156,0.16611597622055907,0.569150088055205,0.24362927956416336,0.3184,1.5703517587939697
LR,39,362,8.97216796875,342.5110626220703,0.1711453167958647,0.5414893817505669,0.25139102262411916,0.3184,1.5703517587939697
LR,31,363,8.88653564453125,306.6202087402344,0.18118723419924132,0.6621543129777183,0.37119646147639324,0.3184,1.5703517587939697
LR,16,364,167.35834503173828,210.2294921875,0.12157096463516508,0.4824022766153519,0.2151813051179131,0.3184,1.5703517587939697
LR,2,365,9.877616882324219,262.5532569885254,0.15954964767024085,0.6150614138042402,0.2846702994844035,0.3184,1.5703517587939697
LR,40,366,172.19427490234375,508.02423095703125,0.24570713082674212,0.38415518795988685,0.2650087056232205,0.3184,1.5703517587939697
LR,20,367,171.5142822265625,649.7508020401001,0.1422279370629502,0.5481138585992604,0.22541757496703985,0.3184,1.5703517587939697
LR,25,368,7.484321594238281,403.9821472167969,0.3167308938974261,0.5433091154296016,0.31443607931761114,0.3184,1.5703517587939697
LR,33,369,174.75897216796875,302.98059844970703,0.21168603591928029,0.6060661282063703,0.28564422284226604,0.3184,1.5703517587939697
LR,44,370,8.0584716796875,1009.3743591308594,0.1450009802911616,0.41105281317328524,0.19622745373142872,0.3184,1.5703517587939697
LR,43,371,12.995628356933594,246.22901916503906,0.1092330258350811,0.18270312122238244,0.13317381476142814,0.3184,1.5703517587939697
LR,12,372,11.238372802734375,941.1562271118164,0.1630533604474802,0.43264672902595536,0.20278916518113255,0.3184,1.5703517587939697
LR,55,373,169.5240478515625,343.8526611328125,0.28076886634528603,0.5520129689559834,0.3194210356656212,0.3184,1.5703517587939697
LR,51,374,168.0552978515625,202.5004653930664,0.13948185007682537,0.623284644636246,0.2849728552882423,0.3184,1.5703517587939697
LR,33,375,172.00714111328125,782.5412216186523,0.15303524784145955,0.3257286481555043,0.193859601848263,0.3184,1.5703517587939697
LR,13,376,7.29345703125,728.5203189849854,0.22478317074319284,0.4783217705829033,0.25646072116239044,0.3184,1.5703517587939697
LR,18,377,7.649955749511719,221.40863037109375,0.15367333533853744,0.5944057421599109,0.2441158004038145,0.3184,1.5703517587939697
LR,51,378,171.21359252929688,799.5502853393555,0.11684179800098274,0.4511044031566648,0.21640904212196785,0.3184,1.5703517587939697
LR,45,379,8.9012451171875,358.30058097839355,0.24805750723977593,0.5408942515591877,0.29526012943064256,0.3184,1.5703517587939697
LR,25,380,14.03778076171875,567.1495971679688,0.1335530702242572,0.41981180954829983,0.18927451402938442,0.3184,1.5703517587939697
LR,27,381,174.9634246826172,530.3946151733398,0.15222816111281526,0.241541378939371,0.17361826458319918,0.3184,1.5703517587939697
LR,34,382,171.607666015625,805.4652557373047,0.14677943270295132,0.23841197605467748,0.17420782233469495,0.3184,1.5703517587939697
LR,5,383,6.5619049072265625,211.50558471679688,0.12246022334753881,0.5374363834100228,0.24884372206044883,0.3184,1.5703517587939697
LR,16,384,167.00436401367188,222.2639617919922,0.3121000491156049,0.5573497716771562,0.3653032846575376,0.3184,1.5703517587939697
LR,22,385,174.3111572265625,826.0921993255615,0.1637101476521637,0.27521452892346554,0.18931175993691512,0.3184,1.5703517587939697
LR,24,386,12.26544189453125,279.548583984375,0.12063412862931888,0.21052971202622187,0.1493949192175037,0.3184,1.5703517587939697
LR,2,387,173.8852996826172,544.7146110534668,0.2379644585936631,0.3425733695679359,0.3001995967498722,0.3184,1.5703517587939697
LR,26,388,169.62420654296875,636.796516418457,0.1027446808536032,0.3412478014964786,0.1584425440433281,0.3184,1.5703517587939697
LR,19,389,10.465301513671875,623.3971176147461,0.1616025394036519,0.3830969813464459,0.19785955288326915,0.3184,1.5703517587939697
LR,27,390,14.316505432128906,525.0301666259766,0.19798539683434657,0.4144968761127408,0.24186262099468894,0.3184,1.5703517587939697
LR,45,391,167.9046630859375,306.3506393432617,0.12417740750961216,0.2687695197025778,0.18467173255094763,0.3184,1.5703517587939697
LR,16,392,174.8553466796875,862.5484886169434,0.19701469068573876,0.28374827139325787,0.23180382271876718,0.3184,1.5703517587939697
LR,11,393,5.225128173828125,320.0552978515625,0.34599100208469946,0.4442985563129409,0.43146952311392267,0.3184,1.5703517587939697
LR,2,394,168.77395629882812,672.5015258789062,0.13683399189099854,0.4692766997364997,0.22148729110014853,0.3184,1.5703517587939697
LR,50,395,13.2138671875,244.47801208496094,0.3204600308406956,0.38548524744496754,0.3280335811691497,0.3184,1.5703517587939697
LR,26,396,167.5167236328125,445.5137481689453,0.125058423557144,0.32640852947531296,0.1766119337378256,0.3184,1.5703517587939697
LR,46,397,173.9418182373047,270.01723289489746,0.13280898864012883,0.2790712372211676,0.16991232310468163,0.3184,1.5703517587939697
LR,22,398,167.21563720703125,316.1444396972656,0.19354394162687188,0.5115869831772347,0.24508913341849242,0.3184,1.5703517587939697
LR,8,399,7.41619873046875,1028.0850372314453,0.18596523954761282,0.268689039840891,0.20269147970869117,0.3184,1.5703517587939697
LR,33,400,13.080169677734375,520.3115386962891,0.15303091773851157,0.5308106690671854,0.20554583549416872,0.3184,1.5703517587939697
LR,49,401,7.31829833984375,559.3322410583496,0.13229334840086382,0.25651485844813304,0.15931008143792466,0.3184,1.5703517587939697
LR,33,402,9.85626220703125,540.8072814941406,0.10287146800745262,0.45123906732221036,0.17319753104304217,0.3184,1.5703517587939697
LR,24,403,6.91046142578125,562.9421691894531,0.19536411796432748,0.35081200109690475,0.21337550614402034,0.3184,1.5703517587939697
LR,38,404,6.49273681640625,620.6876525878906,0.17170118398429998,0.3673696264123728,0.22471433825484927,0.3184,1.5703517587939697
LR,26,405,166.00955963134766,383.7777099609375,0.13899098833325044,0.3098891092055295,0.17325639892741165,0.3184,1.5703517587939697
LR,1,406,7.08917236328125,245.64068603515625,0.318208683915698,0.4464984927929756,0.3219187228891218,0.3184,1.5703517587939697
LR,48,407,174.96475219726562,970.7552795410156,0.1461792571872703,0.34404689341577493,0.18444591462560597,0.3184,1.5703517587939697
LR,18,408,11.310211181640625,540.1398315429688,0.13817101448194746,0.22223806890463074,0.1741342526127222,0.3184,1.5703517587939697
LR,43,409,9.637252807617188,837.4500579833984,0.1461103442795962,0.40288893173369517,0.19528592342274706,0.3184,1.5703517587939697
LR,37,410,171.76251220703125,805.6873874664307,0.15550974396987605,0.36015682882367184,0.19290973078618912,0.3184,1.5703517587939697
LR,35,411,14.231231689453125,368.92962646484375,0.09859716691802445,0.1639812640653883,0.13406573872825037,0.3184,1.5703517587939697
LR,20,412,173.71014404296875,492.60499572753906,0.15462987102730122,0.45486372250218965,0.20061462598264304,0.3184,1.5703517587939697
LR,36,413,11.570343017578125,453.72911071777344,0.09496376050419932,0.14712626153269154,0.12776337396315454,0.3184,1.5703517587939697
LR,40,414,12.5059814453125,412.852294921875,0.20435665327123462,0.5932646127612711,0.2580852968199522,0.3184,1.5703517587939697
LR,38,415,172.68798828125,942.8852844238281,0.12370594488020807,0.19401144164554698,0.1556495802420995,0.3184,1.5703517587939697
LR,52,416,7.68328857421875,929.2142105102539,0.1656220360346234,0.4161055127146282,0.21098957993605957,0.3184,1.5703517587939697
LR,43,417,10.469146728515625,377.26678466796875,0.26348257339467834,0.37654038019054575,0.27369286793022474,0.3184,1.5703517587939697
LR,32,418,11.698150634765625,507.57603454589844,0.13390187889435895,0.3382401244701273,0.17732738420368743,0.3184,1.5703517587939697
LR,17,419,9.553977966308594,279.4747314453125,0.3650188430791639,0.631755558213364,0.4455139989931008,0.3184,1.5703517587939697
LR,35,420,9.381149291992188,271.8958811759949,0.16238278621094623,0.651754045910599,0.27690935909065584,0.3184,1.5703517587939697
LR,49,421,8.3250732421875,246.13882446289062,0.19035660483493388,0.4160187775413686,0.24367806773355835,0.3184,1.5703517587939697
LR,34,422,13.926239013671875,389.8376770019531,0.09208552977715943,0.14220043228095333,0.14977111551051528,0.3184,1.5703517587939697
LR,5,423,14.28277587890625,210.805908203125,0.08761278323604413,0.5834398642393273,0.24083379501795968,0.3184,1.5703517587939697
LR,28,424,173.24169921875,372.7667236328125,0.31764222435205014,0.45107441714854424,0.3778166621847373,0.3184,1.5703517587939697
LR,42,425,173.2647705078125,711.8200531005859,0.11721232595764391,0.23518190246316542,0.16214108009834619,0.3184,1.5703517587939697
LR,12,426,165.1078338623047,230.55426025390625,0.2696676846721932,0.43425810136867027,0.2806847403668263,0.3184,1.5703517587939697
LR,38,427,9.94036865234375,402.64710998535156,0.08051218064905145,0.11564281930970827,0.2306720446325761,0.3184,1.5703517587939697
LR,9,428,8.727783203125,555.6526031494141,0.14271535889673148,0.4053029167457206,0.19084030546380645,0.3184,1.5703517587939697
LR,52,429,169.93109130859375,276.14288330078125,0.1445539055994573,0.5970765971767962,0.257423166421469,0.3184,1.5703517587939697
LR,2,430,13.30792236328125,326.6063537597656,0.1633192829951508,0.4130579668869091,0.212768561641725,0.3184,1.5703517587939697
LR,4,431,173.71014404296875,222.44505310058594,0.20977084183284128,0.3210150753952767,0.2693541974032776,0.3184,1.5703517587939697
LR,28,432,5.12237548828125,908.3433418273926,0.31494685775171594,0.4663611577770377,0.33963138560354206,0.3184,1.5703517587939697
LR,48,433,7.8526458740234375,317.4482116699219,0.10596247315870269,0.5486179641619142,0.17829781945727233,0.3184,1.5703517587939697
LR,44,434,170.62826538085938,565.283203125,0.20178090976622193,0.3051716554775291,0.22919928579681964,0.3184,1.5703517587939697
LR,48,435,10.175384521484375,416.4143371582031,0.19044787903362959,0.5823186872307009,0.2603648923484423,0.3184,1.5703517587939697
LR,24,436,172.2559814453125,763.1239242553711,0.1267461799057771,0.3065155443203174,0.16314081512150982,0.3184,1.5703517587939697
LR,13,437,165.73383331298828,358.1980895996094,0.15392613934674498,0.3468476972917786,0.20535520890383227,0.3184,1.5703517587939697
LR,39,438,7.673789978027344,472.7041015625,0.1509648430349243,0.5135294135619332,0.21664094276979823,0.3184,1.5703517587939697
LR,54,439,11.984519958496094,753.2927398681641,0.17352998639399947,0.32218131882325435,0.19894335790826947,0.3184,1.5703517587939697
LR,19,440,10.74383544921875,714.0296020507812,0.13167122330520523,0.4262716774244699,0.24552877447942456,0.3184,1.5703517587939697
LR,40,441,174.52938842773438,303.24153900146484,0.30654518310094503,0.513393041208645,0.3708857846861029,0.3184,1.5703517587939697
LR,36,442,168.59909057617188,694.5879974365234,0.11783274493364654,0.4686177868264601,0.1831705139563757,0.3184,1.5703517587939697
LR,23,443,171.44500732421875,849.0226383209229,0.24331470576369596,0.4881210513378931,0.2778057598709037,0.3184,1.5703517587939697
LR,29,444,14.09326171875,537.4550094604492,0.11648838067313806,0.37450847865824627,0.17622369330412088,0.3184,1.5703517587939697
LR,40,445,14.810302734375,487.26490783691406,0.08968582538702242,0.1410537964952109,0.13900694355369933,0.3184,1.5703517587939697
LR,44,446,8.70684814453125,730.7898864746094,0.30623129990795056,0.4707616144259002,0.32011072069430674,0.3184,1.5703517587939697
LR,4,447,168.89923095703125,627.757698059082,0.20067482580953522,0.5669241784178892,0.2683151915814631,0.3184,1.5703517587939697
LR,24,448,173.66061401367188,276.50045013427734,0.28157121578520095,0.6000887945284238,0.32744209630578347,0.3184,1.5703517587939697
LR,51,449,171.5916748046875,363.0058249235153,0.20603385133988542,0.591969270055107,0.2758026187994623,0.3184,1.5703517587939697
LR,47,450,169.38031005859375,778.489990234375,0.1533291292868211,0.3148291388030266,0.18861966004554795,0.3184,1.5703517587939697
LR,21,451,169.90264892578125,604.0497894287109,0.10739751963569191,0.18134300620481753,0.13372998735184494,0.3184,1.5703517587939697
LR,21,452,6.44873046875,746.5234985351562,0.17287630574169321,0.4120912151381654,0.21763683480400856,0.3184,1.5703517587939697
LR,5,453,13.03021240234375,313.36143493652344,0.13772897161246136,0.4133332213808708,0.18400469825929347,0.3184,1.5703517587939697
LR,21,454,171.4169158935547,417.9484558105469,0.15162138665251748,0.26706007853888364,0.19087208576806847,0.3184,1.5703517587939697
LR,46,455,169.1143798828125,207.39129638671875,0.19705255902548124,0.2765634759219161,0.23251399814035267,0.3184,1.5703517587939697
LR,27,456,13.757598876953125,226.70651245117188,0.09654131426673075,0.1587111952029569,0.1465475540085414,0.3184,1.5703517587939697
LR,45,457,10.243980407714844,388.75897121429443,0.17667163174076256,0.4747886905411357,0.24920906692194822,0.3184,1.5703517587939697
LR,30,458,13.289794921875,726.7355155944824,0.23770826196116357,0.3572593613205868,0.22701315075083173,0.3184,1.5703517587939697
LR,3,459,5.598533630371094,629.5168075561523,0.41630420049946365,0.5133483316766209,0.6639767280515357,0.3184,1.5703517587939697
LR,27,460,5.68719482421875,272.52362060546875,0.469970704557244,0.6192746671055054,0.4700641943371686,0.3184,1.5703517587939697
LR,3,461,6.72357177734375,581.0814819335938,0.1363948317847881,0.39610891785174673,0.1862062283783704,0.3184,1.5703517587939697
LR,15,462,12.5921630859375,718.5124206542969,0.17572436988922932,0.35264587860819774,0.2016600613421415,0.3184,1.5703517587939697
LR,1,463,7.711212158203125,671.1634526252747,0.1990482495672184,0.4706939582428009,0.2208067835671221,0.3184,1.5703517587939697
LR,45,464,172.26034545898438,223.97702026367188,0.17406305688204196,0.4361812208795915,0.25636304059305104,0.3184,1.5703517587939697
LR,6,465,11.878509521484375,407.25791931152344,0.14216026019355638,0.3894389618789702,0.20895363446475157,0.3184,1.5703517587939697
LR,27,466,170.77303314208984,360.7406921386719,0.11186755243758724,0.1915496934916703,0.14195619736174922,0.3184,1.5703517587939697
LR,11,467,167.14341735839844,471.5423583984375,0.2254188328552311,0.5453929718642678,0.2681334255047449,0.3184,1.5703517587939697
LR,9,468,174.94696044921875,983.4560165405273,0.20169948814978567,0.3098527491233343,0.22042142041302676,0.3184,1.5703517587939697
LR,52,469,5.623809814453125,957.8170852661133,0.16292824074162043,0.4717676564902181,0.21464518972355665,0.3184,1.5703517587939697
LR,28,470,166.27154541015625,525.9035720825195,0.11546707690312243,0.19368825824752683,0.13416700261673645,0.3184,1.5703517587939697
LR,51,471,9.161933898925781,359.99842262268066,0.21589542291878036,0.5329992440896615,0.2737332827669504,0.3184,1.5703517587939697
LR,30,472,167.66021728515625,329.9839172363281,0.10996194562855093,0.3796439084809136,0.1829026998118239,0.3184,1.5703517587939697
LR,23,473,173.87830352783203,450.2413330078125,0.12247980603056433,0.21173601885546894,0.1442703631966112,0.3184,1.5703517587939697
LR,47,474,11.952415466308594,288.16534423828125,0.10910544620192536,0.18162433554700938,0.1329888657803176,0.3184,1.5703517587939697
LR,28,475,6.417991638183594,346.5311813354492,0.2368315967604024,0.40443821825755016,0.2764288386680077,0.3184,1.5703517587939697
LR,17,476,174.2213134765625,777.3294372558594,0.17130316034583068,0.37345421611010726,0.20755273094345733,0.3184,1.5703517587939697
LR,6,477,9.540069580078125,245.10995483398438,0.11872875249201051,0.24090974558247674,0.16767991427509488,0.3184,1.5703517587939697
LR,11,478,165.92147827148438,694.6103973388672,0.1002623757427989,0.16949348396341235,0.1603980778724002,0.3184,1.5703517587939697
LR,25,479,165.74131774902344,404.0953826904297,0.16667536078866885,0.4227861434437646,0.22088042358212365,0.3184,1.5703517587939697
LR,37,480,13.904151916503906,434.4918899536133,0.20032704577130095,0.33107943721459365,0.23117030860273768,0.3184,1.5703517587939697
LR,44,481,166.82635498046875,538.1062316894531,0.10639558900233155,0.18912269228003448,0.1327123668440079,0.3184,1.5703517587939697
LR,42,482,13.87896728515625,447.2590637207031,0.15373685508415813,0.5203909210476987,0.2509407288151343,0.3184,1.5703517587939697
LR,31,483,6.6317138671875,914.9973735809326,0.251545353618871,0.5119348826163038,0.28771737531764047,0.3184,1.5703517587939697
LR,45,484,9.83880615234375,516.0484352111816,0.14778264097636584,0.24740143805311035,0.18180575401161078,0.3184,1.5703517587939697
LR,42,485,165.0163345336914,209.20721435546875,0.22524457549882146,0.43930987311222824,0.25467164531237724,0.3184,1.5703517587939697
LR,16,486,167.14096069335938,659.6837158203125,0.09744572223684225,0.15773021699945153,0.13551844443696406,0.3184,1.5703517587939697
LR,29,487,11.2359619140625,411.9999084472656,0.1675654038743657,0.48924806437084467,0.24271101919587282,0.3184,1.5703517587939697
LR,37,488,172.59127807617188,258.53558349609375,0.3641619401638068,0.5372356629432372,0.36239394858765894,0.3184,1.5703517587939697
LR,12,489,10.116302490234375,979.2644500732422,0.17496376785325793,0.39109693706466453,0.20129284149190158,0.3184,1.5703517587939697
LR,1,490,174.35256958007812,943.5529937744141,0.1682799113154993,0.2886482551897479,0.1874629212943089,0.3184,1.5703517587939697
LR,7,491,6.2898712158203125,236.66998291015625,0.21231196942169941,0.6349456672150369,0.4112254180970913,0.3184,1.5703517587939697
LR,14,492,165.13941955566406,348.67618560791016,0.17825264944621863,0.30748589148735384,0.1963785525901469,0.3184,1.5703517587939697
LR,10,493,174.61148071289062,760.3414611816406,0.11454171752491116,0.32292226045876504,0.15232985575081764,0.3184,1.5703517587939697
LR,40,494,167.79022216796875,200.80572509765625,0.1288314473602728,0.5636793247289397,0.2376658649331806,0.3184,1.5703517587939697
LR,7,495,12.704902648925781,235.56595611572266,0.1461005357884781,0.6420461170803612,0.2689788736203258,0.3184,1.5703517587939697
LR,48,496,172.8489227294922,489.6642074584961,0.17189562642356124,0.46280227570150495,0.22868559164918728,0.3184,1.5703517587939697
LR,55,497,170.81649017333984,243.21734619140625,0.2027237938986884,0.7256241172363763,0.3359241280799068,0.3184,1.5703517587939697
LR,22,498,12.725250244140625,1163.4683227539062,0.12273463915666909,0.1865196302734604,0.16566472102204444,0.3184,1.5703517587939697
LR,29,499,167.931640625,297.29522705078125,0.2707523914411543,0.3422233289803385,0.25547423619448417,0.3184,1.5703517587939697
LR,23,500,172.1651611328125,688.1389465332031,0.12140390667157396,0.37631742359397713,0.16766269776176548,0.3184,1.5703517587939697
LR,19,501,170.76708984375,625.9999237060547,0.0969670477126276,0.14807886958690755,0.1457949153033686,0.3184,1.5703517587939697
LR,33,502,165.4200439453125,339.06182861328125,0.13067611110005956,0.2344058398045324,0.17146794022411183,0.3184,1.5703517587939697
LR,14,503,171.59503173828125,723.3096008300781,0.16958985377470276,0.3956374384994934,0.207253172467387,0.3184,1.5703517587939697
LR,42,504,13.368133544921875,456.7694396972656,0.11601415766275472,0.3371072001736521,0.17404680822200996,0.3184,1.5703517587939697
LR,33,505,168.61053466796875,444.8778977394104,0.1443976864098809,0.2657384825117181,0.18133814269939327,0.3184,1.5703517587939697
LR,46,506,167.9217529296875,354.11137104034424,0.21087698215167378,0.4966267952271642,0.2563841724225143,0.3184,1.5703517587939697
LR,48,507,12.33978271484375,255.31163024902344,0.14488172734076524,0.5723265072632195,0.2795605657534614,0.3184,1.5703517587939697
LR,32,508,10.185028076171875,296.0499572753906,0.18515132025242534,0.41291451302203314,0.25079188123073665,0.3184,1.5703517587939697
LR,26,509,172.04312133789062,964.461181640625,0.17139956011757038,0.4700991451891377,0.21147613765145049,0.3184,1.5703517587939697
LR,2,510,170.90048217773438,382.61737060546875,0.23566344881478865,0.4572145743124535,0.2678897979549859,0.3184,1.5703517587939697
LR,44,511,168.40744018554688,317.48362731933594,0.3010348517029738,0.42678073895351765,0.3027359633933747,0.3184,1.5703517587939697
LR,19,512,9.461982727050781,634.2749328613281,0.33771572174604947,0.46552792309435015,0.45511026794554876,0.3184,1.5703517587939697
LR,18,513,169.41436767578125,552.0276565551758,0.09665720551852924,0.4345413803952759,0.1634589578821102,0.3184,1.5703517587939697
LR,15,514,10.607452392578125,712.6719055175781,0.29973076760376566,0.416511838787668,0.27480040225828134,0.3184,1.5703517587939697
LR,44,515,7.79632568359375,552.2422637939453,0.12276373747550905,0.23865079243085813,0.14559290772794423,0.3184,1.5703517587939697
LR,39,516,174.90338897705078,236.65628051757812,0.40368141822534637,0.6670421347140338,0.5805460090866733,0.3184,1.5703517587939697
LR,22,517,11.681793212890625,490.2716064453125,0.09965457532787045,0.4004729713076062,0.16097004349696717,0.3184,1.5703517587939697
LR,48,518,168.99630737304688,692.6876077651978,0.08799080058301723,0.1354836704791734,0.13685858509140406,0.3184,1.5703517587939697
LR,6,519,13.03021240234375,284.6123962402344,0.09873308764462069,0.1671849847805406,0.12983691236106792,0.3184,1.5703517587939697
LR,34,520,8.51885986328125,386.2810516357422,0.10386759551025271,0.19030827667914807,0.13699121170497044,0.3184,1.5703517587939697
LR,25,521,168.6897964477539,571.037109375,0.16959386705625845,0.4370469202847236,0.22208958014072144,0.3184,1.5703517587939697
LR,14,522,171.5294189453125,243.3957061767578,0.2921508367345546,0.6086606743198102,0.3558664997714671,0.3184,1.5703517587939697
LR,19,523,165.8983154296875,308.0879821777344,0.1924509635712544,0.6555198027419863,0.2637147276206391,0.3184,1.5703517587939697
LR,10,524,9.210624694824219,210.76781463623047,0.2893532152649508,0.6502311519861343,0.3647490958753027,0.3184,1.5703517587939697
LR,17,525,13.93927001953125,364.77125549316406,0.09738974234242462,0.15821104415910173,0.1203366303311508,0.3184,1.5703517587939697
LR,7,526,173.1370849609375,742.0706024169922,0.13674401025917213,0.29897977534886233,0.17020691279253466,0.3184,1.5703517587939697
LR,9,527,167.75973510742188,868.0470218658447,0.17397208280095552,0.38215769121003546,0.20096529038566316,0.3184,1.5703517587939697
LR,29,528,168.8601303100586,389.27272033691406,0.19873918260394796,0.5352192800779829,0.27243541412084976,0.3184,1.5703517587939697
LR,13,529,12.71337890625,391.99365234375,0.12744265730893425,0.37239840475439534,0.17550876369607712,0.3184,1.5703517587939697
LR,15,530,6.573066711425781,475.8973731994629,0.28401677984852025,0.518155841768259,0.32514592315114277,0.3184,1.5703517587939697
LR,1,531,12.40362548828125,361.6955375671387,0.19450409504756605,0.5931071209160023,0.25773439138084087,0.3184,1.5703517587939697
LR,31,532,174.49343872070312,1023.9397277832031,0.18018268136792312,0.2854606396699286,0.19612409936480021,0.3184,1.5703517587939697
LR,12,533,9.986068725585938,333.876220703125,0.19486953654628733,0.5323234161551658,0.25051821416785625,0.3184,1.5703517587939697
LR,55,534,8.330780029296875,726.4877338409424,0.1181558196611257,0.19692966418876748,0.1425158957116382,0.3184,1.5703517587939697
LR,15,535,165.79983520507812,533.4719085693359,0.09713590459306025,0.4959260408799964,0.1862812830918141,0.3184,1.5703517587939697
LR,35,536,11.864898681640625,467.52406311035156,0.12062654338826803,0.34048418031381206,0.16633113639027122,0.3184,1.5703517587939697
LR,19,537,9.359825134277344,275.8150634765625,0.08458934669720432,0.3166655490623973,0.16971812859576596,0.3184,1.5703517587939697
LR,31,538,12.491180419921875,574.7094116210938,0.18716510937000091,0.4563703152371357,0.2239975046729202,0.3184,1.5703517587939697
LR,31,539,12.479843139648438,443.7753372192383,0.20062733018184797,0.4244233545206046,0.2367236452680766,0.3184,1.5703517587939697
LR,39,540,11.046478271484375,605.9648208618164,0.10332740461899768,0.5352600128549612,0.18126867596824303,0.3184,1.5703517587939697
LR,6,541,13.60186767578125,543.4219360351562,0.1451821449690832,0.36023009593192057,0.18650465130146024,0.3184,1.5703517587939697
LR,8,542,5.062835693359375,535.0154113769531,0.2018522442278139,0.5310343944379711,0.2630215815190066,0.3184,1.5703517587939697
LR,32,543,170.623291015625,703.7905120849609,0.13424398095342904,0.3646855506904521,0.18814385145386991,0.3184,1.5703517587939697
LR,38,544,166.38895416259766,621.8292388916016,0.14384714046227304,0.39723234238194854,0.19194475019494303,0.3184,1.5703517587939697
LR,40,545,10.140655517578125,674.2204155921936,0.1414108620013269,0.5126136946417492,0.22737076666408487,0.3184,1.5703517587939697
LR,39,546,9.08984375,620.3730773925781,0.11164794501144787,0.48532064223106924,0.26012138693919423,0.3184,1.5703517587939697
LR,1,547,173.48550415039062,1004.4345703125,0.1558195194365784,0.24710953440595748,0.1783537676636974,0.3184,1.5703517587939697
LR,44,548,10.030029296875,940.1616973876953,0.16085526369104663,0.39624999721073434,0.21813417178369246,0.3184,1.5703517587939697
LR,41,549,11.586669921875,442.56346130371094,0.10095881238356236,0.3164654633216204,0.15152766725370367,0.3184,1.5703517587939697
LR,26,550,173.82400512695312,396.1476516723633,0.2126908117679394,0.47833110859830624,0.2795121204669967,0.3184,1.5703517587939697
LR,35,551,7.772605895996094,472.0298538208008,0.1478882125738424,0.49559899917773675,0.21106797103255479,0.3184,1.5703517587939697
LR,43,552,14.960655212402344,654.937744140625,0.1437243062668849,0.36812117867675975,0.1852905645946018,0.3184,1.5703517587939697
LR,36,553,171.02783203125,547.5170288085938,0.0843924019299079,0.24218499877568586,0.1502340717252082,0.3184,1.5703517587939697
LR,40,554,170.50008392333984,482.52996826171875,0.16317302172130466,0.49212980559709674,0.2283658308735183,0.3184,1.5703517587939697
LR,25,555,7.495147705078125,887.8159065246582,0.24282023314745363,0.4768236299437583,0.27057162364814014,0.3184,1.5703517587939697
LR,0,556,174.26019287109375,999.1504974365234,0.17214510830145188,0.26285174404775624,0.18817837447308713,0.3184,1.5703517587939697
LR,16,557,170.4287109375,783.8324851989746,0.12120968426699096,0.39019100254241734,0.17206620284823157,0.3184,1.5703517587939697
LR,18,558,6.5618896484375,228.9699249267578,0.1903249260410792,0.47661005199192386,0.28357098033291495,0.3184,1.5703517587939697
LR,31,559,174.4554901123047,594.0289154052734,0.2506202429044947,0.5626630145080707,0.29455783910531796,0.3184,1.5703517587939697
LR,22,560,167.36578369140625,634.9163208007812,0.12241119176594742,0.39529676272054853,0.17823058478151133,0.3184,1.5703517587939697
LR,11,561,172.01577758789062,316.9630813598633,0.1908261722385777,0.4377089550187554,0.2385154355255938,0.3184,1.5703517587939697
LR,52,562,165.49806213378906,365.29407119750977,0.13115088537021963,0.44721152035096906,0.19486869153288303,0.3184,1.5703517587939697
LR,12,563,8.577171325683594,280.8143615722656,0.17425631886565435,0.4986946539737476,0.21426271873404848,0.3184,1.5703517587939697
LR,32,564,171.37615966796875,970.1556396484375,0.13428404478039072,0.22488984615781812,0.16111800184605737,0.3184,1.5703517587939697
LR,1,565,174.5837860107422,537.7602844238281,0.1590465293797802,0.5645380485270299,0.2342385733130932,0.3184,1.5703517587939697
LR,53,566,167.10528564453125,683.8062267303467,0.12184979619043922,0.246212027294188,0.15411329143827837,0.3184,1.5703517587939697
LR,29,567,173.27642822265625,772.0921249389648,0.16554885438337735,0.35752823560809993,0.1989497544096438,0.3184,1.5703517587939697
LR,22,568,7.40301513671875,648.1842346191406,0.10755984667356878,0.27329804407940295,0.1704611339389133,0.3184,1.5703517587939697
LR,8,569,12.160224914550781,256.5132141113281,0.1472754548570603,0.6524862365652112,0.3129940930922664,0.3184,1.5703517587939697
LR,25,570,170.97283172607422,550.8570251464844,0.17062649827962587,0.28764756374147754,0.19195495726916847,0.3184,1.5703517587939697
LR,5,571,168.95889282226562,456.3852844238281,0.18453928815440998,0.47605105135176323,0.24060587201228684,0.3184,1.5703517587939697
LR,41,572,7.18780517578125,509.0245132446289,0.1190056707010892,0.23326282583163982,0.1453521509336556,0.3184,1.5703517587939697
LR,13,573,165.61688232421875,388.9438781738281,0.13935862421127632,0.5534847688905933,0.25464087033110916,0.3184,1.5703517587939697
LR,6,574,6.020782470703125,692.6899547576904,0.3779249381727001,0.48205914791249715,0.5406388498812331,0.3184,1.5703517587939697
LR,41,575,7.124267578125,265.5298767089844,0.09506400346832738,0.14007778815237856,0.38229180526099266,0.3184,1.5703517587939697
LR,18,576,171.46978759765625,534.0253448486328,0.09852753971166701,0.4686825445654261,0.1794238853454456,0.3184,1.5703517587939697
LR,37,577,172.74754333496094,215.78140258789062,0.15233121291005983,0.5804331908832697,0.25076297097782924,0.3184,1.5703517587939697
LR,29,578,10.587326049804688,395.93799591064453,0.13445204541924208,0.4026586475599955,0.19668700575658388,0.3184,1.5703517587939697
LR,43,579,174.44085693359375,956.9269104003906,0.16044127168117905,0.35462230605822714,0.19853068689582098,0.3184,1.5703517587939697
LR,26,580,172.02737426757812,558.1083068847656,0.1668215988774706,0.38281536856749426,0.2084477349495071,0.3184,1.5703517587939697
LR,10,581,174.94189453125,284.0555419921875,0.3426475915467298,0.43917550359997487,0.436044070211987,0.3184,1.5703517587939697
LR,24,582,170.16668701171875,497.26025390625,0.20989750258453319,0.5295285290634748,0.2737940283236982,0.3184,1.5703517587939697
LR,7,583,174.63516235351562,375.46873474121094,0.18788989845016776,0.4421596671931055,0.23313214497229817,0.3184,1.5703517587939697
LR,10,584,171.0987548828125,359.0887145996094,0.27067710421451363,0.41030619385744005,0.3067121661070591,0.3184,1.5703517587939697
LR,43,585,11.889167785644531,431.41355895996094,0.15779018584903176,0.4662582701121747,0.2385736491879154,0.3184,1.5703517587939697
LR,4,586,6.339385986328125,317.6108703613281,0.22203907448312057,0.5572065800329237,0.2837266043083968,0.3184,1.5703517587939697
LR,39,587,8.745651245117188,287.4117126464844,0.1478304719049206,0.241652546369484,0.21765109704488877,0.3184,1.5703517587939697
LR,55,588,166.34579467773438,531.3353118896484,0.09067197532018179,0.256160732544409,0.13951960938388921,0.3184,1.5703517587939697
LR,23,589,6.128265380859375,1104.1086883544922,0.19344822653783036,0.3486687884796155,0.21473790333995005,0.3184,1.5703517587939697
LR,52,590,9.461982727050781,300.09185791015625,0.11654556543949311,0.3814331545425545,0.185661687769585,0.3184,1.5703517587939697
LR,13,591,6.283973693847656,590.2300109863281,0.14494752612420927,0.4681866061565014,0.20176742385463434,0.3184,1.5703517587939697
LR,51,592,13.110275268554688,588.0340881347656,0.39791188610315736,0.4898187458563632,0.4477295633066877,0.3184,1.5703517587939697
LR,6,593,7.514068603515625,998.498046875,0.1936544802689797,0.37850003547641436,0.21911246052759767,0.3184,1.5703517587939697
LR,24,594,166.52093505859375,716.153491973877,0.11049815947318728,0.4372658631858073,0.18086938520604687,0.3184,1.5703517587939697
LR,51,595,173.5419921875,238.33256912231445,0.34734206539098283,0.6447139712928965,0.37598714362187147,0.3184,1.5703517587939697
LR,2,596,7.5066375732421875,265.3961181640625,0.2150805011445069,0.5814418995442826,0.39073185933572013,0.3184,1.5703517587939697
LR,20,597,14.483535766601562,793.6651840209961,0.1948531021691471,0.3388341385047686,0.2131728896698912,0.3184,1.5703517587939697
LR,26,598,170.6358642578125,740.664707519114,0.14980195983564232,0.34385658860704393,0.1883280911747922,0.3184,1.5703517587939697
LR,31,599,9.400421142578125,482.6141052246094,0.10947639596870333,0.38844698974155406,0.17948986969165145,0.3184,1.5703517587939697
LR,22,600,169.56256103515625,659.5226593017578,0.10015269524479564,0.347951558914528,0.1566696013282098,0.3184,1.5703517587939697
LR,52,601,11.565338134765625,829.431619644165,0.12842741447202535,0.4016838123147261,0.16677246904422205,0.3184,1.5703517587939697
LR,30,602,170.53802490234375,330.5362548828125,0.2519610075261631,0.5362248445354834,0.3250818998257634,0.3184,1.5703517587939697
LR,17,603,6.817436218261719,614.7074394226074,0.3912375248587709,0.5376403245132009,0.48905564328342543,0.3184,1.5703517587939697
LR,53,604,12.3814697265625,467.48262786865234,0.1451127377990069,0.5358745288528439,0.21073073089130376,0.3184,1.5703517587939697
LR,7,605,173.01971435546875,889.4977226257324,0.1503613835840503,0.26457938989734026,0.1696797702839515,0.3184,1.5703517587939697
LR,43,606,174.07622528076172,513.2272644042969,0.323589745464872,0.5561003745944966,0.44253682582147935,0.3184,1.5703517587939697
LR,50,607,10.327171325683594,223.39346313476562,0.08488310504315191,0.2341844761584401,0.15461599494657965,0.3184,1.5703517587939697
LR,39,608,5.65869140625,616.8697967529297,0.1053544894461984,0.4522301927500179,0.16103848794707468,0.3184,1.5703517587939697
LR,34,609,7.80572509765625,716.6901149749756,0.15150056904389655,0.41537419241640083,0.20904774243664134,0.3184,1.5703517587939697
LR,5,610,172.01132202148438,808.2065887451172,0.12164529357957676,0.21518851160816782,0.15246508255410704,0.3184,1.5703517587939697
LR,25,611,9.70916748046875,381.7089538574219,0.1616684987447051,0.2747658251484054,0.2333004130521923,0.3184,1.5703517587939697
LR,27,612,8.2041015625,628.2455749511719,0.12208323818029759,0.2268753924988674,0.14818117473087847,0.3184,1.5703517587939697
LR,3,613,167.73455810546875,748.6400985717773,0.10722171455955701,0.18258485198099114,0.1462794200583447,0.3184,1.5703517587939697
LR,5,614,5.757453918457031,558.5367584228516,0.14685691553974053,0.44954397472169494,0.20804566249819395,0.3184,1.5703517587939697
LR,27,615,165.147705078125,538.9592323303223,0.08961917375788844,0.1441179856761859,0.15182807976143792,0.3184,1.5703517587939697
LR,35,616,5.109619140625,770.0711040496826,0.1531417991966396,0.442589827283613,0.21043630748973188,0.3184,1.5703517587939697
LR,42,617,166.24783325195312,668.468012213707,0.08831046960949263,0.14053375527313222,0.15739186897887822,0.3184,1.5703517587939697
LR,19,618,169.9921875,677.5418395996094,0.10710788831379972,0.3174971513550487,0.15518671294093975,0.3184,1.5703517587939697
LR,2,619,9.517623901367188,294.0327911376953,0.17265646661123055,0.30037409385638547,0.20870663888101135,0.3184,1.5703517587939697
LR,38,620,173.29094696044922,212.33245849609375,0.28116885800637237,0.36493122950865536,0.3120601353967188,0.3184,1.5703517587939697
LR,54,621,8.343307495117188,314.7776870727539,0.11329286975500423,0.19500317794028457,0.13824214425737716,0.3184,1.5703517587939697
LR,11,622,173.48837280273438,497.61448669433594,0.44729733013462475,0.6732824567515522,0.522702741030267,0.3184,1.5703517587939697
LR,43,623,172.94845581054688,607.9931640625,0.39689989210357596,0.5913351343699738,0.46371897776371773,0.3184,1.5703517587939697
LR,52,624,9.14434814453125,362.3058166503906,0.12418119257363554,0.2989178745945576,0.1545613028368887,0.3184,1.5703517587939697
LR,47,625,170.34844970703125,580.9927673339844,0.20417742566067737,0.3357120658890943,0.23365990750332902,0.3184,1.5703517587939697
LR,28,626,166.96312713623047,497.1846160888672,0.16707194222238553,0.5099023119191262,0.23895121721260001,0.3184,1.5703517587939697
LR,4,627,12.32012939453125,442.8551940917969,0.07940660489760247,0.28717983091500504,0.16255080835842123,0.3184,1.5703517587939697
LR,26,628,167.872314453125,515.1777648925781,0.10891306781303817,0.20584860935354451,0.1409256455638366,0.3184,1.5703517587939697
LR,8,629,169.12127685546875,802.0661296844482,0.09790808367091372,0.1585365226852254,0.13209400094780932,0.3184,1.5703517587939697
LR,53,630,8.694984436035156,314.19596099853516,0.11408409326956578,0.2062420461110604,0.16083859991134766,0.3184,1.5703517587939697
LR,28,631,169.8134994506836,735.4708404541016,0.1769324192001207,0.28288485630014915,0.2056255562596351,0.3184,1.5703517587939697
LR,54,632,10.30474853515625,476.6903533935547,0.1106005296117993,0.19270645702898395,0.16558199496930268,0.3184,1.5703517587939697
LR,38,633,8.3250732421875,974.0719604492188,0.22885725432415208,0.4372153064302366,0.27106967257593473,0.3184,1.5703517587939697
LR,49,634,13.40521240234375,278.8616485595703,0.14859446788556246,0.43488907807938776,0.20606019830036335,0.3184,1.5703517587939697
LR,16,635,172.51983642578125,859.7592277526855,0.26730072061765553,0.4787070344324967,0.28202812375264275,0.3184,1.5703517587939697
LR,42,636,10.104888916015625,466.69464111328125,0.1260398729352481,0.4196318507809547,0.19528943183140834,0.3184,1.5703517587939697
LR,19,637,171.5294189453125,537.2066650390625,0.20899386677253812,0.38281978439093917,0.23497120993461384,0.3184,1.5703517587939697
LR,2,638,172.96282196044922,432.7723922729492,0.348687650487677,0.4923671383838882,0.5072349320964998,0.3184,1.5703517587939697
LR,49,639,9.008056640625,565.1084136962891,0.09069528953832051,0.1441089248679095,0.16279592712100618,0.3184,1.5703517587939697
LR,21,640,167.88677215576172,499.5224304199219,0.16391362022986655,0.5340037329108833,0.21206851218680434,0.3184,1.5703517587939697
LR,41,641,14.85040283203125,425.03582763671875,0.16681255294954675,0.36609491035602554,0.20614308066536582,0.3184,1.5703517587939697
LR,55,642,174.61148071289062,728.2073059082031,0.23663372749438186,0.4547223391490064,0.2608277766147918,0.3184,1.5703517587939697
LR,12,643,5.4197998046875,571.9301261901855,0.14792213772451981,0.3361123763995107,0.18501970505674342,0.3184,1.5703517587939697
LR,29,644,8.266571044921875,598.9120788574219,0.11123031271405776,0.24913671744037286,0.15284089451205346,0.3184,1.5703517587939697
LR,46,645,170.7764892578125,448.85555267333984,0.19390009027205476,0.35132915852844526,0.22304163283464426,0.3184,1.5703517587939697
LR,34,646,9.647758483886719,702.0993957519531,0.31966474760745817,0.4156157432955431,0.39128338445819894,0.3184,1.5703517587939697
LR,24,647,11.02362060546875,560.3170623779297,0.08172370440822849,0.5013988348918144,0.2930852639366464,0.3184,1.5703517587939697
LR,47,648,169.9921875,736.4901885986328,0.12141592463187878,0.2731535336627121,0.15291377895269148,0.3184,1.5703517587939697
LR,10,649,174.20801544189453,225.0916748046875,0.16874477276601624,0.5499101369434221,0.26027259596631397,0.3184,1.5703517587939697
LR,15,650,9.49371337890625,501.8124694824219,0.1669350573972464,0.48470201930606077,0.2339393728305906,0.3184,1.5703517587939697
LR,32,651,13.57171630859375,789.5121307373047,0.1339241906713865,0.23448810383127147,0.16056635199297872,0.3184,1.5703517587939697
LR,51,652,7.2603759765625,704.2801361083984,0.11967894272626459,0.4932553642571641,0.20772813010737184,0.3184,1.5703517587939697
LR,16,653,6.74481201171875,745.0599060058594,0.1858136649689428,0.3112960787575737,0.20465745586447628,0.3184,1.5703517587939697
LR,48,654,167.2458038330078,220.37661743164062,0.1120685143471098,0.1742720623168304,0.18351782145415638,0.3184,1.5703517587939697
LR,24,655,171.29315185546875,391.8469829559326,0.23115715910006204,0.5061899521260042,0.2827843220312668,0.3184,1.5703517587939697
LR,42,656,13.963233947753906,292.8636779785156,0.3063299229787843,0.5474824153766353,0.2860964487790533,0.3184,1.5703517587939697
LR,49,657,6.339385986328125,835.1435317993164,0.3190411528201433,0.4355848430851377,0.3926489038710302,0.3184,1.5703517587939697
LR,4,658,172.71178436279297,236.418212890625,0.1135872196504347,0.5516081798434608,0.2159675456090069,0.3184,1.5703517587939697
LR,42,659,173.4482421875,358.72289657592773,0.2974019832450958,0.45034779638059536,0.3665085149783527,0.3184,1.5703517587939697
LR,16,660,5.6438140869140625,480.30426025390625,0.1228324035931753,0.4464399459102288,0.17772354217939107,0.3184,1.5703517587939697
LR,6,661,11.2061767578125,473.794921875,0.07767160108480697,0.3396009701098908,0.17645030711802134,0.3184,1.5703517587939697
LR,40,662,165.30081176757812,670.4340229034424,0.13196163675257405,0.40285087595262165,0.19091546437923498,0.3184,1.5703517587939697
LR,32,663,170.272705078125,503.9851360321045,0.1461655963401418,0.26604689201207393,0.1682169148243153,0.3184,1.5703517587939697
LR,55,664,173.78517150878906,667.7180023193359,0.12476631111171796,0.4084857005279499,0.1713406556407918,0.3184,1.5703517587939697
LR,29,665,9.257156372070312,458.9306411743164,0.1619772450882535,0.5344484729236975,0.23007285602916316,0.3184,1.5703517587939697
LR,17,666,8.764617919921875,701.4605360031128,0.18007457048837547,0.4824355962814499,0.23664722886624942,0.3184,1.5703517587939697
LR,45,667,174.75646209716797,278.44160079956055,0.10632232702184603,0.4593620891629351,0.1656196174087825,0.3184,1.5703517587939697
LR,49,668,12.700454711914062,494.29681396484375,0.18795228101445263,0.3879860214014159,0.21543419748939036,0.3184,1.5703517587939697
LR,20,669,169.14739990234375,283.08409118652344,0.23421256367629006,0.5497912755812321,0.29606929146481414,0.3184,1.5703517587939697
LR,53,670,13.166900634765625,323.93727111816406,0.10151957684163194,0.15934258906738233,0.1378701963700799,0.3184,1.5703517587939697
LR,9,671,165.90065002441406,744.6324987411499,0.12912375412479474,0.4148764148741511,0.20135726411373395,0.3184,1.5703517587939697
LR,49,672,166.4282684326172,559.4326248168945,0.10609070133198013,0.19128035891756137,0.12944201308075676,0.3184,1.5703517587939697
LR,18,673,13.29974365234375,626.1028594970703,0.278969482246102,0.3811457299366362,0.25782753009959963,0.3184,1.5703517587939697
LR,22,674,12.0618896484375,658.88804936409,0.18156403886389988,0.41666785601681505,0.2193191952717176,0.3184,1.5703517587939697
LR,47,675,5.825531005859375,267.0953652858734,0.17071021031589576,0.48702624817518964,0.2691823773723777,0.3184,1.5703517587939697
LR,36,676,10.325180053710938,391.45262908935547,0.16584542282632855,0.48712269975083994,0.21605383948892137,0.3184,1.5703517587939697
LR,33,677,10.348602294921875,410.0262451171875,0.08697353084341387,0.1457348323251642,0.12707558129472976,0.3184,1.5703517587939697
LR,5,678,166.0994873046875,528.9867858886719,0.14527893850342308,0.30982535324885835,0.18439424775694427,0.3184,1.5703517587939697
LR,43,679,171.64983367919922,474.3821716308594,0.14950630972404036,0.5265562416699133,0.20987542557059807,0.3184,1.5703517587939697
LR,43,680,167.9046630859375,320.63626861572266,0.13498744595206802,0.3402394685917599,0.21922989503764254,0.3184,1.5703517587939697
LR,42,681,174.45782470703125,493.927490234375,0.27920436823688877,0.4198676222045789,0.29997642149506853,0.3184,1.5703517587939697
LR,40,682,14.38311767578125,218.4664306640625,0.16813231516987795,0.5236745760066326,0.2428633701958515,0.3184,1.5703517587939697
LR,22,683,169.24896240234375,624.3858337402344,0.1059876901478283,0.16762819032934878,0.16486471887635423,0.3184,1.5703517587939697
LR,36,684,10.2567138671875,312.43201446533203,0.14348147204865155,0.5498255769627671,0.2267032949880307,0.3184,1.5703517587939697
LR,11,685,171.17413330078125,467.5443420410156,0.1844270440435665,0.41242637125681664,0.234878797226285,0.3184,1.5703517587939697
LR,36,686,10.619674682617188,668.8972396850586,0.3711077870412312,0.5724476729870316,0.36193657784158073,0.3184,1.5703517587939697
LR,18,687,167.82791137695312,354.9896774291992,0.1812719785401407,0.5679696586607946,0.2508737247551231,0.3184,1.5703517587939697
LR,52,688,14.408409118652344,237.734619140625,0.2901962205831653,0.5260341993118529,0.34502645373617374,0.3184,1.5703517587939697
LR,26,689,14.699188232421875,384.5957489013672,0.09618005582435317,0.1541918080049685,0.1257301598838212,0.3184,1.5703517587939697
LR,38,690,11.725555419921875,456.03717041015625,0.09341501472615917,0.14638148741178364,0.14844563340127373,0.3184,1.5703517587939697
LR,11,691,12.700439453125,768.2826538085938,0.2011411310959741,0.5251384378404006,0.26279924921497083,0.3184,1.5703517587939697
LR,36,692,5.96368408203125,578.1105651855469,0.11826946664235015,0.40496085971798207,0.20021248522210783,0.3184,1.5703517587939697
LR,9,693,6.398155212402344,562.9748677015305,0.43395909933747157,0.5911884475044199,0.6884086776071442,0.3184,1.5703517587939697
LR,17,694,12.88916015625,634.2523803710938,0.2855017231244804,0.4037220537694319,0.2629256753655467,0.3184,1.5703517587939697
LR,38,695,5.3701934814453125,452.63988494873047,0.17082960268599875,0.4621483093388771,0.2278169558769205,0.3184,1.5703517587939697
LR,28,696,173.06939697265625,678.9152069091797,0.11031297381553015,0.19247404043157104,0.1331964998801586,0.3184,1.5703517587939697
LR,9,697,11.233367919921875,918.8689308166504,0.2337743386037377,0.4623500010671743,0.2614257634569235,0.3184,1.5703517587939697
LR,12,698,167.63021850585938,804.2674007415771,0.1667360953420302,0.43409032848249524,0.21933337636361858,0.3184,1.5703517587939697
LR,7,699,171.272216796875,307.41835021972656,0.22649721900874445,0.6037550547518138,0.2944278631603585,0.3184,1.5703517587939697
LR,55,700,13.737640380859375,275.9697265625,0.3796685633430855,0.5357537326304421,0.5299991018326903,0.3184,1.5703517587939697
LR,0,701,5.41107177734375,477.4108123779297,0.15981927761674536,0.5059883643918388,0.20622831257024976,0.3184,1.5703517587939697
LR,44,702,13.459930419921875,514.8134155273438,0.09937180624354024,0.2869847933754223,0.12937249038026236,0.3184,1.5703517587939697
LR,2,703,171.20559692382812,903.0035247802734,0.1265934494334523,0.19316858844331297,0.1625050215172574,0.3184,1.5703517587939697
LR,33,704,169.9609146118164,748.0966339111328,0.14234553146029597,0.24358405050042037,0.18359641228528573,0.3184,1.5703517587939697
LR,48,705,173.49183654785156,828.0222320556641,0.10379566926442184,0.34744156951310895,0.16067378120151166,0.3184,1.5703517587939697
LR,31,706,9.022674560546875,479.4612274169922,0.0928743052355616,0.29418410562763075,0.14844257494683485,0.3184,1.5703517587939697
LR,3,707,9.001312255859375,987.2656860351562,0.208766403968941,0.4349286241780762,0.24492400598890648,0.3184,1.5703517587939697
LR,42,708,6.14581298828125,297.6116943359375,0.28519655075011574,0.47938650333445165,0.286313505459667,0.3184,1.5703517587939697
LR,49,709,6.0081939697265625,446.8771171569824,0.0873246632567581,0.13496421849952275,0.1442558272832337,0.3184,1.5703517587939697
LR,44,710,167.94863891601562,612.7780075073242,0.10492946030979969,0.16917832199553995,0.12874198512921586,0.3184,1.5703517587939697
LR,2,711,6.90277099609375,909.4586425721645,0.17592659037971292,0.32237508651979485,0.20154570930680762,0.3184,1.5703517587939697
LR,32,712,169.890869140625,235.92859077453613,0.18271367797856916,0.6564700110792938,0.2865851747377399,0.3184,1.5703517587939697
LR,41,713,9.673065185546875,485.4112091064453,0.12376702453285311,0.4153833030652325,0.17869702085747222,0.3184,1.5703517587939697
LR,2,714,167.51673889160156,571.3509902954102,0.14194622452664368,0.2392655235207196,0.16826362209039913,0.3184,1.5703517587939697
LR,17,715,172.46127319335938,695.3624877929688,0.25012952542170214,0.515519383994754,0.2682529989683713,0.3184,1.5703517587939697
LR,42,716,171.399169921875,487.0763397216797,0.17255945913976553,0.25947091882960394,0.21362868415224914,0.3184,1.5703517587939697
LR,38,717,11.929840087890625,840.9081649780273,0.14803243928175217,0.2608785178366106,0.17595689009335133,0.3184,1.5703517587939697
LR,43,718,5.7281494140625,544.2629642486572,0.17105522119193015,0.48930623551186175,0.23796581666002062,0.3184,1.5703517587939697
LR,19,719,5.90533447265625,556.3251800537109,0.1656366692697513,0.48516828043899357,0.23343563930668562,0.3184,1.5703517587939697
LR,44,720,166.91983032226562,241.62186241149902,0.34829715140451845,0.4396073563533166,0.45102395165143316,0.3184,1.5703517587939697
LR,43,721,167.21563720703125,628.9865188598633,0.09902406210680512,0.17141651805877642,0.13043826225267002,0.3184,1.5703517587939697
LR,39,722,5.70977783203125,568.8154754638672,0.1402930594680194,0.487006812986676,0.2247815242052314,0.3184,1.5703517587939697
LR,4,723,8.745651245117188,226.22418212890625,0.11252837586255537,0.5121602987209434,0.2087069162768954,0.3184,1.5703517587939697
LR,31,724,168.78485107421875,374.83607482910156,0.15939608283984963,0.4677570942347766,0.22978914066229594,0.3184,1.5703517587939697
LR,19,725,170.82568359375,808.7739181518555,0.13250939040677245,0.33800878806051454,0.17597796314343458,0.3184,1.5703517587939697
LR,52,726,10.6539306640625,384.9361114501953,0.21227094030755578,0.4892601647718316,0.2601472150748046,0.3184,1.5703517587939697
LR,28,727,6.6317291259765625,254.94222831726074,0.1081241107772657,0.38875217409182267,0.1696875235106219,0.3184,1.5703517587939697
LR,37,728,171.4774169921875,917.274658203125,0.12588044962154313,0.21806769445939894,0.16419402191613972,0.3184,1.5703517587939697
LR,18,729,173.69918823242188,925.564582824707,0.17541780745598912,0.40210074925582634,0.20751616522884705,0.3184,1.5703517587939697
LR,37,730,173.976806640625,986.0009460449219,0.13744616521167036,0.21589694942989318,0.16303168063040627,0.3184,1.5703517587939697
LR,20,731,173.17731475830078,663.2204437255859,0.19615969645410908,0.26070826134393665,0.2395841442189498,0.3184,1.5703517587939697
LR,16,732,174.80636596679688,786.1485290527344,0.1952398593737047,0.4078979831105922,0.22680187690689557,0.3184,1.5703517587939697
LR,33,733,9.62786865234375,547.8918762207031,0.11642941861264745,0.18491369401615407,0.15579938767118554,0.3184,1.5703517587939697
LR,38,734,5.833984375,428.15782165527344,0.13519790665648193,0.538162004402343,0.2734947593120267,0.3184,1.5703517587939697
LR,46,735,5.41619873046875,911.7616062164307,0.28476335436851463,0.5012926182969653,0.30835979996327656,0.3184,1.5703517587939697
LR,8,736,171.272216796875,717.3259582519531,0.16578680598759657,0.48190874786887505,0.23603848385937334,0.3184,1.5703517587939697
LR,41,737,6.96466064453125,577.41748046875,0.09635733665793317,0.15627504343768467,0.12607825595121347,0.3184,1.5703517587939697
LR,13,738,10.819488525390625,476.86199951171875,0.1022593785014202,0.34643014645289943,0.15811835739193505,0.3184,1.5703517587939697
LR,25,739,173.2251205444336,521.3832244873047,0.16016114936084253,0.5062419946443568,0.22163170890119416,0.3184,1.5703517587939697
LR,42,740,9.1336669921875,618.9453125,0.10249830364483034,0.4596297032417175,0.23105563506038404,0.3184,1.5703517587939697
LR,49,741,8.8233642578125,639.1972503662109,0.09822401742498403,0.47909835024924174,0.21589878855223069,0.3184,1.5703517587939697
LR,2,742,8.63287353515625,344.63733673095703,0.2403942417791391,0.5985346633246638,0.30067740723536557,0.3184,1.5703517587939697
LR,3,743,12.095352172851562,291.066837310791,0.23019028664544894,0.554886813537379,0.28518822838676017,0.3184,1.5703517587939697
LR,30,744,5.028282165527344,231.15219736099243,0.17379917573154585,0.3056250749896886,0.2039807768014085,0.3184,1.5703517587939697
LR,29,745,7.124267578125,239.2735595703125,0.11543910758252346,0.354030824408833,0.18912233822996322,0.3184,1.5703517587939697
LR,55,746,166.72244262695312,563.9177093505859,0.08592907537442648,0.35378941495380994,0.15499039791256336,0.3184,1.5703517587939697
LR,49,747,167.63278198242188,573.8209838867188,0.22246046002479267,0.512636042826449,0.26954965579847534,0.3184,1.5703517587939697
LR,41,748,11.310203552246094,666.6467132568359,0.19788213138251637,0.38120722364769677,0.22722742180827826,0.3184,1.5703517587939697
LR,16,749,12.418182373046875,947.0127372741699,0.1256543685496394,0.1912760340763478,0.17381370080375066,0.3184,1.5703517587939697
LR,12,750,6.182121276855469,593.5271663665771,0.36445795684784243,0.6108551231716907,0.4084516039388953,0.3184,1.5703517587939697
LR,7,751,173.39947509765625,989.3906707763672,0.1907568132911532,0.3178167910209323,0.2191390048760032,0.3184,1.5703517587939697
LR,44,752,172.92183685302734,644.1648559570312,0.30995539171420666,0.6337389214049031,0.39319708303276973,0.3184,1.5703517587939697
LR,19,753,168.79632568359375,813.6346302032471,0.14792932067298836,0.41304603732461764,0.20664552732425095,0.3184,1.5703517587939697
LR,18,754,173.95056915283203,595.2421722412109,0.2440367485362337,0.5138262050961773,0.3319758771662483,0.3184,1.5703517587939697
LR,48,755,169.45194244384766,615.1137924194336,0.22098910385390574,0.3739878522803855,0.2521385599823648,0.3184,1.5703517587939697
LR,54,756,14.408416748046875,486.4608154296875,0.1324348215881778,0.4567382692639454,0.18939535194344234,0.3184,1.5703517587939697
LR,32,757,166.20248413085938,606.271240234375,0.13833822180283206,0.4239355863343471,0.1840596193636971,0.3184,1.5703517587939697
LR,35,758,171.12994384765625,761.9223937988281,0.10785535670554248,0.331880737855369,0.1455350272537507,0.3184,1.5703517587939697
LR,26,759,174.194091796875,873.9220275878906,0.15730400012084592,0.2989680030121245,0.1840540009187583,0.3184,1.5703517587939697
LR,54,760,173.9918212890625,814.9035224914551,0.10723419090361509,0.3810750467591053,0.17659864587741006,0.3184,1.5703517587939697
LR,29,761,170.53802490234375,281.3365173339844,0.16588892650470152,0.4657447207972761,0.20983831576306525,0.3184,1.5703517587939697
LR,26,762,9.359832763671875,1184.9195404052734,0.24837505055168854,0.4257734439842259,0.26165257965481853,0.3184,1.5703517587939697
LR,13,763,169.14348602294922,279.4901123046875,0.07993632427494173,0.34792253532119166,0.1997770531963954,0.3184,1.5703517587939697
LR,2,764,170.41075134277344,528.7161178588867,0.1822785566554575,0.46420283682999713,0.2441633003356638,0.3184,1.5703517587939697
LR,21,765,5.402984619140625,558.5049209594727,0.19668013923282948,0.3882798583043099,0.22394169063338829,0.3184,1.5703517587939697
LR,53,766,167.3367919921875,727.4185791015625,0.123568172140344,0.2797655878013645,0.1517912070866529,0.3184,1.5703517587939697
LR,16,767,167.674560546875,533.4297180175781,0.3140170115023068,0.5642431004903825,0.3490695353572283,0.3184,1.5703517587939697
LR,19,768,7.2437744140625,296.7849655151367,0.2361470237402318,0.5862256069084619,0.3087408199166873,0.3184,1.5703517587939697
LR,5,769,167.16610717773438,542.3120574951172,0.0961141417595553,0.4983447957130202,0.20046682273324912,0.3184,1.5703517587939697
LR,55,770,6.13446044921875,338.4598388671875,0.28553341998180515,0.5818840445873069,0.36472795825295223,0.3184,1.5703517587939697
LR,19,771,12.201118469238281,440.6412811279297,0.14603880990751214,0.4844257521230463,0.24636818542758968,0.3184,1.5703517587939697
LR,1,772,7.780364990234375,437.1739692687988,0.20839917395741836,0.48905116257217296,0.25926790065788013,0.3184,1.5703517587939697
LR,40,773,7.5066375732421875,682.2472839355469,0.30632670908104803,0.44131570611279836,0.3367362057244334,0.3184,1.5703517587939697
LR,14,774,6.673675537109375,414.5880889892578,0.15667702142241943,0.46336075852567465,0.2140071295451062,0.3184,1.5703517587939697
LR,34,775,173.01227569580078,680.6668319702148,0.20740779482242516,0.31624784436202596,0.2309418706699578,0.3184,1.5703517587939697
LR,42,776,174.13121032714844,509.1691436767578,0.3354173812224384,0.5291342870389936,0.4800071897719605,0.3184,1.5703517587939697
LR,4,777,171.58822631835938,513.4688339233398,0.1665221584708308,0.45279049805874305,0.21348119812055347,0.3184,1.5703517587939697
LR,5,778,172.26708984375,213.84291076660156,0.20376503009351993,0.5038485393660684,0.2750149231625489,0.3184,1.5703517587939697
LR,4,779,14.99713134765625,426.25524139404297,0.1355637751674515,0.30963932786477255,0.17918742658631762,0.3184,1.5703517587939697
LR,28,780,166.74414825439453,201.90111488103867,0.44181852516561526,0.635535648441851,1.052543822020449,0.3184,1.5703517587939697
LR,11,781,167.03939819335938,462.1229553222656,0.21207579285617578,0.47984103272288114,0.24946701577261393,0.3184,1.5703517587939697
LR,47,782,168.60269165039062,724.6214447021484,0.14066754749927327,0.31254077255196944,0.17513969084607356,0.3184,1.5703517587939697
LR,12,783,6.7392578125,721.3743286132812,0.1863158921687587,0.5427827955226077,0.2543789021422814,0.3184,1.5703517587939697
LR,46,784,8.777313232421875,737.3745889663696,0.1123560878771122,0.39368546089594914,0.1644073596489235,0.3184,1.5703517587939697
LR,33,785,165.03125,609.0847244262695,0.13667427245889244,0.5005966045428436,0.18779522002430424,0.3184,1.5703517587939697
LR,54,786,12.513755798339844,516.6544780731201,0.19671926148640628,0.4553418759205453,0.24401307649068665,0.3184,1.5703517587939697
LR,34,787,170.11224365234375,700.8371505737305,0.12814263512494245,0.32129860113764014,0.17755229778094184,0.3184,1.5703517587939697
LR,0,788,167.49578857421875,714.7397727966309,0.10082521809951206,0.15688849197704993,0.14191305674740767,0.3184,1.5703517587939697
LR,45,789,12.00677490234375,924.9868316650391,0.10701562707266074,0.16927936189391024,0.1687573853643296,0.3184,1.5703517587939697
LR,10,790,9.129753112792969,325.6183705329895,0.1999852420066488,0.45098664209779316,0.24294502929190834,0.3184,1.5703517587939697
LR,47,791,13.544464111328125,210.01922607421875,0.18998939997399733,0.3602055047669636,0.22401661625228564,0.3184,1.5703517587939697
LR,28,792,166.62945556640625,531.5977020263672,0.10346296248365894,0.17199629933226013,0.12892886678656762,0.3184,1.5703517587939697
LR,50,793,13.5064697265625,802.4267425537109,0.11080391583422303,0.411273787378854,0.1790955350750107,0.3184,1.5703517587939697
LR,25,794,8.6820068359375,205.97417449951172,0.45204273871242934,0.7651436291600328,0.4970231657238738,0.3184,1.5703517587939697
LR,40,795,169.49200439453125,584.1623687744141,0.09990137119528836,0.16595999902119363,0.1469925816889546,0.3184,1.5703517587939697
LR,6,796,5.33843994140625,944.8447875976562,0.30028877435485235,0.4139770962111923,0.34892987767549427,0.3184,1.5703517587939697
LR,55,797,6.7392578125,552.1588134765625,0.22281175682004242,0.4593491337351988,0.25564468038613153,0.3184,1.5703517587939697
LR,41,798,14.632080078125,440.8463439941406,0.07688522770823984,0.5181222704444056,0.209916559209494,0.3184,1.5703517587939697
LR,12,799,10.185028076171875,838.8252954483032,0.17578525889170526,0.3167200478419375,0.20922706017018983,0.3184,1.5703517587939697
LR,53,800,172.67098999023438,879.0379886627197,0.2336608116152705,0.45226960738193317,0.2655810299440427,0.3184,1.5703517587939697
LR,18,801,172.20858764648438,917.6099796295166,0.23622194108589512,0.45250269536775106,0.26390185360185975,0.3184,1.5703517587939697
LR,45,802,170.57757568359375,354.501220703125,0.2113564800802072,0.29878479525293283,0.24019656210263596,0.3184,1.5703517587939697
LR,17,803,8.0584716796875,332.6347961425781,0.1868690208793963,0.5281035488078325,0.2632720134902251,0.3184,1.5703517587939697
LR,40,804,5.284637451171875,650.9770202636719,0.09856282768118378,0.27668946628622326,0.14849376757570895,0.3184,1.5703517587939697
LR,14,805,167.9046630859375,201.31268310546875,0.10933506334125327,0.43703567775637053,0.24253859781587392,0.3184,1.5703517587939697
LR,48,806,8.84130859375,395.3191032409668,0.19077726103235396,0.6252967368126058,0.26350508087672103,0.3184,1.5703517587939697
LR,54,807,167.7867202758789,442.843505859375,0.34951193344289083,0.5518966513967927,0.46839818695839286,0.3184,1.5703517587939697
LR,1,808,169.40521240234375,832.2927551269531,0.11439190422356067,0.19038171757780553,0.1355688221968619,0.3184,1.5703517587939697
LR,50,809,166.36196899414062,538.3185043334961,0.11454695744173862,0.20900860183211106,0.13698393783542356,0.3184,1.5703517587939697
LR,20,810,169.89085388183594,259.49312591552734,0.23878226112638137,0.5472755712715683,0.3087352808218763,0.3184,1.5703517587939697
LR,7,811,165.8623504638672,642.0325088500977,0.11096002933925832,0.3234482677163731,0.1530594171533755,0.3184,1.5703517587939697
LR,51,812,165.30471801757812,366.16370487213135,0.19035003540567808,0.5002788204965726,0.2490588347875439,0.3184,1.5703517587939697
LR,53,813,171.2890625,204.5852813720703,0.3281955821698072,0.40795323534786626,0.5350938101598637,0.3184,1.5703517587939697
LR,13,814,173.66060638427734,591.3615341186523,0.2527120379080134,0.6691081093169732,0.3888221203623055,0.3184,1.5703517587939697
LR,12,815,5.7847442626953125,571.5133972167969,0.14798256544236413,0.43947745942276906,0.20007633850770304,0.3184,1.5703517587939697
LR,36,816,13.592254638671875,245.39202880859375,0.20453908376278837,0.48171492224383844,0.271590236116483,0.3184,1.5703517587939697
LR,22,817,11.061370849609375,367.5955047607422,0.15968006952080777,0.5812735017737934,0.2594794623109006,0.3184,1.5703517587939697
LR,50,818,11.9766845703125,377.6419563293457,0.1970624356005231,0.46669116536612054,0.24038193337607602,0.3184,1.5703517587939697
LR,1,819,9.23291015625,914.3365325927734,0.21622171437662668,0.45258566457798044,0.2616073735641554,0.3184,1.5703517587939697
LR,48,820,6.519012451171875,295.7153091430664,0.09546638498001017,0.4521244071257946,0.20992522039837905,0.3184,1.5703517587939697
LR,36,821,165.31491088867188,232.3641357421875,0.28074310774671396,0.5916418343324632,0.39023263898503396,0.3184,1.5703517587939697
LR,45,822,11.02362060546875,437.68597412109375,0.15845187883570025,0.45235246818013725,0.21608797665272622,0.3184,1.5703517587939697
LR,2,823,172.20368194580078,527.2398719787598,0.20564223660010533,0.4428900793235077,0.26118377334468684,0.3184,1.5703517587939697
LR,14,824,14.383110046386719,296.53053283691406,0.12036231568084085,0.39661085446922556,0.1742534333911565,0.3184,1.5703517587939697
LR,44,825,9.422431945800781,387.5892915725708,0.1794449036655031,0.5030449687932915,0.2485380869943377,0.3184,1.5703517587939697
LR,43,826,5.855194091796875,599.8435821533203,0.10303815361234886,0.41683246262371754,0.16176568341799438,0.3184,1.5703517587939697
LR,18,827,167.47039794921875,525.5235290527344,0.09600278084884767,0.40717172763120146,0.14745800020916056,0.3184,1.5703517587939697
LR,0,828,5.68524169921875,277.1725616455078,0.2483389383470566,0.48374081043256495,0.2783558971970166,0.3184,1.5703517587939697
LR,39,829,14.432525634765625,590.2340240478516,0.17224239769425803,0.477425377144607,0.23945894532064366,0.3184,1.5703517587939697
LR,25,830,170.26753997802734,397.9990997314453,0.35086614067728045,0.4974755838256078,0.381399904371456,0.3184,1.5703517587939697
LR,39,831,10.74383544921875,314.4492073059082,0.17593819666826932,0.6046950702929531,0.2735228679598983,0.3184,1.5703517587939697
LR,51,832,168.56597900390625,352.63482666015625,0.22262009739251268,0.3157054305374963,0.24599984091888177,0.3184,1.5703517587939697
LR,27,833,5.308837890625,956.2058868408203,0.300757843092597,0.5354136863160954,0.36283345103062975,0.3184,1.5703517587939697
LR,51,834,7.351654052734375,215.76492309570312,0.37798527036800594,0.5225348234533843,0.37633279939129444,0.3184,1.5703517587939697
LR,49,835,12.15826416015625,385.0087699890137,0.18882399947443299,0.5336408775555942,0.24107996141046711,0.3184,1.5703517587939697
LR,30,836,170.33160400390625,338.8379821777344,0.09797903842031105,0.1540081502731966,0.19258838279944282,0.3184,1.5703517587939697
LR,12,837,165.96221923828125,582.9384231567383,0.09038610516433299,0.14414465130665347,0.19651271563062303,0.3184,1.5703517587939697
LR,23,838,169.54013061523438,762.0759239196777,0.11009691212162412,0.45152909905084754,0.16792795166159302,0.3184,1.5703517587939697
LR,24,839,7.2437744140625,714.9620552062988,0.13066804938136717,0.23726479303164238,0.1591556273028594,0.3184,1.5703517587939697
LR,54,840,168.0233154296875,573.21923828125,0.14965622735404502,0.3967959265868825,0.19771178888654112,0.3184,1.5703517587939697
LR,13,841,13.57171630859375,282.500732421875,0.3594834802517476,0.4353105254871157,0.5286016665711794,0.3184,1.5703517587939697
LR,53,842,11.310211181640625,635.5938720703125,0.09719162276519222,0.4432703088895711,0.22703761973887354,0.3184,1.5703517587939697
LR,39,843,7.3673248291015625,407.66015625,0.2037947111235502,0.44825323089118324,0.24760139771828946,0.3184,1.5703517587939697
LR,48,844,8.129478454589844,350.39105224609375,0.21405040997233446,0.5723610544909765,0.29000278827445625,0.3184,1.5703517587939697
LR,44,845,9.718521118164062,293.30359268188477,0.17995858239212162,0.6407256386944901,0.2731311057193385,0.3184,1.5703517587939697
LR,1,846,9.733978271484375,307.04600524902344,0.19382411135341196,0.31799870323646173,0.2200522702931074,0.3184,1.5703517587939697
LR,9,847,168.68978881835938,260.9275207519531,0.14708635677410964,0.5375468711322676,0.2078303520945393,0.3184,1.5703517587939697
LR,23,848,14.480194091796875,503.77607011795044,0.1692360809344482,0.35254927998307756,0.214540444532722,0.3184,1.5703517587939697
LR,2,849,170.94805908203125,611.0971374511719,0.1965847613406586,0.4368438420078288,0.23917457582027865,0.3184,1.5703517587939697
LR,46,850,7.7053985595703125,223.44476318359375,0.21237408105231104,0.5231440614463413,0.3474124823308433,0.3184,1.5703517587939697
LR,52,851,7.333648681640625,530.1509323120117,0.10491419505256555,0.3591316706477046,0.17027033729034916,0.3184,1.5703517587939697
LR,39,852,173.96981811523438,963.4831237792969,0.14487644535937239,0.3567832875037506,0.18372803520974937,0.3184,1.5703517587939697
LR,22,853,6.84197998046875,206.1252555847168,0.05234009691422692,0.670727826795784,0.7423115754757796,0.3184,1.5703517587939697
LR,24,854,14.422515869140625,839.3900146484375,0.19200964956269884,0.39541066469151753,0.2186469061387666,0.3184,1.5703517587939697
LR,17,855,173.84896850585938,1040.8392028808594,0.1943215955825995,0.3606293312473476,0.2150679331270336,0.3184,1.5703517587939697
LR,20,856,168.40127563476562,601.6061248779297,0.0975940487780162,0.16025989499999882,0.14350924787656213,0.3184,1.5703517587939697
LR,48,857,169.56982421875,220.65141487121582,0.21828543216639076,0.5002034728642116,0.26647286606350284,0.3184,1.5703517587939697
LR,51,858,166.8843994140625,683.5916748046875,0.13112324468788644,0.5069436552770797,0.2346047795980433,0.3184,1.5703517587939697
LR,40,859,166.3514404296875,550.5492401123047,0.1798941061220054,0.4428584517199875,0.22320473181825395,0.3184,1.5703517587939697
LR,32,860,168.49042510986328,673.4180755615234,0.14485521397602802,0.23579299938173012,0.17818773401861798,0.3184,1.5703517587939697
LR,3,861,8.18072509765625,438.01478576660156,0.1833708776415103,0.4661032235956372,0.2380462942727576,0.3184,1.5703517587939697
LR,16,862,172.875732421875,538.5592651367188,0.23532053544264586,0.4760481879261593,0.27307514215090806,0.3184,1.5703517587939697
LR,15,863,8.88653564453125,761.4994125366211,0.30194016922244876,0.4470329172681374,0.2798899962945096,0.3184,1.5703517587939697
LR,50,864,172.70654296875,796.1529445648193,0.0987887426895325,0.3831240564889566,0.16334429365750694,0.3184,1.5703517587939697
LR,52,865,166.00588989257812,694.6989479064941,0.13398098804053338,0.4965838997029464,0.22120297515042595,0.3184,1.5703517587939697
LR,42,866,170.1544189453125,482.8324279785156,0.1749239815580539,0.44696385540138195,0.23464842543183587,0.3184,1.5703517587939697
LR,33,867,168.24059295654297,473.2518310546875,0.1468365336538768,0.46709572762621404,0.2054166386882406,0.3184,1.5703517587939697
LR,42,868,7.68328857421875,337.8077697753906,0.09629594721114565,0.5917727582010491,0.27427281948670745,0.3184,1.5703517587939697
LR,31,869,168.6204833984375,457.38002014160156,0.30305912537616203,0.4195389024831365,0.3426693579446815,0.3184,1.5703517587939697
LR,28,870,10.366256713867188,521.7538757324219,0.21566572534529094,0.4915666240468924,0.2586596492711126,0.3184,1.5703517587939697
LR,29,871,7.657012939453125,588.5880584716797,0.09548352455944846,0.24649645094372072,0.13644862320344922,0.3184,1.5703517587939697
LR,49,872,169.15960693359375,287.52308464050293,0.1091530379942386,0.18787108666295269,0.1700914994123753,0.3184,1.5703517587939697
LR,34,873,173.3682861328125,805.1808776855469,0.12213789661503596,0.33001437085298213,0.15319965014763756,0.3184,1.5703517587939697
LR,55,874,9.566375732421875,503.0790557861328,0.1074869592963806,0.4051111564709242,0.15692397574472655,0.3184,1.5703517587939697
LR,27,875,8.85382080078125,438.03665924072266,0.07681729935825701,0.5818376794308902,0.2715937057587897,0.3184,1.5703517587939697
LR,7,876,169.69524383544922,934.5181884765625,0.1390122313414211,0.20948901811555326,0.18497333471645672,0.3184,1.5703517587939697
LR,2,877,165.25453186035156,633.508394241333,0.09540589904919712,0.14685067084637465,0.14399234288047313,0.3184,1.5703517587939697
LR,32,878,13.585617065429688,316.7140197753906,0.29011663398151166,0.4070622705122953,0.288444398667259,0.3184,1.5703517587939697
LR,40,879,173.30441284179688,699.7363433837891,0.12508798168211832,0.2539192436141676,0.15196331432106897,0.3184,1.5703517587939697
LR,54,880,6.47314453125,959.1295166015625,0.19116425408361554,0.417602345912691,0.2430386116692666,0.3184,1.5703517587939697
LR,52,881,169.600830078125,751.2196006774902,0.11683722697538601,0.2850073200923965,0.161655275531476,0.3184,1.5703517587939697
LR,16,882,169.60272216796875,318.46529388427734,0.1875855657222399,0.46275954779576367,0.23185740296475818,0.3184,1.5703517587939697
LR,39,883,14.116630554199219,353.0015106201172,0.13506868475386125,0.531144256385257,0.20789135704794529,0.3184,1.5703517587939697
LR,52,884,7.6203765869140625,203.9161376953125,0.4597566692118939,0.6235965804746996,0.6663424674275921,0.3184,1.5703517587939697
LR,22,885,11.846893310546875,650.2688293457031,0.09447221096904175,0.4285107295642685,0.2331099232488307,0.3184,1.5703517587939697
LR,12,886,9.2457275390625,362.91493225097656,0.41032320958688856,0.48880399246882683,0.7415308351853158,0.3184,1.5703517587939697
LR,54,887,165.68350219726562,292.834979057312,0.21444949983463651,0.7262441434620365,0.3131820864183653,0.3184,1.5703517587939697
LR,43,888,170.6500244140625,446.84869384765625,0.1687013258398153,0.24145399038902543,0.20789713575204902,0.3184,1.5703517587939697
LR,38,889,166.4449462890625,516.6572418212891,0.0957663136637066,0.16304196106387184,0.1487833096643725,0.3184,1.5703517587939697
LR,28,890,9.833328247070312,224.7536392211914,0.1418412661718926,0.5379488144491261,0.2351164233521412,0.3184,1.5703517587939697
LR,39,891,173.10333251953125,852.7170753479004,0.20924788260516097,0.43194690574606165,0.23804608725131127,0.3184,1.5703517587939697
LR,36,892,10.175384521484375,487.7674560546875,0.1350529473532352,0.43839362996171233,0.20559860129036786,0.3184,1.5703517587939697
LR,30,893,6.993133544921875,251.8935546875,0.4983596242427979,0.691695852543086,0.4795621405024741,0.3184,1.5703517587939697
LR,20,894,167.6185302734375,370.8575439453125,0.16586770159531064,0.23936134144237475,0.20969046434530084,0.3184,1.5703517587939697
LR,21,895,9.622711181640625,566.0215759277344,0.16614945731301167,0.42244807351358604,0.2030458287978131,0.3184,1.5703517587939697
LR,22,896,14.960662841796875,421.8937683105469,0.3089449086340328,0.5972621058342331,0.3116977322964036,0.3184,1.5703517587939697
LR,43,897,167.9046630859375,341.08449244499207,0.21253717635456615,0.5064781499066923,0.2598831767257859,0.3184,1.5703517587939697
LR,41,898,6.032440185546875,669.6190185546875,0.09653774044703042,0.4678089972792931,0.1690389295154045,0.3184,1.5703517587939697
LR,49,899,168.40744018554688,694.1186714172363,0.10986642526236548,0.2751192019730237,0.1593138898955722,0.3184,1.5703517587939697
LR,17,900,6.793060302734375,687.0179214477539,0.2411711783922806,0.44087612323183073,0.2583973927647518,0.3184,1.5703517587939697
LR,40,901,6.511627197265625,600.07470703125,0.0971348777151254,0.16264438373745707,0.14246161930800985,0.3184,1.5703517587939697
LR,45,902,170.1160888671875,856.8778247833252,0.16033653811258142,0.28556451949687217,0.18971410863153335,0.3184,1.5703517587939697
LR,50,903,167.39900970458984,215.25045776367188,0.2915594517344493,0.41119866142664363,0.296307246962577,0.3184,1.5703517587939697
LR,14,904,14.622711181640625,444.9558391571045,0.21629753991907716,0.34901597762919656,0.23676069332908872,0.3184,1.5703517587939697
LR,44,905,167.6065673828125,691.4528274536133,0.12585945284881117,0.391585735962348,0.1919978853091187,0.3184,1.5703517587939697
LR,48,906,9.49652099609375,976.3985824584961,0.18273405117414898,0.4255698207228014,0.21940250058317737,0.3184,1.5703517587939697
LR,55,907,166.54006958007812,599.8441581726074,0.11641388095249701,0.24496194891906822,0.1518507645159706,0.3184,1.5703517587939697
LR,37,908,8.672653198242188,728.6606712341309,0.38691487459175766,0.5132000717195264,0.39880903211987,0.3184,1.5703517587939697
LR,7,909,165.7825164794922,251.6575698852539,0.12688088271198275,0.30757983222133634,0.17361408929126118,0.3184,1.5703517587939697
LR,30,910,170.7705078125,766.00634765625,0.1396605328333353,0.25563153335829103,0.16624010323315608,0.3184,1.5703517587939697
LR,12,911,12.960601806640625,477.50634765625,0.11302339283584968,0.37874614748844543,0.18120990059332423,0.3184,1.5703517587939697
LR,31,912,167.47039794921875,663.4338035583496,0.16948985396643998,0.2897446702402853,0.20652943347195282,0.3184,1.5703517587939697
LR,31,913,6.18212890625,626.9162139892578,0.09208457888154847,0.14380896529299786,0.1340530452529008,0.3184,1.5703517587939697
LR,10,914,12.34991455078125,935.5751609802246,0.19115990633647245,0.48801805703512474,0.2405623506941462,0.3184,1.5703517587939697
LR,9,915,171.87052154541016,433.98641204833984,0.35488801210263254,0.5568265884691382,0.3915546570777534,0.3184,1.5703517587939697
LR,53,916,172.51333618164062,806.4865570068359,0.09412203741465193,0.3023618477182554,0.14111185421153372,0.3184,1.5703517587939697
LR,38,917,10.23248291015625,808.2100563049316,0.33167251249960816,0.5015742227033165,0.3461915544085516,0.3184,1.5703517587939697
LR,7,918,5.5267333984375,730.6572799682617,0.21314005387839527,0.4948111304633869,0.2556863946019986,0.3184,1.5703517587939697
LR,32,919,170.96544647216797,449.9735412597656,0.1978296023872362,0.30592235953412683,0.2258754456027843,0.3184,1.5703517587939697
LR,7,920,7.06182861328125,686.7025451660156,0.16061830808726055,0.34485900526831,0.1915755781974485,0.3184,1.5703517587939697
LR,6,921,171.3731689453125,776.3838424682617,0.156442600525461,0.42795977936072865,0.20152343375883533,0.3184,1.5703517587939697
LR,26,922,165.96221923828125,532.4900970458984,0.09342728681681052,0.1950773666021465,0.14575803578594987,0.3184,1.5703517587939697
LR,16,923,13.660995483398438,639.4131774902344,0.19222161482489666,0.4955477017125666,0.22980785400370282,0.3184,1.5703517587939697
LR,20,924,170.32693481445312,696.8312239646912,0.10252448324896365,0.2834121372231686,0.15026811254084627,0.3184,1.5703517587939697
LR,32,925,7.4708251953125,337.3113212585449,0.23539217402821613,0.6009739989281869,0.29854515355623906,0.3184,1.5703517587939697
LR,10,926,9.926040649414062,501.0115661621094,0.1343025174037477,0.35466993440868694,0.17322360592336522,0.3184,1.5703517587939697
LR,26,927,7.920074462890625,603.7208213806152,0.13342620056633586,0.44145460490706906,0.19905758366873333,0.3184,1.5703517587939697
LR,7,928,171.607666015625,974.2555160522461,0.15404672333530903,0.23876926417540398,0.18739388954242517,0.3184,1.5703517587939697
LR,4,929,165.33547973632812,560.5707702636719,0.12556553618774133,0.2215298357834417,0.15446198259342422,0.3184,1.5703517587939697
LR,46,930,6.91046142578125,447.77469635009766,0.1371920144692117,0.5322288744932173,0.21107686397977088,0.3184,1.5703517587939697
LR,17,931,8.67266845703125,230.05499267578125,0.18303494791596933,0.5262637921087356,0.23111559969424542,0.3184,1.5703517587939697
LR,33,932,5.96368408203125,634.0568695068359,0.1275784410372223,0.42299780385172525,0.19159711392653914,0.3184,1.5703517587939697
LR,9,933,168.79898071289062,811.0336456298828,0.16569616815988772,0.4067477552678156,0.2095056467039088,0.3184,1.5703517587939697
LR,34,934,9.301666259765625,943.4480667114258,0.16214495619572053,0.37282632214209743,0.20000787213003243,0.3184,1.5703517587939697
LR,27,935,12.653411865234375,387.48985290527344,0.10597278403633645,0.1808701272447966,0.1296352975722397,0.3184,1.5703517587939697
LR,2,936,172.23551177978516,484.58068084716797,0.2914224089903931,0.4918758153978438,0.3640072134260494,0.3184,1.5703517587939697
LR,9,937,6.8309326171875,1058.6200103759766,0.2006936318853248,0.3982032569163845,0.22020884944083427,0.3184,1.5703517587939697
LR,30,938,7.979469299316406,405.5718479156494,0.16729930998848627,0.5094234292663593,0.21711811492405012,0.3184,1.5703517587939697
LR,45,939,9.950439453125,369.0887870788574,0.23124649559055174,0.5336354692384185,0.28013405545292025,0.3184,1.5703517587939697
LR,26,940,12.52960205078125,207.97750854492188,0.12368496185785671,0.2342853608017792,0.15567483367860502,0.3184,1.5703517587939697
LR,32,941,12.265449523925781,201.6040802001953,0.12258285336733143,0.20996010366621254,0.148569428802719,0.3184,1.5703517587939697
LR,21,942,13.24163818359375,405.9668426513672,0.11149167764172972,0.4289599859351052,0.19039578099761395,0.3184,1.5703517587939697
LR,18,943,6.288047790527344,310.6216735839844,0.14271841386124107,0.19416885695562344,0.24940467033070604,0.3184,1.5703517587939697
LR,36,944,174.3128204345703,259.36737060546875,0.4829252739738987,0.5634938511897896,0.6603601577556782,0.3184,1.5703517587939697
LR,36,945,169.38031005859375,761.327507019043,0.14714786322373435,0.3015971625203205,0.17717132005947775,0.3184,1.5703517587939697
LR,40,946,10.304756164550781,360.5118942260742,0.23102667783951955,0.6137608883338755,0.30984904476588493,0.3184,1.5703517587939697
LR,17,947,174.80636596679688,353.96700286865234,0.1234313416421768,0.545397872690114,0.24502444074614546,0.3184,1.5703517587939697
LR,40,948,9.78216552734375,418.89366149902344,0.1186865039103406,0.22536238527097732,0.13612686083960532,0.3184,1.5703517587939697
LR,12,949,172.58380889892578,290.57977294921875,0.366814025552165,0.4709013644406612,0.45863824706471157,0.3184,1.5703517587939697
LR,26,950,169.1143798828125,233.73272705078125,0.3752718004148872,0.5142214147996298,0.43950769261197753,0.3184,1.5703517587939697
LR,53,951,172.56930541992188,551.1949005126953,0.12820918191812458,0.4875567619971153,0.19380354301426164,0.3184,1.5703517587939697
LR,12,952,6.339385986328125,289.2530288696289,0.23905841970303715,0.5110338444125762,0.29700567741123973,0.3184,1.5703517587939697
LR,3,953,10.968017578125,283.2098388671875,0.14017567999099614,0.49496298010006967,0.2026212903377259,0.3184,1.5703517587939697
LR,2,954,6.8082733154296875,424.22758865356445,0.4312074709628886,0.514486762531781,1.2055980950158047,0.3184,1.5703517587939697
LR,17,955,7.124267578125,764.8074493408203,0.21579704457362164,0.39180737060280013,0.23353544574990734,0.3184,1.5703517587939697
LR,32,956,12.600990295410156,220.13299560546875,0.10939261858316851,0.3430913481046517,0.15999776395008794,0.3184,1.5703517587939697
LR,18,957,169.80413818359375,472.31166076660156,0.09915319824580646,0.26271312882176606,0.16125340844772282,0.3184,1.5703517587939697
LR,12,958,13.15594482421875,597.2815399169922,0.2772008897416233,0.37975760685601195,0.2548828663961944,0.3184,1.5703517587939697
LR,1,959,165.78868103027344,332.8002815246582,0.19511259972226744,0.6008420236946928,0.2576728540695361,0.3184,1.5703517587939697
LR,0,960,10.637237548828125,481.62294006347656,0.12874488646076715,0.3129450560079746,0.16328304879273825,0.3184,1.5703517587939697
LR,5,961,8.994888305664062,470.84095764160156,0.12734492741946996,0.42832916525107284,0.1754096544245337,0.3184,1.5703517587939697
LR,43,962,11.310203552246094,272.51522064208984,0.27025122125242446,0.4856178814089376,0.2576392527277936,0.3184,1.5703517587939697
LR,34,963,12.606414794921875,446.804931640625,0.11689503425787952,0.24637878943122352,0.1578495474135268,0.3184,1.5703517587939697
LR,41,964,171.32009887695312,650.2187194824219,0.11189698380521249,0.21192760996030557,0.1460778543255298,0.3184,1.5703517587939697
LR,32,965,171.69491577148438,553.7287788391113,0.13418865827371987,0.2515801626458036,0.15341738455605244,0.3184,1.5703517587939697
LR,1,966,174.58892822265625,860.4977874755859,0.16324080804034924,0.329294394294217,0.1866075844869195,0.3184,1.5703517587939697
LR,49,967,168.146484375,215.8646469116211,0.11694976484323548,0.16976544773741475,0.2610177453725235,0.3184,1.5703517587939697
LR,30,968,10.954193115234375,367.02178955078125,0.21155357689963433,0.5542977954641972,0.28360662084233085,0.3184,1.5703517587939697
LR,17,969,8.864143371582031,306.0624313354492,0.12826438353699463,0.20327050784860845,0.18693933187288578,0.3184,1.5703517587939697
LR,7,970,6.20697021484375,833.9374542236328,0.19274144327388554,0.4678125453982901,0.226699680854895,0.3184,1.5703517587939697
LR,5,971,9.62786865234375,617.968828201294,0.17789029375614537,0.4620909424403302,0.22921278478911766,0.3184,1.5703517587939697
LR,29,972,165.4637451171875,212.66357803344727,0.22893614878951596,0.4085165730835078,0.23336641947878145,0.3184,1.5703517587939697
LR,10,973,9.49505615234375,483.49742126464844,0.36233246174545575,0.47616131588858346,0.44670722503788374,0.3184,1.5703517587939697
LR,1,974,12.365478515625,412.81694412231445,0.18056927758664268,0.4827684140318642,0.2347954433765441,0.3184,1.5703517587939697
LR,24,975,169.66352081298828,712.6056365966797,0.1838463181977944,0.2822625008989449,0.21091517290909878,0.3184,1.5703517587939697
LR,41,976,11.0355224609375,617.3273468017578,0.3212740700947702,0.5077917324522188,0.30133306894704537,0.3184,1.5703517587939697
LR,34,977,167.63677978515625,505.6201400756836,0.2783699127318033,0.43720766985590526,0.31988822928011423,0.3184,1.5703517587939697
LR,20,978,166.86489868164062,249.70091247558594,0.2325580116156344,0.7093717554479065,0.29287463165924205,0.3184,1.5703517587939697
LR,14,979,7.920074462890625,939.3846683502197,0.22155909288981906,0.4359433660037352,0.24573580811423898,0.3184,1.5703517587939697
LR,39,980,12.426689147949219,680.6276206970215,0.34446231606745337,0.5635957037709233,0.35491050535064406,0.3184,1.5703517587939697
LR,18,981,9.94036865234375,290.66217041015625,0.28540255483657617,0.3909321290715214,0.27233109271055667,0.3184,1.5703517587939697
LR,55,982,6.82037353515625,263.5882148742676,0.23830334698174516,0.6341371575594281,0.29280769158092634,0.3184,1.5703517587939697
LR,50,983,13.89263916015625,225.67901611328125,0.06664904973351983,0.6072271233060947,0.24452433890542463,0.3184,1.5703517587939697
LR,32,984,5.342254638671875,306.4968566894531,0.3530803699143307,0.6314799607144044,0.36266007669499356,0.3184,1.5703517587939697
LR,53,985,172.62008666992188,218.2828826904297,0.14722441317665017,0.4116275040269894,0.2071347815368271,0.3184,1.5703517587939697
LR,49,986,12.0167236328125,359.1849822998047,0.11288707878673344,0.2716912245218664,0.16465709717209193,0.3184,1.5703517587939697
LR,11,987,174.8396987915039,307.47607421875,0.36972297590690206,0.4663433597900175,0.5439592287281021,0.3184,1.5703517587939697
LR,17,988,13.628326416015625,740.9472198486328,0.22547073661260533,0.48388149616108755,0.26017761980832044,0.3184,1.5703517587939697
LR,1,989,167.55413818359375,593.3126983642578,0.1861164999901532,0.4347335206793784,0.23567091796910825,0.3184,1.5703517587939697
LR,53,990,9.61944580078125,880.5906448364258,0.15134696031038275,0.4209154106055046,0.19180650141376515,0.3184,1.5703517587939697
LR,9,991,10.37579345703125,305.972900390625,0.12229912689474466,0.5780034284670373,0.25027538952567574,0.3184,1.5703517587939697
LR,37,992,173.83932495117188,531.0838012695312,0.1770638467366663,0.41271801288035737,0.21204728770256828,0.3184,1.5703517587939697
LR,50,993,169.93560791015625,626.6846160888672,0.1634141898637336,0.4242300642740637,0.20651141354116806,0.3184,1.5703517587939697
LR,44,994,14.35101318359375,344.4020080566406,0.3004883328431583,0.5165617505425855,0.3265087962800226,0.3184,1.5703517587939697
LR,51,995,172.64163208007812,890.1372680664062,0.1653269504556777,0.3775605236503643,0.21179775085237904,0.3184,1.5703517587939697
LR,9,996,8.7900390625,981.9394836425781,0.18847742291308117,0.4627599921513441,0.23146552327612582,0.3184,1.5703517587939697
LR,21,997,169.10437774658203,508.5751953125,0.1499270915116029,0.31801199550015924,0.17806573126008013,0.3184,1.5703517587939697
LR,41,998,172.91082763671875,596.9047241210938,0.29976262356190947,0.5763555173733318,0.37589233083871926,0.3184,1.5703517587939697
LR,10,999,5.54449462890625,895.8056182861328,0.2579753606034375,0.4912183791473841,0.2821373891050089,0.3184,1.5703517587939697
LR,25,1000,171.80450439453125,526.9012298583984,0.09400061168612964,0.36360607458228655,0.19631094291135331,0.3184,1.5703517587939697
LR,28,1001,11.402801513671875,641.9639282226562,0.11004275345919501,0.4915118409204788,0.24793942309281472,0.3184,1.5703517587939697
LR,16,1002,10.4005126953125,808.1166076660156,0.1637653070601426,0.3364416572367914,0.19422033971348163,0.3184,1.5703517587939697
LR,48,1003,14.78741455078125,309.6472473144531,0.14855956688333533,0.19620376861274413,0.23977715066042096,0.3184,1.5703517587939697
LR,20,1004,7.8348388671875,708.56005859375,0.1308056039037057,0.5241041462605244,0.2126536140276848,0.3184,1.5703517587939697
LR,20,1005,6.709053039550781,218.35880279541016,0.09154650721426563,0.1436067227140788,0.15332329933581243,0.3184,1.5703517587939697
LR,26,1006,173.0623779296875,492.02809143066406,0.15039728546939424,0.26751851629402695,0.1947033412542436,0.3184,1.5703517587939697
LR,42,1007,6.683074951171875,593.2634925842285,0.11635921474165732,0.2141046507174499,0.1410147191847669,0.3184,1.5703517587939697
LR,14,1008,10.43743896484375,612.7808513641357,0.15241772711984516,0.42536462057246105,0.20839224741186035,0.3184,1.5703517587939697
LR,1,1009,171.5294189453125,499.67230224609375,0.20764703543063803,0.3803404940924922,0.2632385251640538,0.3184,1.5703517587939697
LR,19,1010,7.560722351074219,235.1861572265625,0.13476748948983602,0.4104241869759524,0.26288137085363933,0.3184,1.5703517587939697
LR,39,1011,174.1268310546875,865.0791397094727,0.2023720821553237,0.4253923249869454,0.23332535783536046,0.3184,1.5703517587939697
LR,3,1012,6.28985595703125,741.852424621582,0.24116773253049986,0.47646453588971444,0.274756480793893,0.3184,1.5703517587939697
LR,26,1013,10.634765625,638.1625518798828,0.10285212130426703,0.5223893607772602,0.23563339222342602,0.3184,1.5703517587939697
LR,37,1014,14.769073486328125,320.94580078125,0.2145783897562174,0.4021846658672167,0.2538147891161073,0.3184,1.5703517587939697
LR,47,1015,170.78936767578125,423.83123779296875,0.2068527912296183,0.48356118326351666,0.24886435918935015,0.3184,1.5703517587939697
LR,26,1016,168.6897964477539,251.5855712890625,0.2868604637582429,0.6129629960516868,0.31841845566076454,0.3184,1.5703517587939697
LR,34,1017,6.84197998046875,894.6907958984375,0.24260580299494555,0.5122382027675028,0.2794878056917225,0.3184,1.5703517587939697
LR,39,1018,169.75601196289062,408.9351806640625,0.18419444058220316,0.5179416200300011,0.25457734094076234,0.3184,1.5703517587939697
LR,47,1019,169.3006134033203,205.62135314941406,0.30681974561519554,0.5772487299966834,0.32546320208030244,0.3184,1.5703517587939697
LR,11,1020,13.592254638671875,584.7624053955078,0.17657079853153174,0.2323110384369303,0.2241485026845578,0.3184,1.5703517587939697
LR,5,1021,172.1749267578125,510.3959197998047,0.17240177521101216,0.5367074035902303,0.24546452199794297,0.3184,1.5703517587939697
LR,13,1022,7.906501770019531,440.60777282714844,0.22813940692612952,0.4718844821743628,0.3033239617556474,0.3184,1.5703517587939697
LR,6,1023,172.73748779296875,329.403564453125,0.19241682520936193,0.555981371323086,0.2597239347838083,0.3184,1.5703517587939697
LR,18,1024,168.46112823486328,389.9659881591797,0.38330580102571743,0.5769345898284457,0.3946123140291943,0.3184,1.5703517587939697
LR,30,1025,171.11981201171875,225.48498153686523,0.3818565328152885,0.6500940585090789,0.40049613899877173,0.3184,1.5703517587939697
LR,10,1026,171.87051391601562,753.4511947631836,0.20143112403107125,0.5211777541005638,0.2551749789699668,0.3184,1.5703517587939697
LR,11,1027,10.0078125,609.7979278564453,0.15600805562082448,0.4459991534894101,0.21452531440566566,0.3184,1.5703517587939697
LR,38,1028,170.77405548095703,336.28578662872314,0.31877962270299204,0.4323473693966729,0.3500689786793902,0.3184,1.5703517587939697
LR,50,1029,173.38279724121094,290.9580764770508,0.1316662391406976,0.6136758229270853,0.21489552864295547,0.3184,1.5703517587939697
LR,40,1030,174.36326599121094,219.56250762939453,0.10505627086199126,0.17175449953003055,0.17858385721200506,0.3184,1.5703517587939697
LR,42,1031,5.193634033203125,707.2717781066895,0.11552166118714402,0.18793551947128342,0.15158934285090708,0.3184,1.5703517587939697
LR,13,1032,173.01028442382812,995.6256866455078,0.17083924232624592,0.33479691085640717,0.1974849537210827,0.3184,1.5703517587939697
LR,17,1033,168.84243774414062,625.768310546875,0.27066573206530004,0.5449901265758751,0.29172687393966684,0.3184,1.5703517587939697
LR,36,1034,172.99951171875,662.1834106445312,0.10545694904517468,0.3168143530860277,0.14877899210678242,0.3184,1.5703517587939697
LR,30,1035,6.7653961181640625,359.0110168457031,0.08316725936851936,0.11802489327324782,0.40295891019651214,0.3184,1.5703517587939697
LR,23,1036,7.44952392578125,681.7500478029251,0.14858693167781797,0.48170096707074955,0.21365721644926552,0.3184,1.5703517587939697
LR,16,1037,173.93902587890625,708.6195526123047,0.10415661990979769,0.15867638999528863,0.15547114167843135,0.3184,1.5703517587939697
LR,30,1038,169.508544921875,745.4306564331055,0.1331032907453351,0.2724516350566685,0.1713381275911517,0.3184,1.5703517587939697
LR,26,1039,13.718719482421875,640.7174835205078,0.1745468058132064,0.4908650383869512,0.23989764135259617,0.3184,1.5703517587939697
LR,42,1040,7.09765625,788.5709762573242,0.29100814494001015,0.46102362401304586,0.3040518040161237,0.3184,1.5703517587939697
LR,2,1041,6.89166259765625,1032.8917999267578,0.19723942609344555,0.3091450348970413,0.22023309296759608,0.3184,1.5703517587939697
LR,37,1042,9.175796508789062,399.4587211608887,0.19789348393946324,0.564998512219041,0.2600651009357539,0.3184,1.5703517587939697
LR,20,1043,173.66061401367188,257.1810760498047,0.10827572743588557,0.6117731428668526,0.21229796319213584,0.3184,1.5703517587939697
LR,28,1044,13.039688110351562,437.79669189453125,0.16999444549356088,0.4765376730920297,0.2427367264378138,0.3184,1.5703517587939697
LR,22,1045,170.94256591796875,634.179443359375,0.10319096896857513,0.17247806924024878,0.12706260748991868,0.3184,1.5703517587939697
LR,41,1046,166.12886810302734,220.77586364746094,0.08278485356923143,0.5983587477704713,0.2592956892201745,0.3184,1.5703517587939697
LR,26,1047,171.95016479492188,851.4853363037109,0.1452292704924268,0.38529865831503546,0.18465352719064623,0.3184,1.5703517587939697
LR,12,1048,6.519012451171875,1077.0247650146484,0.20282651855333075,0.3035093722076487,0.22411680776807305,0.3184,1.5703517587939697
LR,42,1049,12.031166076660156,356.3753967285156,0.12383492490540371,0.2084501207247291,0.19127552030195558,0.3184,1.5703517587939697
LR,41,1050,171.05099487304688,258.6501770019531,0.14997524600001208,0.22724090960978746,0.19659094037870906,0.3184,1.5703517587939697
LR,20,1051,172.34298706054688,821.9426879882812,0.121676476235181,0.35857014839414497,0.16965429508884347,0.3184,1.5703517587939697
LR,15,1052,13.466461181640625,511.62628173828125,0.09773631403981252,0.2496055739188751,0.15243676101584896,0.3184,1.5703517587939697
LR,18,1053,171.45147705078125,847.6705093383789,0.13699756403944016,0.3808643759052617,0.1839235044223354,0.3184,1.5703517587939697
LR,9,1054,10.701416015625,641.4251852035522,0.17959946231215695,0.41104880136936983,0.22037559871456444,0.3184,1.5703517587939697
LR,44,1055,172.84030151367188,838.2098388671875,0.13493441522466326,0.38124440188410597,0.19322026349269505,0.3184,1.5703517587939697
LR,37,1056,172.0678939819336,514.1268157958984,0.16312580762910894,0.5207882918998874,0.22397706675520798,0.3184,1.5703517587939697
LR,26,1057,165.57748413085938,526.5294189453125,0.10089720325972372,0.17520167107510534,0.14877850897199954,0.3184,1.5703517587939697
LR,43,1058,7.732917785644531,720.2378082275391,0.192339636473635,0.4387643616295419,0.22272025935833778,0.3184,1.5703517587939697
LR,29,1059,7.69537353515625,585.3773498535156,0.22306726560175846,0.43570203466484597,0.2525893749569506,0.3184,1.5703517587939697
LR,34,1060,166.18356323242188,481.90988540649414,0.2603813445754773,0.3724008846197296,0.2898872132911707,0.3184,1.5703517587939697
LR,40,1061,173.99180603027344,632.5258026123047,0.25627949474487927,0.4602529732430935,0.2739500340070223,0.3184,1.5703517587939697
LR,40,1062,7.279548645019531,281.9318084716797,0.3460991654301735,0.5085381972522315,0.401021359100777,0.3184,1.5703517587939697
LR,20,1063,8.051193237304688,704.2835540771484,0.3628705507218046,0.4872851990231257,0.48208424360112545,0.3184,1.5703517587939697
LR,24,1064,170.07395935058594,235.70697021484375,0.42085628893830107,0.5518768242619297,0.40147362868559744,0.3184,1.5703517587939697
LR,6,1065,11.82196044921875,233.86530685424805,0.1394694773878294,0.23932987897609292,0.17430642972312488,0.3184,1.5703517587939697
LR,16,1066,14.03778076171875,318.7268371582031,0.20742740880290955,0.5438178529830066,0.2755324466370759,0.3184,1.5703517587939697
LR,2,1067,8.4837646484375,566.0755462646484,0.12853483334274654,0.4652723521919347,0.18402744043710503,0.3184,1.5703517587939697
LR,15,1068,11.997459411621094,272.6875915527344,0.18025804466019382,0.24115910949916447,0.27284662090681394,0.3184,1.5703517587939697
LR,55,1069,6.5081787109375,1014.2785568237305,0.24037588601901394,0.4756979169378203,0.2680588431729659,0.3184,1.5703517587939697
LR,25,1070,165.73382568359375,631.5866470336914,0.09778987276348564,0.3842215780163082,0.14640648620654553,0.3184,1.5703517587939697
LR,53,1071,11.045166015625,589.2990570068359,0.1757007984558855,0.4932336750957912,0.21919400546550202,0.3184,1.5703517587939697
LR,54,1072,167.79177856445312,683.9990539550781,0.12325357959775754,0.5123618391898688,0.2360402216676626,0.3184,1.5703517587939697
LR,9,1073,173.17962646484375,602.246753692627,0.21398253572430306,0.43142832274519116,0.2737174699904239,0.3184,1.5703517587939697
LR,12,1074,6.69952392578125,1039.1795501708984,0.20777017459289315,0.29957988837148136,0.2312263828287372,0.3184,1.5703517587939697
LR,19,1075,10.336479187011719,599.3457260131836,0.16246164325781132,0.3864524955546363,0.20066685454640606,0.3184,1.5703517587939697
LR,44,1076,10.104888916015625,326.4364318847656,0.25955777968691257,0.3550332142877265,0.2828689350370031,0.3184,1.5703517587939697
LR,29,1077,5.825531005859375,512.7079772949219,0.18211748006223358,0.4113647833019696,0.22879846948223106,0.3184,1.5703517587939697
LR,51,1078,14.36309814453125,492.56846618652344,0.12830890239707218,0.26795375053200743,0.18070225447227173,0.3184,1.5703517587939697
LR,39,1079,170.6619873046875,217.7854766845703,0.31153186067830213,0.431625988307623,0.3811124858986485,0.3184,1.5703517587939697
LR,21,1080,170.584716796875,663.0816879272461,0.11133862553851813,0.47657323975015303,0.18350674370585646,0.3184,1.5703517587939697
LR,21,1081,7.274261474609375,1066.3086547851562,0.15835867260164954,0.2871450133369718,0.18020865108402498,0.3184,1.5703517587939697
LR,11,1082,169.38031005859375,558.4865417480469,0.0878402658317316,0.13685309752979719,0.1411985579553498,0.3184,1.5703517587939697
LR,18,1083,7.823028564453125,695.4747467041016,0.12199104650255793,0.4629165209876676,0.1963206681376281,0.3184,1.5703517587939697
LR,2,1084,8.02886962890625,413.9307327270508,0.2209991941814468,0.47581403892212903,0.2603394466633523,0.3184,1.5703517587939697
LR,22,1085,13.393707275390625,492.6276397705078,0.1364627441072952,0.4913496362133295,0.21048907630520214,0.3184,1.5703517587939697
LR,24,1086,6.671417236328125,289.94635009765625,0.4687737279116844,0.6015642725604363,0.515252820719641,0.3184,1.5703517587939697
LR,11,1087,165.76107788085938,287.6998748779297,0.12886206184398036,0.24593144107939605,0.16196389433720762,0.3184,1.5703517587939697
LR,54,1088,171.32009887695312,259.03709411621094,0.31145529900013175,0.5846764118673815,0.36830843777096184,0.3184,1.5703517587939697
LR,15,1089,169.79190063476562,762.5469436645508,0.11768408382673864,0.36869177866133884,0.15907349736619436,0.3184,1.5703517587939697
LR,50,1090,10.922927856445312,553.1275939941406,0.17244929929903938,0.36533850763860964,0.20119832873916862,0.3184,1.5703517587939697
LR,30,1091,7.5177001953125,360.49896240234375,0.221206578712394,0.5387995898820579,0.2596346544706378,0.3184,1.5703517587939697
LR,18,1092,6.395782470703125,966.952449798584,0.2403431880814479,0.5004318792029228,0.27995922839373677,0.3184,1.5703517587939697
LR,44,1093,8.806304931640625,965.2017517089844,0.1686061978444125,0.4164717940358514,0.2276428817273868,0.3184,1.5703517587939697
LR,29,1094,7.08251953125,572.6594848632812,0.16701806620965892,0.25001437009574856,0.2094809390977635,0.3184,1.5703517587939697
LR,11,1095,14.5645751953125,697.7268524169922,0.15142077124704278,0.47630670339555115,0.2279592531485078,0.3184,1.5703517587939697
LR,52,1096,172.32620239257812,688.1439056396484,0.2451113393546379,0.46402399403119127,0.27204516458364164,0.3184,1.5703517587939697
LR,39,1097,167.00436401367188,543.9853897094727,0.19496641919488844,0.38838763033149304,0.22809686294324508,0.3184,1.5703517587939697
LR,53,1098,8.994888305664062,209.6043701171875,0.3427209845685308,0.55702789422631,0.3350170805473013,0.3184,1.5703517587939697
LR,40,1099,5.49609375,623.1471710205078,0.10021064449523996,0.16202677365172027,0.13727655668981928,0.3184,1.5703517587939697
LR,31,1100,172.84718322753906,506.01478576660156,0.16965628962019394,0.5016176648335813,0.2344524237449506,0.3184,1.5703517587939697
LR,4,1101,9.3499755859375,239.6494140625,0.1871924309111862,0.40160464284038044,0.23130392434892133,0.3184,1.5703517587939697
LR,37,1102,5.90533447265625,347.7379150390625,0.14535399335923072,0.489862701912455,0.24978729338064437,0.3184,1.5703517587939697
LR,50,1103,172.54641723632812,210.3060302734375,0.4154501567934469,0.5671930014473208,0.5508240472342673,0.3184,1.5703517587939697
LR,22,1104,165.0478973388672,676.3248443603516,0.12302788418810202,0.5189414173117854,0.19554193382285134,0.3184,1.5703517587939697
LR,41,1105,12.750923156738281,247.43057250976562,0.16675446204490377,0.22730321780466634,0.20651763504907764,0.3184,1.5703517587939697
LR,13,1106,165.4485626220703,213.18829345703125,0.4066716198940706,0.6729121362796368,0.39902410434245855,0.3184,1.5703517587939697
LR,30,1107,173.66061401367188,260.98211669921875,0.12384807272109069,0.21059020197961045,0.17997642308344336,0.3184,1.5703517587939697
LR,2,1108,14.9178466796875,276.47060775756836,0.1356638412780131,0.2161452931632312,0.18824433627045134,0.3184,1.5703517587939697
LR,2,1109,168.85690307617188,657.7316589355469,0.12262368529134285,0.4785326392165158,0.21771694413994613,0.3184,1.5703517587939697
LR,21,1110,166.39415740966797,263.64012145996094,0.17053477967086955,0.40395462056376213,0.2162890468273292,0.3184,1.5703517587939697
LR,16,1111,173.66060638427734,896.6475639343262,0.2561980864663751,0.4913474912323868,0.2737657083811263,0.3184,1.5703517587939697
LR,35,1112,173.07965087890625,302.4793395996094,0.1340750959183257,0.39536814996431663,0.20631089473201755,0.3184,1.5703517587939697
LR,43,1113,169.81149291992188,775.637321472168,0.1455427917446255,0.37328261209560065,0.19042191308126896,0.3184,1.5703517587939697
LR,29,1114,9.196250915527344,509.673038482666,0.1224526561160782,0.19333743365038414,0.1632762849571941,0.3184,1.5703517587939697
LR,49,1115,172.875732421875,385.33978271484375,0.37050677254181336,0.48245034982282736,0.38551054534988205,0.3184,1.5703517587939697
LR,12,1116,174.7633056640625,818.4075317382812,0.18554348611580457,0.4665165377655312,0.23786638164712262,0.3184,1.5703517587939697
LR,38,1117,10.185035705566406,215.8419189453125,0.4060339181648179,0.6393594059380866,0.38173415207518646,0.3184,1.5703517587939697
LR,41,1118,11.449668884277344,249.31481170654297,0.36625402536298995,0.6309489493862688,0.37009123879165345,0.3184,1.5703517587939697
LR,49,1119,12.412384033203125,439.3456268310547,0.10799041542499051,0.3814640531969952,0.15762198402388722,0.3184,1.5703517587939697
LR,43,1120,173.11904907226562,743.8762969970703,0.1365836138497104,0.49775376717724623,0.21658593611354993,0.3184,1.5703517587939697
LR,36,1121,172.20858764648438,612.5030212402344,0.12954179857080952,0.39759068638070527,0.17539303238339213,0.3184,1.5703517587939697
LR,52,1122,6.0906982421875,888.7565460205078,0.13464939005808438,0.44292155260373933,0.1835056575480931,0.3184,1.5703517587939697
LR,39,1123,5.378898620605469,435.06864166259766,0.18819117121311812,0.4483817825565154,0.24043037700579795,0.3184,1.5703517587939697
LR,30,1124,14.251678466796875,214.37713623046875,0.1319921123373355,0.3685660633065949,0.19193430173756737,0.3184,1.5703517587939697
LR,11,1125,170.45993041992188,702.3651504516602,0.1294018898478979,0.4654482055461192,0.21602626656313617,0.3184,1.5703517587939697
LR,37,1126,7.714988708496094,489.7349853515625,0.24542206409326,0.40651898875395875,0.255496776031148,0.3184,1.5703517587939697
LR,25,1127,12.554168701171875,504.74359130859375,0.10758778221533723,0.35507408266603696,0.15655544606643934,0.3184,1.5703517587939697
LR,49,1128,165.6238250732422,204.20059204101562,0.11569030062601403,0.26081545206156687,0.16656869604788946,0.3184,1.5703517587939697
LR,19,1129,10.034706115722656,520.351936340332,0.14879510222919756,0.48282800247048707,0.21509841044873845,0.3184,1.5703517587939697
LR,54,1130,10.217559814453125,901.6596832275391,0.10273345676451373,0.16463288063707096,0.14600030894413502,0.3184,1.5703517587939697
LR,12,1131,13.571731567382812,224.91632080078125,0.06931255650995492,0.49020847592467676,0.28800917762489353,0.3184,1.5703517587939697
LR,24,1132,168.35784912109375,314.3130416870117,0.1918397771155302,0.3655219292389799,0.24074448110147373,0.3184,1.5703517587939697
LR,55,1133,169.56256103515625,570.3787536621094,0.1719941534670022,0.3658736236073694,0.21240770238295795,0.3184,1.5703517587939697
LR,15,1134,8.4705810546875,719.0653324127197,0.20425552881006948,0.4582005611823278,0.2421065803571938,0.3184,1.5703517587939697
LR,44,1135,9.740325927734375,318.5552978515625,0.2559670670366295,0.35011280107897674,0.2840621425833952,0.3184,1.5703517587939697
LR,22,1136,167.7570037841797,415.4252166748047,0.13650147626707415,0.32351886653817963,0.1855172320062762,0.3184,1.5703517587939697
LR,34,1137,167.27474975585938,650.2803802490234,0.09680071139550474,0.15103090754481702,0.13346212367925092,0.3184,1.5703517587939697
LR,33,1138,166.7139892578125,470.88676834106445,0.1149039644443976,0.29359039098096723,0.16352011563648186,0.3184,1.5703517587939697
LR,50,1139,167.8343505859375,687.1964874267578,0.14413246538302682,0.4603809382906748,0.22531787136363182,0.3184,1.5703517587939697
LR,16,1140,9.94036865234375,753.9745864868164,0.21480930989443836,0.41916402816431303,0.2510825488176654,0.3184,1.5703517587939697
LR,55,1141,172.18536376953125,975.3090057373047,0.26171927337889134,0.4824578678431078,0.2805840588291687,0.3184,1.5703517587939697
LR,37,1142,165.96221923828125,669.618408203125,0.1440415500210866,0.2466606158436918,0.17324369087272495,0.3184,1.5703517587939697
LR,0,1143,5.781585693359375,354.9501037597656,0.2704788306031656,0.5383496075824992,0.3160362518512291,0.3184,1.5703517587939697
LR,27,1144,172.635986328125,858.482063293457,0.1367599137174597,0.2655850687567359,0.16296770268835548,0.3184,1.5703517587939697
LR,16,1145,13.407089233398438,303.2939453125,0.1218889430560678,0.18344853543791048,0.1907904801219641,0.3184,1.5703517587939697
LR,7,1146,169.43899536132812,857.7480010986328,0.12296450755810752,0.4269372102022806,0.16987794896094918,0.3184,1.5703517587939697
LR,13,1147,14.03778076171875,289.9646301269531,0.0913336707687131,0.42541624091834135,0.18628077032418566,0.3184,1.5703517587939697
LR,9,1148,170.4287109375,340.3479766845703,0.16008321735478998,0.4502200581517024,0.21703931850827035,0.3184,1.5703517587939697
LR,31,1149,174.62982177734375,339.87884521484375,0.2920709825043899,0.413165773619678,0.32880473727071596,0.3184,1.5703517587939697
LR,38,1150,13.89263916015625,258.5415344238281,0.3720276005493853,0.49005833252019754,0.42376967625862205,0.3184,1.5703517587939697
LR,33,1151,11.55584716796875,977.0603942871094,0.15913537831901212,0.3762701493169055,0.20437811493432367,0.3184,1.5703517587939697
LR,25,1152,168.78284454345703,518.2762145996094,0.09155108361237224,0.1403556421374871,0.14948868730002618,0.3184,1.5703517587939697
LR,18,1153,167.44894409179688,680.4728240966797,0.2640274582190149,0.5388047714144049,0.2652690133300898,0.3184,1.5703517587939697
LR,50,1154,7.764495849609375,354.1879539489746,0.22754186717407193,0.3974230123780583,0.2507265324439416,0.3184,1.5703517587939697
LR,25,1155,168.68978881835938,287.8075256347656,0.11767929926507206,0.17128881243669639,0.1686302842124371,0.3184,1.5703517587939697
LR,28,1156,9.071044921875,592.2386322021484,0.11738186434926753,0.2196161678440911,0.1437146089837548,0.3184,1.5703517587939697
LR,44,1157,11.7335205078125,528.2825164794922,0.0899093550498718,0.5179980993777901,0.23344187153343587,0.3184,1.5703517587939697
LR,4,1158,172.5693130493164,535.1028861999512,0.22334844657695255,0.4531677349430446,0.29472897408161414,0.3184,1.5703517587939697
LR,44,1159,6.339393615722656,290.53466796875,0.2672173832491708,0.4268389450776411,0.31870440945005524,0.3184,1.5703517587939697
LR,28,1160,12.964019775390625,329.9965362548828,0.10933084607047064,0.2863860030168489,0.14144892836143227,0.3184,1.5703517587939697
LR,45,1161,167.24156951904297,658.1272735595703,0.09253458220123519,0.3729145303741421,0.15651004822707115,0.3184,1.5703517587939697
LR,9,1162,174.63922119140625,984.5244903564453,0.19220776928625727,0.29457354344592224,0.2106525713174823,0.3184,1.5703517587939697
LR,12,1163,13.944717407226562,412.5115966796875,0.17831179406836567,0.4493237335309706,0.22908832094191584,0.3184,1.5703517587939697
LR,2,1164,165.66018676757812,244.89620971679688,0.11847840339941561,0.5085858244460326,0.213708379262481,0.3184,1.5703517587939697
LR,0,1165,12.00286865234375,670.1647644042969,0.2988880598068631,0.5182101467610359,0.3135497054565129,0.3184,1.5703517587939697
LR,42,1166,171.2193374633789,204.9093017578125,0.21767635155066145,0.5053971951368076,0.2775433520867811,0.3184,1.5703517587939697
LR,52,1167,165.17156982421875,502.1527600288391,0.11012326783266994,0.20123130770638817,0.13625952685365908,0.3184,1.5703517587939697
LR,55,1168,9.837615966796875,384.54429626464844,0.1467878745882708,0.3552671748109712,0.21465721459461654,0.3184,1.5703517587939697
LR,3,1169,168.37744140625,201.5936279296875,0.28373895644633657,0.5748563252337557,0.4213831157495181,0.3184,1.5703517587939697
LR,7,1170,170.4460220336914,231.66374969482422,0.12494605379349218,0.3504053989749596,0.17015121995802523,0.3184,1.5703517587939697
LR,21,1171,171.87051391601562,658.7492370605469,0.11058518265670687,0.3516969169390448,0.15686616526506242,0.3184,1.5703517587939697
LR,12,1172,11.310211181640625,316.6731414794922,0.22643773053050775,0.4979291341099227,0.28319996885667803,0.3184,1.5703517587939697
LR,35,1173,8.7900390625,461.4497375488281,0.1267227688842269,0.19611194206340488,0.17574557772942953,0.3184,1.5703517587939697
LR,3,1174,12.69354248046875,437.2990264892578,0.1160774757954488,0.3427912499456574,0.17213641774731914,0.3184,1.5703517587939697
LR,35,1175,5.11956787109375,552.63427734375,0.23174830682697078,0.43748139802980907,0.2585211157958128,0.3184,1.5703517587939697
LR,22,1176,168.17803192138672,329.5500988960266,0.1287962644212456,0.2677953116226105,0.15377639219329453,0.3184,1.5703517587939697
LR,32,1177,171.87052154541016,289.44461822509766,0.12196841407829802,0.2337786371436078,0.15267587000726074,0.3184,1.5703517587939697
LR,13,1178,172.04757690429688,875.6832642555237,0.14080702579115756,0.41655875164631123,0.18624999207799162,0.3184,1.5703517587939697
LR,48,1179,168.15744018554688,789.1448440551758,0.14794906995928864,0.41938405831060466,0.19443729204785948,0.3184,1.5703517587939697
LR,30,1180,169.19168090820312,608.7093353271484,0.09660834645938618,0.16373071297128183,0.13684528917864686,0.3184,1.5703517587939697
LR,47,1181,174.9876708984375,538.2811584472656,0.27177755346307975,0.5220097395226667,0.32358567945158856,0.3184,1.5703517587939697
LR,26,1182,169.57720947265625,752.2361297607422,0.1349151923873584,0.3311149377991094,0.16725491801125184,0.3184,1.5703517587939697
LR,41,1183,167.8063201904297,737.1389736235142,0.13860304151362948,0.25877329603463317,0.1680173495035307,0.3184,1.5703517587939697
LR,4,1184,5.80364990234375,1042.8181457519531,0.20620467837099096,0.3160795122179936,0.22562684335837696,0.3184,1.5703517587939697
LR,43,1185,9.071044921875,523.0325775146484,0.09509302383679594,0.16385217789841358,0.15446991231034077,0.3184,1.5703517587939697
LR,49,1186,167.00436401367188,298.2776794433594,0.2154140230646915,0.27698115021251246,0.2544100071638661,0.3184,1.5703517587939697
LR,44,1187,172.67882537841797,212.57233810424805,0.15544038167583504,0.38302762868885726,0.2571615777238758,0.3184,1.5703517587939697
LR,21,1188,174.26307678222656,660.4256591796875,0.24371908368805895,0.3135272285961,0.31318539757322195,0.3184,1.5703517587939697
LR,17,1189,174.29022216796875,319.8678970336914,0.19481263106312963,0.5279536124789523,0.2473081887063785,0.3184,1.5703517587939697
LR,26,1190,6.7971038818359375,503.5962677001953,0.3467563639039375,0.45267676507252796,0.3297327395498244,0.3184,1.5703517587939697
LR,33,1191,165.7172393798828,692.1976470947266,0.11678276779124552,0.19117767897587354,0.14365744632768332,0.3184,1.5703517587939697
LR,38,1192,165.53579711914062,487.9270935058594,0.09666004494366576,0.16358151229168047,0.14641481617468455,0.3184,1.5703517587939697
LR,19,1193,12.2215576171875,676.8332061767578,0.28579786560936504,0.402017445871576,0.25947407091542973,0.3184,1.5703517587939697
LR,48,1194,168.19709014892578,345.7890930175781,0.38520491857317996,0.5014438750168859,0.4794043752325473,0.3184,1.5703517587939697
LR,9,1195,174.50039672851562,1017.0922241210938,0.19051483604943276,0.33269977637699166,0.2108154022600922,0.3184,1.5703517587939697
LR,4,1196,170.80816650390625,693.5323944091797,0.14414072854481483,0.47614436026738904,0.2148562550578344,0.3184,1.5703517587939697
LR,55,1197,167.767822265625,668.7061004638672,0.13239661652091012,0.5145671078736982,0.23235864150318317,0.3184,1.5703517587939697
LR,10,1198,174.80636596679688,877.903867661953,0.26369341048146233,0.4123766437726223,0.27974256533237546,0.3184,1.5703517587939697
LR,45,1199,8.19024658203125,1054.5164031982422,0.14173624730178466,0.4122816434625882,0.1981791989116422,0.3184,1.5703517587939697
LR,2,1200,9.62786865234375,321.2464904785156,0.16560858503743356,0.31009299589935707,0.20151912229120347,0.3184,1.5703517587939697
LR,4,1201,174.69989013671875,914.9731183052063,0.15980966107430372,0.2859130172381053,0.17722604725355523,0.3184,1.5703517587939697
LR,27,1202,10.145416259765625,1178.1441345214844,0.215102360368452,0.42577230511909847,0.23971352618731603,0.3184,1.5703517587939697
LR,52,1203,169.04580688476562,429.1461639404297,0.1413157827115593,0.4184512924655826,0.24503503637370339,0.3184,1.5703517587939697
LR,7,1204,169.56982421875,327.837646484375,0.16898966279164596,0.4630084046157072,0.24571348335136314,0.3184,1.5703517587939697
LR,17,1205,9.02716064453125,917.7036609649658,0.18670987791246277,0.3770243757313698,0.21104979333700274,0.3184,1.5703517587939697
LR,43,1206,11.041107177734375,281.8948516845703,0.30826204776823946,0.5585363339935026,0.34597424276663746,0.3184,1.5703517587939697
LR,38,1207,14.1016845703125,519.4567565917969,0.09603719965669102,0.45333353974963947,0.2629234060163043,0.3184,1.5703517587939697
LR,26,1208,173.54681396484375,597.8985137939453,0.23290448421925866,0.5249185313083942,0.30119196462029657,0.3184,1.5703517587939697
LR,43,1209,5.62158203125,235.8380126953125,0.2864619604978243,0.4931719977252854,0.32238831383195854,0.3184,1.5703517587939697
LR,44,1210,172.46380615234375,895.0545625686646,0.16248014876961067,0.41715655309600536,0.22427757875534984,0.3184,1.5703517587939697
LR,48,1211,173.1580047607422,618.4808197021484,0.11883997327112925,0.2016785181163252,0.17047332053021386,0.3184,1.5703517587939697
LR,17,1212,11.659698486328125,428.9493713378906,0.17713651207219483,0.40807058032824295,0.21537809745962075,0.3184,1.5703517587939697
LR,46,1213,9.622711181640625,958.9462280273438,0.13786847613210448,0.39777638099639034,0.20170574456546517,0.3184,1.5703517587939697
LR,21,1214,5.15130615234375,730.4205474853516,0.1723074616330689,0.46738516226663224,0.22760990018028976,0.3184,1.5703517587939697
LR,36,1215,165.37728881835938,334.0632438659668,0.14730460374167795,0.543258456604397,0.21556068826722005,0.3184,1.5703517587939697
LR,52,1216,5.4765625,306.5040283203125,0.3545204814152379,0.48090678529156294,0.35927516606836124,0.3184,1.5703517587939697
LR,42,1217,5.4292449951171875,304.01092529296875,0.34186291671705843,0.6307038724403199,0.30798112746096606,0.3184,1.5703517587939697
LR,43,1218,5.193634033203125,220.66253662109375,0.38754856686674005,0.5144575776154274,0.3300508483514808,0.3184,1.5703517587939697
LR,50,1219,173.1715316772461,447.8359875679016,0.30016606051164024,0.5039709316952264,0.3156477804161534,0.3184,1.5703517587939697
LR,18,1220,173.66061401367188,253.5185317993164,0.11837292624496895,0.6932404506821763,0.3009945020261255,0.3184,1.5703517587939697
LR,27,1221,168.32284545898438,649.7067108154297,0.145608605681479,0.32112656190475286,0.17631164588927997,0.3184,1.5703517587939697
LR,50,1222,12.9595947265625,287.40069580078125,0.1330931556527261,0.401797128968282,0.1838807578400035,0.3184,1.5703517587939697
LR,55,1223,171.43731689453125,826.9626693725586,0.1633039554624115,0.31883176065291674,0.201387608556092,0.3184,1.5703517587939697
LR,54,1224,14.658599853515625,396.8008728027344,0.1051794153209544,0.17002659637891307,0.15597841642736038,0.3184,1.5703517587939697
LR,35,1225,166.67935180664062,667.404296875,0.11121065817365001,0.2926272448978332,0.14292467266924822,0.3184,1.5703517587939697
LR,5,1226,11.698150634765625,571.9787139892578,0.08616679288310526,0.5507726451364059,0.30914931653912275,0.3184,1.5703517587939697
LR,26,1227,9.196258544921875,229.387939453125,0.47443583923663074,0.6300015082903503,0.5402838317722076,0.3184,1.5703517587939697
LR,43,1228,167.25946044921875,762.4820404052734,0.13277305565891884,0.23946051328964252,0.16396716809947,0.3184,1.5703517587939697
LR,4,1229,8.811088562011719,406.1984405517578,0.12606563640592294,0.20928147214921106,0.1535302174885082,0.3184,1.5703517587939697
LR,30,1230,172.83139038085938,612.2641754150391,0.16015515560245874,0.3605360681227305,0.20143832819773327,0.3184,1.5703517587939697
LR,7,1231,6.469024658203125,475.0236053466797,0.13587356525743977,0.2385869824598439,0.18296040855033763,0.3184,1.5703517587939697
LR,16,1232,170.05963134765625,356.41815185546875,0.09668019279947128,0.15167188433966705,0.1401089251709466,0.3184,1.5703517587939697
LR,40,1233,5.13897705078125,337.2486267089844,0.1210022513558303,0.5643376618827967,0.2843808189580195,0.3184,1.5703517587939697
LR,32,1234,13.5064697265625,439.9936218261719,0.11223044780209701,0.25901271293331546,0.14910588736850755,0.3184,1.5703517587939697
LR,30,1235,173.57205200195312,225.50680541992188,0.2322747304676128,0.5398084646474768,0.29624400676812224,0.3184,1.5703517587939697
LR,13,1236,14.7987060546875,815.4161224365234,0.13068485496320523,0.3832642613406599,0.17481007305166338,0.3184,1.5703517587939697
LR,27,1237,174.05929565429688,726.8751220703125,0.11745819722251556,0.19450534317391385,0.1407651582303972,0.3184,1.5703517587939697
LR,31,1238,173.03533935546875,920.371208190918,0.24574660707492016,0.451101113531109,0.2698997187138587,0.3184,1.5703517587939697
LR,34,1239,173.87081909179688,980.1268157958984,0.16213922608184472,0.26230305799083503,0.1749841736905159,0.3184,1.5703517587939697
LR,12,1240,174.54925537109375,808.955451965332,0.17882620414328412,0.4565814569533617,0.23417006614455665,0.3184,1.5703517587939697
LR,2,1241,8.7745361328125,275.4032897949219,0.25100946286245096,0.4780174223007209,0.31428625806971855,0.3184,1.5703517587939697
LR,38,1242,14.03778076171875,573.2819366455078,0.10906501614452455,0.3974861717355206,0.18261401004309474,0.3184,1.5703517587939697
LR,44,1243,11.9237060546875,951.8805084228516,0.10762809895294788,0.16498200832401758,0.1622939540606349,0.3184,1.5703517587939697
LR,38,1244,170.6500244140625,655.3800201416016,0.11044582978302303,0.19349168710106363,0.1476923190420847,0.3184,1.5703517587939697
LR,38,1245,165.56228637695312,341.6203918457031,0.309956379212822,0.549977126473903,0.33727013711465664,0.3184,1.5703517587939697
LR,25,1246,12.912139892578125,1126.1470184326172,0.18840325096693494,0.4846732934934138,0.22953699234046468,0.3184,1.5703517587939697
LR,44,1247,12.758430480957031,250.7313690185547,0.1062913682752876,0.2335403839729859,0.13727624910122482,0.3184,1.5703517587939697
LR,20,1248,172.16514587402344,517.5767364501953,0.15891943859968966,0.4599448698561372,0.2218547631223624,0.3184,1.5703517587939697
LR,2,1249,172.00714111328125,878.6178874969482,0.16691697921144144,0.3223181910784297,0.18708200440958528,0.3184,1.5703517587939697
LR,53,1250,11.104026794433594,685.4571685791016,0.17699814270410175,0.26745245085222236,0.19183939253483703,0.3184,1.5703517587939697
LR,35,1251,171.005126953125,711.4001922607422,0.0982915915583492,0.29798055255585704,0.15278854614828571,0.3184,1.5703517587939697
LR,31,1252,12.172088623046875,219.55998611450195,0.1344697586213986,0.30274855239071136,0.16483686652945972,0.3184,1.5703517587939697
LR,13,1253,172.22154235839844,540.5803680419922,0.14141332510407098,0.5226916618841657,0.2287410906440678,0.3184,1.5703517587939697
LR,3,1254,165.6489715576172,555.2577056884766,0.12079355358510635,0.21145037225845012,0.15514279586977633,0.3184,1.5703517587939697
LR,13,1255,7.3778076171875,931.8628768920898,0.2473525693466863,0.4721680454834972,0.2751337937430188,0.3184,1.5703517587939697
LR,17,1256,172.95498657226562,214.9510955810547,0.12427416935060379,0.6766451433370347,0.25137050229273306,0.3184,1.5703517587939697
LR,7,1257,14.30194091796875,285.97882080078125,0.12289268599873823,0.5275265502188093,0.181732167076651,0.3184,1.5703517587939697
LR,2,1258,7.2524566650390625,383.27973556518555,0.1857890444123319,0.33766115756168136,0.21035015702376372,0.3184,1.5703517587939697
LR,15,1259,7.170967102050781,380.2371063232422,0.21137549303889494,0.2905178458172937,0.24463019720465878,0.3184,1.5703517587939697
LR,16,1260,7.614013671875,651.317066192627,0.3193719264236533,0.49951250041435585,0.42899297614785054,0.3184,1.5703517587939697
LR,20,1261,174.73309326171875,910.070873260498,0.2703532676494265,0.4321333229922026,0.28716440433709967,0.3184,1.5703517587939697
LR,35,1262,6.595947265625,532.8373107910156,0.11572535168437684,0.5899515292033048,0.21458054062925988,0.3184,1.5703517587939697
LR,52,1263,10.74591064453125,627.7406921386719,0.10189693867382342,0.4849029812023598,0.23191882571872102,0.3184,1.5703517587939697
LR,19,1264,171.34799194335938,211.33792877197266,0.08044185429129441,0.6592366634012439,0.28066672377380697,0.3184,1.5703517587939697
LR,20,1265,174.20801544189453,338.61813735961914,0.21360649631099776,0.6302112639598403,0.3122510347269205,0.3184,1.5703517587939697
LR,15,1266,171.44500732421875,434.9713134765625,0.11378720731448269,0.30947792224334236,0.16088799493993983,0.3184,1.5703517587939697
LR,6,1267,12.824195861816406,450.1767349243164,0.13751805835952724,0.49412052160337655,0.19452969132228884,0.3184,1.5703517587939697
LR,23,1268,12.606414794921875,311.8499984741211,0.15599212137368842,0.4732436459678709,0.22013779933482353,0.3184,1.5703517587939697
LR,18,1269,169.52579498291016,231.61521911621094,0.15509195883966312,0.8044147986638278,0.4086740067687608,0.3184,1.5703517587939697
LR,8,1270,167.04144287109375,685.8820648193359,0.09812854846373162,0.16391500037634035,0.14082990190328804,0.3184,1.5703517587939697
LR,25,1271,173.510009765625,779.0416116714478,0.1518751747768468,0.2933184540616501,0.17353334336901785,0.3184,1.5703517587939697
LR,41,1272,171.3634033203125,332.37105560302734,0.12473476173538785,0.34874402993016973,0.16492567775017117,0.3184,1.5703517587939697
LR,54,1273,9.576690673828125,935.3445587158203,0.10434705358921842,0.1634898920256766,0.15276872549083093,0.3184,1.5703517587939697
LR,5,1274,14.724868774414062,312.3831787109375,0.15159758198235085,0.44278188118073103,0.23887718060192198,0.3184,1.5703517587939697
LR,39,1275,7.979469299316406,415.19007873535156,0.3252594749069644,0.5352853903081151,0.32663375501059955,0.3184,1.5703517587939697
LR,31,1276,8.4837646484375,403.38902282714844,0.17211386186042096,0.3740405961137831,0.2206922416329936,0.3184,1.5703517587939697
LR,12,1277,9.12457275390625,201.77935791015625,0.25037404606851715,0.5435490261884189,0.32035275149100645,0.3184,1.5703517587939697
LR,22,1278,171.7247085571289,527.4521179199219,0.15708116114794576,0.38000799909730393,0.20087113275004964,0.3184,1.5703517587939697
LR,30,1279,8.129478454589844,297.30101013183594,0.17443799016936695,0.5214193820256083,0.2647535784741542,0.3184,1.5703517587939697
LR,38,1280,170.70706176757812,761.9178485870361,0.13578917295737614,0.34130102674253354,0.1955446952818525,0.3184,1.5703517587939697
LR,10,1281,11.152099609375,487.662202835083,0.1869960423578488,0.5043131345983778,0.260175239057403,0.3184,1.5703517587939697
LR,51,1282,166.47555541992188,524.4548492431641,0.09613992756616167,0.29053060123321317,0.13928642222916682,0.3184,1.5703517587939697
LR,12,1283,5.45941162109375,548.752124786377,0.14366656648406312,0.34371518902325415,0.17931129762378736,0.3184,1.5703517587939697
LR,7,1284,7.649955749511719,576.3158168792725,0.42632572543664843,0.5874656583130654,0.4926737644848401,0.3184,1.5703517587939697
LR,42,1285,171.6903076171875,884.2565155029297,0.10839905704072135,0.3765704296516656,0.17831140161520553,0.3184,1.5703517587939697
LR,37,1286,171.26596069335938,776.9123840332031,0.16124464580811515,0.3053596076073326,0.19028896530238598,0.3184,1.5703517587939697
LR,37,1287,10.678985595703125,494.8940544128418,0.09820623685947062,0.15366297175647756,0.14657868928853487,0.3184,1.5703517587939697
LR,20,1288,174.41552734375,665.3814163208008,0.1378119908612451,0.4627354502625046,0.2108596803640896,0.3184,1.5703517587939697
LR,17,1289,7.124267578125,574.7892456054688,0.14562123522719528,0.4766254543012806,0.20783655008884022,0.3184,1.5703517587939697
LR,14,1290,165.32577514648438,377.7909240722656,0.3344926453457143,0.5989612799762201,0.40618683449086906,0.3184,1.5703517587939697
LR,36,1291,166.32733154296875,564.0616149902344,0.13471964775722814,0.45369150254117596,0.18557985046084066,0.3184,1.5703517587939697
LR,31,1292,11.056587219238281,222.2218475341797,0.11300862042900417,0.36767619408473806,0.16387097813738857,0.3184,1.5703517587939697
LR,11,1293,174.33709716796875,837.078182220459,0.21770986196542788,0.4968707311534298,0.2606965067479448,0.3184,1.5703517587939697
LR,14,1294,166.60629272460938,295.88421630859375,0.15773094985253935,0.37471059257326134,0.21451585462387468,0.3184,1.5703517587939697
LR,21,1295,13.628326416015625,220.07421875,0.13790632522469468,0.3909094247226,0.2233686665500847,0.3184,1.5703517587939697
LR,9,1296,9.501861572265625,726.4621429443359,0.2543386081932519,0.4758884149437438,0.2746434290199874,0.3184,1.5703517587939697
LR,42,1297,169.61825561523438,309.8748474121094,0.4186920972525567,0.5515273687088649,0.4670514171387517,0.3184,1.5703517587939697
LR,33,1298,6.5618896484375,200.88958740234375,0.5247491148120671,0.6408031036085062,0.6668771259594004,0.3184,1.5703517587939697
LR,54,1299,165.88336181640625,410.730224609375,0.21987378456222048,0.3542586977122272,0.2368805710421157,0.3184,1.5703517587939697
LR,18,1300,174.66339111328125,855.8199596405029,0.17617921362922348,0.2745026771516982,0.19359008851538353,0.3184,1.5703517587939697
LR,31,1301,7.741302490234375,311.458251953125,0.21656901258678324,0.43564335344707994,0.2711224219089658,0.3184,1.5703517587939697
LR,43,1302,169.73870849609375,943.2038192749023,0.24262369366524572,0.48920462498175593,0.2732735963770927,0.3184,1.5703517587939697
LR,42,1303,13.842132568359375,244.1133575439453,0.09895409847500956,0.16070765059978592,0.12911899049260372,0.3184,1.5703517587939697
LR,53,1304,169.60272216796875,768.7097015380859,0.12359900151178578,0.26102892155701485,0.15936634453118217,0.3184,1.5703517587939697
LR,28,1305,171.5078125,291.5620422363281,0.2630032079414401,0.6108744563273634,0.30593333717226967,0.3184,1.5703517587939697
LR,54,1306,168.94711303710938,675.5342407226562,0.12959535189036062,0.238171295607875,0.1535069470682329,0.3184,1.5703517587939697
LR,20,1307,170.59722900390625,612.878303527832,0.19899678000553211,0.46604100895200845,0.24391702115610137,0.3184,1.5703517587939697
LR,28,1308,174.19408416748047,275.8873291015625,0.10458995813355759,0.5370343368806614,0.24046085144819793,0.3184,1.5703517587939697
LR,45,1309,174.74880981445312,378.80174016952515,0.1859538287124166,0.3283612365464004,0.21136237801808996,0.3184,1.5703517587939697
LR,5,1310,6.89166259765625,747.2914733886719,0.17224316976974274,0.4615864072174227,0.21856869736253867,0.3184,1.5703517587939697
LR,26,1311,173.50726318359375,913.8472671508789,0.24885207580332605,0.44110139322885306,0.2716682842257873,0.3184,1.5703517587939697
LR,12,1312,11.104034423828125,371.7608699798584,0.15660062169569378,0.49195297891358153,0.22868037357187143,0.3184,1.5703517587939697
LR,7,1313,169.88369750976562,679.1544799804688,0.13286150673917976,0.4288172295716601,0.2140214994471361,0.3184,1.5703517587939697
LR,25,1314,172.131591796875,202.40367126464844,0.5649176439239545,0.6756143248865195,3.534520673333394,0.3184,1.5703517587939697
LR,52,1315,168.5546112060547,207.89581298828125,0.15830927362378652,0.2270176946204611,0.20718787299297198,0.3184,1.5703517587939697
LR,2,1316,9.01275634765625,999.5655670166016,0.16354670566750729,0.46434265280300135,0.20496276332111238,0.3184,1.5703517587939697
LR,43,1317,14.699188232421875,299.89620208740234,0.17375919907822837,0.4246822562775589,0.23960264672179626,0.3184,1.5703517587939697
LR,24,1318,14.860595703125,1014.2792930603027,0.16298746082355436,0.4879211371016499,0.22645062162403454,0.3184,1.5703517587939697
LR,13,1319,169.97325134277344,555.4349975585938,0.20750221961959306,0.41589352597983686,0.24628843250131657,0.3184,1.5703517587939697
LR,44,1320,168.29312896728516,438.02037048339844,0.16074653734559907,0.35156789155067464,0.20419693172830852,0.3184,1.5703517587939697
LR,46,1321,12.769134521484375,271.2511444091797,0.11750344641399828,0.3672250111720897,0.16189190662613903,0.3184,1.5703517587939697
LR,50,1322,10.57659912109375,892.8054046630859,0.13037922938003282,0.2571097393397314,0.16254659323324322,0.3184,1.5703517587939697
LR,39,1323,12.5059814453125,497.8212432861328,0.08369099615393974,0.12225675981192186,0.22313792950953296,0.3184,1.5703517587939697
LR,31,1324,11.1982421875,895.1696094274521,0.1509457082111285,0.32149668102402906,0.18913939009590147,0.3184,1.5703517587939697
LR,28,1325,167.71697998046875,603.1462326049805,0.13970088069308115,0.43533040755798513,0.19295206181742108,0.3184,1.5703517587939697
LR,2,1326,11.53887939453125,811.1260452270508,0.16343445628267458,0.40838357713431017,0.2053323806110976,0.3184,1.5703517587939697
LR,49,1327,7.706787109375,697.3376770019531,0.1384780376044881,0.46680374142896347,0.2248834033394613,0.3184,1.5703517587939697
LR,18,1328,9.395111083984375,277.78887939453125,0.22034204940804963,0.4192884221545347,0.2528401873591769,0.3184,1.5703517587939697
LR,39,1329,173.29095458984375,683.8561096191406,0.17588087669893787,0.34546523595330114,0.20131858927833945,0.3184,1.5703517587939697
LR,18,1330,173.27642822265625,534.619140625,0.16636413624845459,0.5043382652480894,0.23408062923490838,0.3184,1.5703517587939697
LR,52,1331,172.47689819335938,793.5534820556641,0.13820939593382553,0.28635040170936216,0.16873659001934146,0.3184,1.5703517587939697
LR,47,1332,170.01669311523438,772.3477630615234,0.18072434890052896,0.5611584394090546,0.25210527171931985,0.3184,1.5703517587939697
LR,48,1333,173.8961181640625,871.8605499267578,0.20716784699527704,0.3961857453564672,0.24911182455395448,0.3184,1.5703517587939697
LR,0,1334,11.394012451171875,219.12188720703125,0.4117567274892272,0.5331734602806413,0.5591092113791458,0.3184,1.5703517587939697
LR,18,1335,173.79409790039062,809.6319499015808,0.15432440949367196,0.2650799390949185,0.1766903310613888,0.3184,1.5703517587939697
LR,18,1336,167.65444946289062,485.27161407470703,0.0970526396343267,0.42334660169310956,0.16473344400214476,0.3184,1.5703517587939697
LR,11,1337,167.13629150390625,279.39520263671875,0.16939427394091922,0.3884539915095309,0.2339275478684087,0.3184,1.5703517587939697
LR,6,1338,6.298553466796875,258.5292663574219,0.18953446076253339,0.5938382664050537,0.25899094530176614,0.3184,1.5703517587939697
LR,26,1339,167.31875610351562,758.7839431762695,0.1831322483198873,0.45060587390026646,0.23016540183678572,0.3184,1.5703517587939697
LR,9,1340,12.0396728515625,514.2007293701172,0.14856161441831048,0.32054657366906747,0.1948024590537281,0.3184,1.5703517587939697
LR,6,1341,166.74600219726562,569.6690521240234,0.09505229296946271,0.4475259821123005,0.20691080396715897,0.3184,1.5703517587939697
LR,43,1342,166.30276489257812,353.2379894256592,0.20180371889174942,0.5861024129603909,0.2688902221431895,0.3184,1.5703517587939697
LR,34,1343,169.89712524414062,655.9514694213867,0.09514793936761407,0.1435934788373382,0.14735992452521565,0.3184,1.5703517587939697
LR,46,1344,170.61358642578125,813.6865940093994,0.10726259281984424,0.4114888433860311,0.19157594026146213,0.3184,1.5703517587939697
LR,36,1345,170.9654541015625,292.3741149902344,0.1015495157232954,0.6310909329714477,0.35795611827564994,0.3184,1.5703517587939697
LR,34,1346,9.016632080078125,894.1008987426758,0.2820071207864669,0.45828332590537535,0.2908608193727779,0.3184,1.5703517587939697
LR,16,1347,10.512603759765625,279.3602180480957,0.37430692639407204,0.686049409520157,0.33261513699791745,0.3184,1.5703517587939697
LR,12,1348,171.45953369140625,849.8631739616394,0.13542841122510443,0.39970736859366757,0.17893215345678173,0.3184,1.5703517587939697
LR,33,1349,10.3251953125,900.0275834947824,0.16140658821840764,0.30523569303975673,0.18722741677622212,0.3184,1.5703517587939697
LR,9,1350,169.69525146484375,667.3591613769531,0.16895848688918283,0.4902443678063688,0.23746873338336963,0.3184,1.5703517587939697
LR,13,1351,172.15597534179688,515.0488586425781,0.24494207627936804,0.6464212964768915,0.2903920617587463,0.3184,1.5703517587939697
LR,34,1352,167.47039794921875,678.7566833496094,0.18889747555351052,0.36418772542354644,0.21854866393359723,0.3184,1.5703517587939697
LR,33,1353,6.463287353515625,318.6405448913574,0.2646460742718248,0.651638421706087,0.334132019637782,0.3184,1.5703517587939697
LR,1,1354,8.906272888183594,228.2156982421875,0.35965728882667564,0.6186357647875482,0.33089765495550355,0.3184,1.5703517587939697
LR,46,1355,5.308837890625,436.6234130859375,0.29869112709377427,0.4785369247108866,0.2773559557608312,0.3184,1.5703517587939697
LR,14,1356,172.4464111328125,842.041600227356,0.15223541137614788,0.254859290437826,0.18320370177938475,0.3184,1.5703517587939697
LR,31,1357,5.923774719238281,418.60679626464844,0.09922282870912626,0.41626533178531366,0.1836096786423215,0.3184,1.5703517587939697
LR,17,1358,171.74114990234375,933.7775230407715,0.21875613887084563,0.40107202379234275,0.2431485130637842,0.3184,1.5703517587939697
LR,48,1359,165.6238250732422,411.4976806640625,0.16389768332412008,0.2776931969063468,0.19260532911372213,0.3184,1.5703517587939697
LR,48,1360,9.70916748046875,425.5990447998047,0.12282253516945518,0.31756647397338644,0.17631016558953344,0.3184,1.5703517587939697
LR,5,1361,8.74566650390625,463.1342010498047,0.19506594272702227,0.47459257723048115,0.2347864714369709,0.3184,1.5703517587939697
LR,4,1362,173.4381103515625,892.142014503479,0.15020620904197396,0.2544519532732012,0.16451994096784192,0.3184,1.5703517587939697
LR,34,1363,173.03534698486328,813.2340545654297,0.16572868826524356,0.33959237346859134,0.19363565962434695,0.3184,1.5703517587939697
LR,34,1364,7.173576354980469,248.11492919921875,0.08340171831346653,0.6295322225814779,0.5180008779736005,0.3184,1.5703517587939697
LR,10,1365,8.7900390625,1045.0901794433594,0.16754603592837222,0.25364739233890987,0.18323375790563814,0.3184,1.5703517587939697
LR,39,1366,173.46865844726562,234.3050537109375,0.21157556393293497,0.431680842453777,0.25505128074934447,0.3184,1.5703517587939697
LR,14,1367,13.974433898925781,403.48925399780273,0.12146999365201502,0.3159183346979035,0.16208160313817183,0.3184,1.5703517587939697
LR,33,1368,5.33135986328125,461.0786666870117,0.16757464147284684,0.4775358254700746,0.22526367512850512,0.3184,1.5703517587939697
LR,16,1369,173.15802001953125,685.7056274414062,0.10781513115909155,0.3894478235287826,0.1492491499256125,0.3184,1.5703517587939697
LR,47,1370,11.21514892578125,439.5908660888672,0.11932024440796528,0.3859545838501647,0.18346654755061909,0.3184,1.5703517587939697
LR,38,1371,11.634033203125,535.9699096679688,0.09320401787935367,0.44971775572419814,0.2359952211166607,0.3184,1.5703517587939697
LR,47,1372,14.8729248046875,487.4344291687012,0.13826378608228798,0.22753252475714184,0.16682508705467333,0.3184,1.5703517587939697
LR,23,1373,172.36292266845703,822.875617980957,0.2070922739830463,0.30426060270904143,0.23366122229732017,0.3184,1.5703517587939697
LR,5,1374,9.2379150390625,806.6828308105469,0.1545887413602518,0.2661184575562802,0.17709453729753133,0.3184,1.5703517587939697
LR,33,1375,169.38031005859375,549.6132431030273,0.12497610464514686,0.19866570651113025,0.16540615790825489,0.3184,1.5703517587939697
LR,15,1376,7.952423095703125,1083.1416931152344,0.195832191969883,0.45210419120208006,0.22987495783159073,0.3184,1.5703517587939697
LR,53,1377,6.04327392578125,937.9708480834961,0.15012260487518245,0.4331272805559669,0.20018505656149208,0.3184,1.5703517587939697
LR,33,1378,171.83010864257812,972.7703247070312,0.1338151031491491,0.21571988663052066,0.16166536636090992,0.3184,1.5703517587939697
LR,26,1379,10.234695434570312,690.7560319900513,0.17753411529098767,0.5001462661896703,0.21578017555814183,0.3184,1.5703517587939697
LR,37,1380,174.44476318359375,224.81024169921875,0.29146621287294905,0.3712858479021685,0.2868028552548803,0.3184,1.5703517587939697
LR,19,1381,8.44696044921875,449.7614974975586,0.13402701852561305,0.5320962422768483,0.19802600794588926,0.3184,1.5703517587939697
LR,53,1382,6.477569580078125,977.546012878418,0.2506236906886078,0.5062687233689672,0.28117280625487706,0.3184,1.5703517587939697
LR,0,1383,167.1240234375,344.59685134887695,0.1834923854961093,0.522378347465589,0.2579544049989745,0.3184,1.5703517587939697
LR,41,1384,8.235015869140625,501.087646484375,0.19141522870449912,0.3637901223917771,0.21627045685988544,0.3184,1.5703517587939697
LR,10,1385,167.1187286376953,238.24761962890625,0.09746860378240553,0.1569931226860661,0.16168340232353837,0.3184,1.5703517587939697
LR,44,1386,172.45748901367188,309.99546813964844,0.3015560317024984,0.5642878022476729,0.34158058256755575,0.3184,1.5703517587939697
LR,3,1387,174.1447982788086,259.84815979003906,0.24961615868614895,0.4946162147644516,0.3119996757909323,0.3184,1.5703517587939697
LR,12,1388,6.339385986328125,694.8064632415771,0.1997852297407348,0.48156884010637424,0.2460866914586847,0.3184,1.5703517587939697
LR,37,1389,6.96270751953125,628.7484283447266,0.1046619807128695,0.19420122715598137,0.16579740609256874,0.3184,1.5703517587939697
LR,28,1390,13.541229248046875,584.6142730712891,0.08953528347253813,0.48392489072813427,0.23137233706597612,0.3184,1.5703517587939697
LR,49,1391,171.7093276977539,286.902099609375,0.10581873421871968,0.17169349550657245,0.16139138977990078,0.3184,1.5703517587939697
LR,18,1392,8.97216796875,408.49449920654297,0.11145735544692476,0.17961129629413577,0.18016081781551194,0.3184,1.5703517587939697
LR,38,1393,169.08875274658203,563.0519104003906,0.08906422556020499,0.13655303493553525,0.1453804931579908,0.3184,1.5703517587939697
LR,38,1394,5.153106689453125,305.0692138671875,0.4113543282313142,0.5576855463787118,0.3836488694809185,0.3184,1.5703517587939697
LR,13,1395,13.5137939453125,669.0780410766602,0.15033266438843285,0.42742999002188165,0.20651724266381322,0.3184,1.5703517587939697
LR,48,1396,9.4202880859375,531.3053588867188,0.09773549426032078,0.16741612470865413,0.15269816578499174,0.3184,1.5703517587939697
LR,4,1397,166.5501480102539,499.84132385253906,0.17670038746892439,0.4229208996935586,0.22469453163971842,0.3184,1.5703517587939697
LR,51,1398,169.96859741210938,325.0004348754883,0.12940920599633648,0.4859396916480137,0.2685826140620049,0.3184,1.5703517587939697
LR,1,1399,5.5267333984375,728.8737945556641,0.22831952103427644,0.4573503874397675,0.25805103578319755,0.3184,1.5703517587939697
LR,38,1400,168.07015991210938,690.2466735839844,0.17040069346338166,0.45431431462969074,0.21371887305462559,0.3184,1.5703517587939697
LR,32,1401,9.947425842285156,427.2005157470703,0.3138941944857854,0.43938743145087916,0.323583705125403,0.3184,1.5703517587939697
LR,32,1402,166.76956176757812,399.8134880065918,0.22464729828526295,0.5003795507646746,0.2802176310277004,0.3184,1.5703517587939697
LR,4,1403,168.548095703125,941.441722869873,0.22609865182104985,0.41004513876808474,0.2464209277794491,0.3184,1.5703517587939697
LR,11,1404,165.44998168945312,544.721866607666,0.11710997003239575,0.4903791492600457,0.2108816453381168,0.3184,1.5703517587939697
LR,27,1405,170.53802490234375,697.1050758361816,0.15384160372152844,0.3509144002026472,0.18879157103163097,0.3184,1.5703517587939697
LR,55,1406,167.06356048583984,311.63946533203125,0.3009516286159764,0.5679288892647644,0.36305476120144436,0.3184,1.5703517587939697
LR,52,1407,169.66738891601562,463.294189453125,0.20170874743964579,0.31836500752490815,0.22123728622867034,0.3184,1.5703517587939697
LR,42,1408,169.40265655517578,212.769437789917,0.1596934160815596,0.21559463385810834,0.2009618319720742,0.3184,1.5703517587939697
LR,55,1409,168.0762939453125,676.4434814453125,0.28885707963735213,0.5132066008351084,0.2975180638317461,0.3184,1.5703517587939697
LR,20,1410,171.08062744140625,678.2006530761719,0.1525695406143573,0.23850102194220807,0.2010209546806345,0.3184,1.5703517587939697
LR,45,1411,169.5308609008789,862.9131088256836,0.2592285846658877,0.48704006163992053,0.28925965970891626,0.3184,1.5703517587939697
LR,43,1412,173.66060638427734,485.7202453613281,0.15292650288430076,0.46981663423794345,0.2140704340097581,0.3184,1.5703517587939697
LR,43,1413,167.39056396484375,311.1346893310547,0.1578374573534657,0.43992270643809167,0.23531158811823127,0.3184,1.5703517587939697
LR,41,1414,7.786346435546875,374.7285544872284,0.21625772541640562,0.5033488885454916,0.26969498918703755,0.3184,1.5703517587939697
LR,20,1415,7.351646423339844,207.2212371826172,0.10895537415306508,0.18912583411020384,0.1304808883612314,0.3184,1.5703517587939697
LR,40,1416,173.91847229003906,211.51959228515625,0.22569259979215742,0.5143806579808569,0.28016939389526574,0.3184,1.5703517587939697
LR,20,1417,173.4641571044922,535.9089431762695,0.18392205033525366,0.2846930739302246,0.19103488046942824,0.3184,1.5703517587939697
LR,48,1418,173.81787109375,927.4482040405273,0.17935319720286616,0.411428820935226,0.22618637137439052,0.3184,1.5703517587939697
LR,30,1419,168.2581787109375,496.23609924316406,0.11244556016210944,0.1913987068479544,0.14235705730723233,0.3184,1.5703517587939697
LR,0,1420,5.8878021240234375,564.3751525878906,0.15114412542839567,0.45024223000341257,0.2166365586172151,0.3184,1.5703517587939697
LR,35,1421,172.77642822265625,215.96670818328857,0.3387055902130574,0.6077088082425796,0.36040490656649765,0.3184,1.5703517587939697
LR,50,1422,14.491531372070312,288.2882995605469,0.11011872134097313,0.186308517412299,0.13354275057308904,0.3184,1.5703517587939697
LR,14,1423,173.10833740234375,781.4620819091797,0.1773484413602669,0.3675726677411838,0.21418781573254764,0.3184,1.5703517587939697
LR,35,1424,169.66116333007812,569.8968200683594,0.11996899074063336,0.36917810056567074,0.18190360001529426,0.3184,1.5703517587939697
LR,52,1425,172.25289916992188,369.0124092102051,0.24898115115928668,0.40543269795555736,0.270057421665974,0.3184,1.5703517587939697
LR,15,1426,168.68978881835938,308.4754104614258,0.11927191137337785,0.43720390716779367,0.2532552902130648,0.3184,1.5703517587939697
LR,36,1427,7.15106201171875,230.68042182922363,0.26093543104820194,0.39765612016547913,0.2869606910806296,0.3184,1.5703517587939697
LR,32,1428,174.02923583984375,758.606803894043,0.1003483948078173,0.15581405638072507,0.14992631916462032,0.3184,1.5703517587939697
LR,30,1429,167.9046630859375,692.3784713745117,0.11386003351914213,0.41431409800941665,0.17366468320182976,0.3184,1.5703517587939697
LR,17,1430,168.78485107421875,282.06744384765625,0.15065788142792808,0.25290300526257087,0.18393559216892916,0.3184,1.5703517587939697
LR,22,1431,8.689231872558594,460.73070526123047,0.15988106625318763,0.5040972271844595,0.226977762893274,0.3184,1.5703517587939697
LR,40,1432,172.875732421875,780.2501983642578,0.11625291762419801,0.35859607061444726,0.17614668297854488,0.3184,1.5703517587939697
LR,30,1433,7.86541748046875,483.5027770996094,0.12860390496639,0.6193656871485447,0.21982539347770477,0.3184,1.5703517587939697
LR,2,1434,165.56228637695312,208.455078125,0.22193793441475684,0.6398351198530141,0.3923487969359485,0.3184,1.5703517587939697
LR,29,1435,167.8043212890625,477.3976745605469,0.12161934086214549,0.2966756733062922,0.15915998305694182,0.3184,1.5703517587939697
LR,9,1436,11.62628173828125,490.7985382080078,0.10390362613718165,0.3144329580767844,0.18975024229188533,0.3184,1.5703517587939697
LR,19,1437,12.137451171875,474.95660400390625,0.12435566782437919,0.41276855612073127,0.18915659805272533,0.3184,1.5703517587939697
LR,46,1438,165.17156982421875,595.5828475952148,0.10359164494002007,0.4314670501241272,0.15469291255311274,0.3184,1.5703517587939697
LR,52,1439,174.8553466796875,235.36457061767578,0.27686161494728684,0.5782265758112969,0.33024157148850747,0.3184,1.5703517587939697
LR,48,1440,10.603866577148438,455.6579284667969,0.1730739678060626,0.37047867614000707,0.21106412077357095,0.3184,1.5703517587939697
LR,20,1441,13.511070251464844,389.3325500488281,0.13924488338694038,0.5271950320371745,0.20748986893198176,0.3184,1.5703517587939697
LR,9,1442,7.538734436035156,262.00244140625,0.21465697815076829,0.36501750968966923,0.2421036633928799,0.3184,1.5703517587939697
LR,49,1443,169.43325805664062,735.2266960144043,0.10072897274479425,0.4135680564876863,0.1823741652186246,0.3184,1.5703517587939697
LR,45,1444,173.40789794921875,264.31432914733887,0.34998441218166176,0.5522559387715559,0.4932860633479762,0.3184,1.5703517587939697
LR,11,1445,167.8417205810547,278.357177734375,0.22928882587073718,0.4826409560694854,0.24846693327619973,0.3184,1.5703517587939697
LR,40,1446,14.907745361328125,274.1367645263672,0.10631122455976667,0.22659154838533788,0.13135842630848646,0.3184,1.5703517587939697
LR,45,1447,169.508544921875,626.5041961669922,0.10218144801573253,0.18115000954238147,0.14212241893859814,0.3184,1.5703517587939697
LR,5,1448,166.5455322265625,671.4953079223633,0.11999197695960297,0.3376912550041972,0.16195823774290796,0.3184,1.5703517587939697
LR,20,1449,174.356201171875,1045.5029754638672,0.20776012591917786,0.3323794359476451,0.2232320328039807,0.3184,1.5703517587939697
LR,40,1450,14.03778076171875,321.47568678855896,0.1359162015418651,0.5847694339974568,0.24363752461923197,0.3184,1.5703517587939697
LR,49,1451,5.062835693359375,388.7874412536621,0.1741557302107714,0.4756733891435311,0.2234825937497745,0.3184,1.5703517587939697
LR,52,1452,6.064117431640625,820.6320991516113,0.20981880401489705,0.36651471061900887,0.23191671167983852,0.3184,1.5703517587939697
LR,50,1453,13.165817260742188,261.4060363769531,0.14093792303706773,0.21225197725036743,0.19779394585667937,0.3184,1.5703517587939697
LR,19,1454,167.19480895996094,387.8114013671875,0.3772601607627952,0.6039135028522112,0.4031357228363067,0.3184,1.5703517587939697
LR,55,1455,12.095352172851562,337.0785827636719,0.13995700722775742,0.3587979561104292,0.18661063559741717,0.3184,1.5703517587939697
LR,31,1456,7.514068603515625,229.65484619140625,0.5140605868278083,0.6578464824990451,0.5295674303104888,0.3184,1.5703517587939697
LR,22,1457,172.69497680664062,922.0014972686768,0.156883391256778,0.5085475261725215,0.23069275253581856,0.3184,1.5703517587939697
LR,30,1458,171.9488067626953,569.3310394287109,0.15268038867482614,0.26794042152825925,0.1864916334658512,0.3184,1.5703517587939697
LR,25,1459,174.56048583984375,567.0228652954102,0.14592938405395908,0.3703587171901898,0.18652317190565063,0.3184,1.5703517587939697
LR,43,1460,7.495147705078125,203.90109252929688,0.3298154829561433,0.5530689689576562,0.3409561414724091,0.3184,1.5703517587939697
LR,49,1461,168.0233154296875,706.8125534057617,0.11581008596698848,0.42014960741395957,0.20247438317769895,0.3184,1.5703517587939697
LR,41,1462,167.52713012695312,733.9390106201172,0.13926484692938185,0.3228990940899834,0.16913231803670925,0.3184,1.5703517587939697
LR,3,1463,12.707992553710938,265.73206400871277,0.17260531006908153,0.5755408338792191,0.28031865273037304,0.3184,1.5703517587939697
LR,42,1464,172.04757690429688,605.1572570800781,0.20993411476479648,0.46798570012781593,0.2580700077784062,0.3184,1.5703517587939697
LR,11,1465,11.136505126953125,200.39935302734375,0.06519140522220246,0.3974887267766394,0.38390907252162937,0.3184,1.5703517587939697
LR,17,1466,12.78759765625,775.0758056640625,0.1488803199756832,0.46475978496044884,0.20857493320795467,0.3184,1.5703517587939697
LR,29,1467,173.3169174194336,702.9804611206055,0.22111041806363754,0.29854927215109406,0.25694193350798417,0.3184,1.5703517587939697
LR,19,1468,8.625625610351562,254.47662353515625,0.44692719012562715,0.5919063772492585,0.5779295399198741,0.3184,1.5703517587939697
LR,26,1469,7.18780517578125,954.6068572998047,0.22064645651357115,0.490653161078135,0.2655492477602344,0.3184,1.5703517587939697
LR,7,1470,171.1397705078125,722.3214874267578,0.19691423156180837,0.36988948607870004,0.2196284472131594,0.3184,1.5703517587939697
LR,53,1471,168.4464111328125,668.897705078125,0.09154586872916974,0.5187092457555756,0.19156773104059902,0.3184,1.5703517587939697
LR,33,1472,9.218528747558594,402.5561981201172,0.2697199364686932,0.43568681629845246,0.2809638747454191,0.3184,1.5703517587939697
LR,2,1473,174.680908203125,858.9808731079102,0.2163604447413455,0.3798511496632472,0.23340996563949565,0.3184,1.5703517587939697
LR,21,1474,12.24298095703125,502.2427215576172,0.13994623614087515,0.4738622786258996,0.20943255393678237,0.3184,1.5703517587939697
LR,43,1475,5.8687744140625,516.041748046875,0.2768276539066139,0.637568705445216,0.316104450925579,0.3184,1.5703517587939697
LR,35,1476,165.41387939453125,575.4192504882812,0.12955830849599845,0.21856080207812706,0.15967850563882066,0.3184,1.5703517587939697
LR,32,1477,9.5826416015625,270.83943939208984,0.12839109803157903,0.3075818986029801,0.16295761604362552,0.3184,1.5703517587939697
LR,30,1478,171.830810546875,1016.3540496826172,0.14589797318493541,0.23888766833986286,0.16333084976619133,0.3184,1.5703517587939697
LR,34,1479,5.753753662109375,416.3822937011719,0.1215662114048386,0.5361136150801243,0.2962526676542232,0.3184,1.5703517587939697
LR,42,1480,165.96221923828125,311.3711919784546,0.2809906461152005,0.41899146583153074,0.29026468931092564,0.3184,1.5703517587939697
LR,47,1481,173.510009765625,416.5539245605469,0.18826600139899796,0.4949914364770371,0.2548139720896979,0.3184,1.5703517587939697
LR,18,1482,170.8702392578125,208.5130958557129,0.21777323195588358,0.2799430057769771,0.2516958254568749,0.3184,1.5703517587939697
LR,48,1483,171.18759155273438,779.1963272094727,0.19861721001395277,0.4888977718553993,0.25765887784960045,0.3184,1.5703517587939697
LR,30,1484,166.29168701171875,232.62026977539062,0.11311574568345484,0.5227377985709365,0.24197103245464333,0.3184,1.5703517587939697
LR,1,1485,171.74472045898438,821.4889030456543,0.1612078203229936,0.3177755565860195,0.19199359123157403,0.3184,1.5703517587939697
LR,37,1486,11.634033203125,454.81475830078125,0.09577939160816544,0.15178206038255254,0.12870625571269384,0.3184,1.5703517587939697
LR,40,1487,7.00048828125,746.9422607421875,0.3098905013922277,0.46865493364250216,0.31583857589999875,0.3184,1.5703517587939697
LR,12,1488,8.799697875976562,553.0252075195312,0.14298920984823707,0.3766328827263894,0.18322760145916325,0.3184,1.5703517587939697
LR,45,1489,14.7454833984375,372.7365493774414,0.11135243850086092,0.19337883768133007,0.14459779676551293,0.3184,1.5703517587939697
LR,33,1490,8.6151123046875,419.54070472717285,0.17127032732866354,0.467809998433507,0.230361985694543,0.3184,1.5703517587939697
LR,5,1491,174.66864013671875,294.5192337036133,0.232899623797458,0.5783869304119937,0.29639854707952434,0.3184,1.5703517587939697
LR,33,1492,166.15234375,474.04639053344727,0.11207050888730183,0.30553842163584344,0.1582189696677434,0.3184,1.5703517587939697
LR,34,1493,165.37728881835938,598.4498672485352,0.13773792194379816,0.4147614097220683,0.175171706125033,0.3184,1.5703517587939697
LR,22,1494,169.94583129882812,563.8857727050781,0.200689501219182,0.45893258759669736,0.24164314734047476,0.3184,1.5703517587939697
LR,17,1495,173.03533935546875,728.7945785522461,0.14105676284170748,0.3352910804175538,0.18300721113340862,0.3184,1.5703517587939697
LR,54,1496,11.0736083984375,345.98509216308594,0.11861588481775659,0.26599105380202387,0.15255975804005048,0.3184,1.5703517587939697
LR,37,1497,174.34130859375,623.489990234375,0.14526016226285404,0.295351343447679,0.17865595698744596,0.3184,1.5703517587939697
LR,2,1498,167.32527923583984,312.492431640625,0.2850283642483253,0.4142152541591494,0.3084481747107966,0.3184,1.5703517587939697
LR,47,1499,169.93948364257812,366.22392382472754,0.20679428849495757,0.5047319197241921,0.26652371743191205,0.3184,1.5703517587939697
LR,19,1500,13.86248779296875,633.3565216064453,0.16488643607183442,0.4311586384207478,0.2147703797040159,0.3184,1.5703517587939697
LR,38,1501,170.8198699951172,317.8350028991699,0.10821749310244132,0.31508319335455687,0.17417462219323143,0.3184,1.5703517587939697
LR,2,1502,173.02798461914062,957.1138305664062,0.15175149764186313,0.23418001480257322,0.17731255957073125,0.3184,1.5703517587939697
LR,52,1503,168.6897964477539,592.8930511474609,0.15141541150640003,0.43285549639599247,0.2017877233529087,0.3184,1.5703517587939697
LR,3,1504,174.5802001953125,959.4814147949219,0.1615012210157406,0.2610768368693407,0.18284416128793526,0.3184,1.5703517587939697
LR,26,1505,7.486663818359375,691.657470703125,0.17559284614123122,0.4438972705088685,0.23439925494747862,0.3184,1.5703517587939697
LR,14,1506,173.4466094970703,657.2101211547852,0.23209844413472105,0.2918018132248221,0.303180418440613,0.3184,1.5703517587939697
LR,18,1507,170.23568725585938,594.4651947021484,0.09595195403330598,0.1616925389880823,0.12698854900309384,0.3184,1.5703517587939697
LR,1,1508,171.18759155273438,905.6509170532227,0.12688910988836166,0.19608470755779164,0.15142925348352754,0.3184,1.5703517587939697
LR,55,1509,5.1661376953125,515.8931427001953,0.275042556599479,0.4748737793228226,0.3293473847508547,0.3184,1.5703517587939697
LR,42,1510,11.21307373046875,454.7197265625,0.10144259605525432,0.31344616384287666,0.15085991019048062,0.3184,1.5703517587939697
LR,52,1511,7.99285888671875,873.6664810180664,0.136227999679619,0.44332901517077816,0.19898614330980047,0.3184,1.5703517587939697
LR,41,1512,172.55538940429688,811.6843338012695,0.19021977781266566,0.3944412828442514,0.22663650568188473,0.3184,1.5703517587939697
LR,28,1513,12.894706726074219,313.48108673095703,0.18960723120866824,0.3072018740627431,0.23312992817322561,0.3184,1.5703517587939697
LR,16,1514,168.52413940429688,765.986213684082,0.0964123649464912,0.3612439755251862,0.16670042078205835,0.3184,1.5703517587939697
LR,12,1515,167.00436401367188,239.71424865722656,0.11618875735356846,0.46578910457744627,0.21488089273657693,0.3184,1.5703517587939697
LR,17,1516,9.782157897949219,674.9147243499756,0.22737796293047563,0.3738068154584027,0.25155114169861204,0.3184,1.5703517587939697
LR,20,1517,167.9046630859375,593.4506416320801,0.11265354359818228,0.40721922107593894,0.18406928045545617,0.3184,1.5703517587939697
LR,35,1518,11.38543701171875,438.0843200683594,0.1438002112658236,0.42982842915490965,0.22965342333779276,0.3184,1.5703517587939697
LR,26,1519,169.9921875,706.6311302185059,0.12908048291214658,0.23323430318919752,0.15935112548273747,0.3184,1.5703517587939697
LR,55,1520,12.26544189453125,269.97991943359375,0.1302663753920578,0.26846680984201243,0.1860289427813357,0.3184,1.5703517587939697
LR,5,1521,170.3544464111328,479.045654296875,0.17599146522661213,0.48560729593127533,0.23039732539801258,0.3184,1.5703517587939697
LR,2,1522,12.418190002441406,452.6223831176758,0.12630385679162567,0.2530501207677693,0.16506482430673738,0.3184,1.5703517587939697
LR,14,1523,168.11083221435547,489.0947265625,0.2151874674195678,0.5290230045324327,0.26438702533866015,0.3184,1.5703517587939697
LR,49,1524,12.30462646484375,825.1992378234863,0.12334742007274976,0.19914992949042565,0.1527519303086345,0.3184,1.5703517587939697
LR,14,1525,173.97681427001953,745.6058006286621,0.24069147155870405,0.3145544475614022,0.29394997433092296,0.3184,1.5703517587939697
LR,19,1526,165.25453186035156,339.4971466064453,0.29478868346854387,0.6575547036109611,0.39834633319163065,0.3184,1.5703517587939697
LR,34,1527,173.404052734375,315.66639709472656,0.2670905042004759,0.5285135703197529,0.3553479086347113,0.3184,1.5703517587939697
LR,21,1528,8.6151123046875,492.1693115234375,0.10317653590926809,0.16232186487427586,0.14923983945920014,0.3184,1.5703517587939697
LR,7,1529,174.4732666015625,923.3673858642578,0.24183573625284754,0.3794842420074734,0.2589231141628695,0.3184,1.5703517587939697
LR,42,1530,5.193634033203125,401.95819091796875,0.24002510793171153,0.4308812351255205,0.26807562698076565,0.3184,1.5703517587939697
LR,36,1531,167.73455810546875,233.24169921875,0.08725860523148732,0.5319570558692628,0.21057772359834867,0.3184,1.5703517587939697
LR,28,1532,10.64569091796875,885.7886657714844,0.16010369337436117,0.44347486595437585,0.21340752124302323,0.3184,1.5703517587939697
LR,37,1533,167.84844970703125,582.0594253540039,0.10105858703609531,0.17681592273747912,0.1412772717482205,0.3184,1.5703517587939697
LR,44,1534,173.49517822265625,884.1210861206055,0.2240584873856743,0.515254518060722,0.2664487531141436,0.3184,1.5703517587939697
LR,30,1535,172.1366424560547,665.8690032958984,0.10724010283695481,0.195483403076385,0.13753168634542334,0.3184,1.5703517587939697
LR,13,1536,166.84405517578125,468.61573791503906,0.09474892801241937,0.15472564191646943,0.1380915914618202,0.3184,1.5703517587939697
LR,51,1537,165.48151397705078,593.8204345703125,0.17386419571027698,0.3730546323064235,0.20509907760434593,0.3184,1.5703517587939697
LR,50,1538,170.37033081054688,627.9136123657227,0.11781860567478517,0.43219503824267586,0.20023957257084263,0.3184,1.5703517587939697
LR,46,1539,13.7666015625,345.0886688232422,0.12384336847792246,0.2467864656325573,0.15222791491862667,0.3184,1.5703517587939697
LR,15,1540,12.40362548828125,418.4912414550781,0.0939321363637544,0.2706211110988953,0.13214904346647066,0.3184,1.5703517587939697
LR,18,1541,165.0081024169922,499.0146179199219,0.10814862026103216,0.19106399474940333,0.14927393246223833,0.3184,1.5703517587939697
LR,45,1542,10.140655517578125,204.548583984375,0.23157284005852158,0.45400394076943656,0.24071000238584575,0.3184,1.5703517587939697
LR,10,1543,5.193634033203125,602.4545850753784,0.3971068001530694,0.5076788172219607,0.5100300852598537,0.3184,1.5703517587939697
LR,34,1544,168.43466186523438,601.5916748046875,0.10587647822593987,0.18450960701663305,0.14526366605272567,0.3184,1.5703517587939697
LR,43,1545,170.05963134765625,561.5016174316406,0.19896743947844397,0.2993090065184701,0.22179537271557678,0.3184,1.5703517587939697
LR,45,1546,5.90533447265625,850.4763832092285,0.17409640725204575,0.45573471619178574,0.22609990111134687,0.3184,1.5703517587939697
LR,27,1547,14.82135009765625,743.6260070800781,0.12749225133895645,0.3630294668235538,0.16449017956328948,0.3184,1.5703517587939697
LR,45,1548,10.0078125,940.6419830322266,0.17764673209708404,0.45920427385480467,0.21935019409501372,0.3184,1.5703517587939697
LR,14,1549,170.25662231445312,454.7945861816406,0.12801112211515633,0.22058023686621,0.16185655441568908,0.3184,1.5703517587939697
LR,40,1550,172.37255859375,330.5603427886963,0.22685353704485237,0.5489020476599552,0.2818059740902251,0.3184,1.5703517587939697
LR,11,1551,14.327926635742188,464.31634521484375,0.22180698352854022,0.3790323987973497,0.2510442302205481,0.3184,1.5703517587939697
LR,29,1552,13.080177307128906,221.7314224243164,0.09102375601184941,0.13984213905082787,0.1615223310917868,0.3184,1.5703517587939697
LR,1,1553,172.25597381591797,532.8017883300781,0.16735083234924578,0.4665125294735669,0.23181116831385415,0.3184,1.5703517587939697
LR,20,1554,174.55091857910156,577.7604064941406,0.13014329072638992,0.26489483297225974,0.15994004639084675,0.3184,1.5703517587939697
LR,22,1555,7.057090759277344,708.946403503418,0.40091636037719186,0.5100846875135727,0.5839467914241746,0.3184,1.5703517587939697
LR,41,1556,168.10116577148438,522.5800170898438,0.15112723440350662,0.5137881034869195,0.21529603622922472,0.3184,1.5703517587939697
LR,37,1557,174.95834350585938,205.10805892944336,0.3233753703011016,0.8116545723669141,0.3389468858058169,0.3184,1.5703517587939697
LR,13,1558,7.572242736816406,329.0845642089844,0.07869229823873987,0.5978525606777504,0.21868581170131265,0.3184,1.5703517587939697
LR,54,1559,13.415313720703125,589.8935241699219,0.09904417385391774,0.4592121804574996,0.26762685568419287,0.3184,1.5703517587939697
LR,49,1560,13.6485595703125,425.8669891357422,0.10447957471371372,0.3399818298175496,0.1547599769207064,0.3184,1.5703517587939697
LR,39,1561,8.74566650390625,461.6949768066406,0.11860385747426078,0.2575941266679917,0.14574111280318042,0.3184,1.5703517587939697
LR,39,1562,5.55523681640625,795.0499439239502,0.16043677690442884,0.45418359007141684,0.21860927993019677,0.3184,1.5703517587939697
LR,30,1563,9.499908447265625,549.8516540527344,0.1161225621092159,0.24632604821039752,0.16231160592314148,0.3184,1.5703517587939697
LR,8,1564,7.333648681640625,352.7916793823242,0.2184483763677325,0.48916863903609237,0.26722688922727594,0.3184,1.5703517587939697
LR,26,1565,171.59165954589844,644.7992401123047,0.16886190622020816,0.24466256141273737,0.21039968698263614,0.3184,1.5703517587939697
LR,17,1566,173.58995819091797,253.88055801391602,0.39585396379640464,0.5524336832150681,0.39534626413930696,0.3184,1.5703517587939697
LR,52,1567,7.095947265625,971.1385192871094,0.23443939836909924,0.5059642736698321,0.271431734642159,0.3184,1.5703517587939697
LR,6,1568,169.02548217773438,809.2762641906738,0.10508200150540876,0.16023035589027126,0.15245729535528157,0.3184,1.5703517587939697
LR,41,1569,171.35360717773438,313.77696228027344,0.27921311062061893,0.5025280776118882,0.32470408785711835,0.3184,1.5703517587939697
LR,29,1570,9.499908447265625,1032.3835144042969,0.19215153795964807,0.4491820089516899,0.24606382291709614,0.3184,1.5703517587939697
LR,11,1571,11.683372497558594,212.01654052734375,0.26516904281596976,0.4382619760344216,0.3554496812346623,0.3184,1.5703517587939697
LR,2,1572,174.723388671875,290.38526916503906,0.23327413098434582,0.6539396427365155,0.3085141078179448,0.3184,1.5703517587939697
LR,1,1573,9.61944580078125,203.78287506103516,0.3432615909255991,0.566047795100105,0.33617387445665187,0.3184,1.5703517587939697
LR,38,1574,7.50042724609375,526.6307067871094,0.1444473889837821,0.5090532557164607,0.21208326275121467,0.3184,1.5703517587939697
LR,26,1575,10.175384521484375,200.8454132080078,0.0823395288441179,0.12006170698130345,0.32983215010862654,0.3184,1.5703517587939697
LR,16,1576,9.11376953125,1000.3734588623047,0.1710363764667771,0.25775306691922717,0.18829657573158343,0.3184,1.5703517587939697
LR,44,1577,10.701416015625,554.3602752685547,0.09562713559671045,0.543831894000487,0.23208965113261354,0.3184,1.5703517587939697
LR,30,1578,7.593940734863281,717.254508972168,0.4081770736947516,0.5248604666797115,0.5719635959367085,0.3184,1.5703517587939697
LR,21,1579,174.40145874023438,204.63226318359375,0.11533761676844412,0.18926513085875463,0.1654365984874021,0.3184,1.5703517587939697
LR,46,1580,5.769073486328125,940.2223052978516,0.2313032484583717,0.43671629199885453,0.27978195368550174,0.3184,1.5703517587939697
LR,18,1581,169.69525146484375,759.0656967163086,0.10597212453198215,0.4426298102236638,0.1654829184876998,0.3184,1.5703517587939697
LR,42,1582,165.6238250732422,312.38275146484375,0.35030367316459887,0.46333712138900013,0.43110378320494447,0.3184,1.5703517587939697
LR,48,1583,166.176513671875,670.3919219970703,0.12529308252178553,0.2974406147306019,0.1685028504065732,0.3184,1.5703517587939697
LR,25,1584,172.02053833007812,382.7045211791992,0.21314324229745113,0.4800359523566455,0.24737845519872398,0.3184,1.5703517587939697
LR,44,1585,169.38031005859375,724.0494537353516,0.14339083629563987,0.28686454317559146,0.17033770747053753,0.3184,1.5703517587939697
LR,49,1586,170.25662231445312,251.74693393707275,0.3391313163227033,0.477383896417314,0.4284843835399561,0.3184,1.5703517587939697
LR,32,1587,165.08216094970703,260.9434509277344,0.13560567912577876,0.4285824858100492,0.19451092437328898,0.3184,1.5703517587939697
LR,37,1588,6.279205322265625,602.4331970214844,0.10422122208112496,0.4799881894560548,0.17559170919012373,0.3184,1.5703517587939697
LR,14,1589,13.286018371582031,287.69219970703125,0.19950863653020046,0.38692702258477646,0.30254154695803975,0.3184,1.5703517587939697
LR,5,1590,168.6043701171875,751.6159400939941,0.12836728595513647,0.3973452450573101,0.16961109649135814,0.3184,1.5703517587939697
LR,44,1591,173.1580047607422,611.1590805053711,0.1027258540938072,0.4615460637880224,0.25731706985690345,0.3184,1.5703517587939697
LR,19,1592,172.42034912109375,726.9135665893555,0.11592527270512223,0.41879637459978425,0.19832692834742868,0.3184,1.5703517587939697
LR,17,1593,14.622711181640625,609.1763763427734,0.0863810131112693,0.388776325398591,0.14821753240000393,0.3184,1.5703517587939697
LR,22,1594,6.644493103027344,216.35219585895538,0.2854534542204978,0.48668534092599913,0.3538405111219471,0.3184,1.5703517587939697
LR,37,1595,12.32012939453125,507.64427185058594,0.08860844099764222,0.44060585430709903,0.22162304348190195,0.3184,1.5703517587939697
LR,34,1596,11.853515625,475.5487060546875,0.12675018989593334,0.4148382885325915,0.17075979735465405,0.3184,1.5703517587939697
LR,53,1597,172.90823364257812,347.4205780029297,0.12991506737613714,0.6528746579566171,0.28109885372675575,0.3184,1.5703517587939697
LR,29,1598,172.52496337890625,332.7162284851074,0.15581056009025956,0.5141865855559368,0.24688387276828094,0.3184,1.5703517587939697
LR,54,1599,170.3627471923828,944.215690612793,0.15966122584275255,0.5168820157671373,0.2471994206482337,0.3184,1.5703517587939697
LR,7,1600,172.69497680664062,499.17552947998047,0.2824133537471216,0.43918893963409167,0.29805113915436826,0.3184,1.5703517587939697
LR,50,1601,9.968162536621094,271.2608642578125,0.12213341623946504,0.20956858077129759,0.18796402294221257,0.3184,1.5703517587939697
LR,45,1602,11.82196044921875,450.1613311767578,0.12124272327058773,0.4202393260766208,0.17129008130549706,0.3184,1.5703517587939697
LR,44,1603,172.33389282226562,710.0029754638672,0.11159657722771442,0.28809914625445926,0.15341374664580026,0.3184,1.5703517587939697
LR,31,1604,12.77215576171875,500.8678283691406,0.106949894220623,0.16702457870767853,0.14926525776804256,0.3184,1.5703517587939697
LR,24,1605,11.991386413574219,246.36529541015625,0.37869940494702636,0.5805917477006075,0.3902802166609703,0.3184,1.5703517587939697
LR,9,1606,5.92376708984375,682.5478134155273,0.09691133252173566,0.37203205032670555,0.18293534942620396,0.3184,1.5703517587939697
LR,41,1607,168.58633422851562,473.1316833496094,0.15252234045896473,0.23865264615670767,0.16995118140863752,0.3184,1.5703517587939697
LR,37,1608,169.63760375976562,831.8574676513672,0.1242204137606162,0.3579853134707253,0.16521358899543465,0.3184,1.5703517587939697
LR,9,1609,7.124267578125,465.12132263183594,0.13528115502551924,0.5162960521967762,0.18849985749580245,0.3184,1.5703517587939697
LR,53,1610,170.61883544921875,795.4639892578125,0.1976204038243074,0.3899281211627703,0.23219622748134253,0.3184,1.5703517587939697
LR,26,1611,7.8526458740234375,244.13592529296875,0.30451465714220244,0.45889270708880464,0.31488677696052497,0.3184,1.5703517587939697
LR,42,1612,174.83233642578125,963.0218353271484,0.12936677216907938,0.21570400324611225,0.16229053295803772,0.3184,1.5703517587939697
LR,25,1613,13.93206787109375,641.2959976196289,0.24678741088161735,0.3371269175830875,0.2169800620462886,0.3184,1.5703517587939697
LR,0,1614,167.1138687133789,504.0467071533203,0.14597356631840813,0.3505520343660398,0.20073779002937658,0.3184,1.5703517587939697
LR,24,1615,5.230010986328125,1162.4935913085938,0.20758689904723848,0.3823663877636402,0.22877580128227298,0.3184,1.5703517587939697
LR,21,1616,174.2080078125,267.66510009765625,0.17927966970121142,0.42580949554037556,0.21795465513102716,0.3184,1.5703517587939697
LR,19,1617,12.968086242675781,777.5107612609863,0.22308794401790735,0.4864172915917239,0.24886814917717123,0.3184,1.5703517587939697
LR,51,1618,11.049072265625,200.6086769104004,0.1627517487208078,0.3099176035739085,0.20316744591660085,0.3184,1.5703517587939697
LR,13,1619,169.94287109375,584.1777038574219,0.09390474712187256,0.1443171086191788,0.12662365367734638,0.3184,1.5703517587939697
LR,55,1620,12.764114379882812,303.98831939697266,0.19399989379716123,0.6000677477069885,0.30618529213007145,0.3184,1.5703517587939697
LR,14,1621,168.0978775024414,495.4666748046875,0.2127608756135898,0.5270244895677985,0.26316381346493734,0.3184,1.5703517587939697
LR,43,1622,173.92835235595703,616.5077514648438,0.414332996796029,0.592717099028009,0.5165176405420306,0.3184,1.5703517587939697
LR,9,1623,6.813568115234375,548.1937561035156,0.1417315415957498,0.3866877500596095,0.20545288970168793,0.3184,1.5703517587939697
LR,17,1624,167.6715087890625,618.3484039306641,0.29599698409350017,0.5534494410554318,0.3269984392601652,0.3184,1.5703517587939697
LR,31,1625,168.68978881835938,476.72979736328125,0.11853388306071817,0.2619513195032548,0.1495210862249315,0.3184,1.5703517587939697
LR,26,1626,173.50146484375,821.074951171875,0.13843944811665515,0.24477877222810504,0.16022776463984914,0.3184,1.5703517587939697
LR,46,1627,172.67098999023438,319.68352127075195,0.3009393037002228,0.654900969217302,0.3379785748300711,0.3184,1.5703517587939697
LR,28,1628,174.49185943603516,466.1356964111328,0.15655826182354252,0.28224866714253005,0.20169106510388812,0.3184,1.5703517587939697
LR,18,1629,170.53802490234375,766.5695495605469,0.13324895750972085,0.34702299183079466,0.1700770024367397,0.3184,1.5703517587939697
LR,32,1630,168.78912353515625,562.00341796875,0.10465861154210618,0.22188239602601542,0.12835174851460207,0.3184,1.5703517587939697
LR,16,1631,170.62826538085938,286.7531623840332,0.12538961726881756,0.2533798603793741,0.1655693127326683,0.3184,1.5703517587939697
LR,43,1632,174.40719604492188,891.8113250732422,0.2156061698101303,0.3842513523849894,0.24514489202497927,0.3184,1.5703517587939697
LR,23,1633,173.03534698486328,523.0795288085938,0.169145139132464,0.43971549717458164,0.22772559836240228,0.3184,1.5703517587939697
LR,35,1634,5.9198150634765625,424.9631805419922,0.34856413003975817,0.5815561362514278,0.3566142967241803,0.3184,1.5703517587939697
LR,17,1635,12.095352172851562,745.641679763794,0.17331955225077633,0.3325085839681122,0.19648401062958915,0.3184,1.5703517587939697
LR,8,1636,165.96221923828125,713.9133834838867,0.09905186306813574,0.16894394957031053,0.1321102760462865,0.3184,1.5703517587939697
LR,29,1637,172.07373046875,447.511812210083,0.2108228493795031,0.31626180824630107,0.22709080245584198,0.3184,1.5703517587939697
LR,7,1638,5.7735137939453125,260.4460754394531,0.37624166298700806,0.47121545530888653,0.6729432887290906,0.3184,1.5703517587939697
LR,18,1639,171.9320068359375,687.3134460449219,0.1043490524530846,0.33072122876545673,0.14602049661298042,0.3184,1.5703517587939697
LR,52,1640,12.686279296875,211.9625244140625,0.2539616588182717,0.5022370302753053,0.4711632360984861,0.3184,1.5703517587939697
LR,36,1641,171.49185180664062,743.8033447265625,0.12006670945934471,0.18892505493769696,0.14735985250546085,0.3184,1.5703517587939697
LR,52,1642,169.3236083984375,800.1568374633789,0.1400275591717537,0.3917208305061915,0.18352345084073912,0.3184,1.5703517587939697
LR,51,1643,11.20367431640625,473.80718994140625,0.12452070384536866,0.23715349523018217,0.15590944430965034,0.3184,1.5703517587939697
LR,44,1644,12.54864501953125,497.2001152038574,0.14345849070352604,0.27798074242738485,0.18036114169029788,0.3184,1.5703517587939697
LR,0,1645,165.03582763671875,214.39314651489258,0.23174333351794227,0.6074984725984016,0.3166472640500112,0.3184,1.5703517587939697
LR,47,1646,10.2510986328125,381.86474990844727,0.18321143012618799,0.5730150521731807,0.2462420158836314,0.3184,1.5703517587939697
LR,55,1647,12.949234008789062,644.5322875976562,0.15901550685233848,0.23785812611397217,0.1770630581962626,0.3184,1.5703517587939697
LR,3,1648,166.69207763671875,623.6057434082031,0.1520655465341647,0.4363371102550211,0.22404686073877653,0.3184,1.5703517587939697
LR,15,1649,168.59520721435547,481.0851287841797,0.14803213047244768,0.3579365166245762,0.18690642362951929,0.3184,1.5703517587939697
LR,47,1650,168.51422119140625,750.9203205108643,0.12703249441285527,0.4299479622417152,0.1873597148191171,0.3184,1.5703517587939697
LR,35,1651,7.447998046875,424.22193908691406,0.10934421763285435,0.21166623453405325,0.14749668134731903,0.3184,1.5703517587939697
LR,39,1652,10.885635375976562,465.3702812194824,0.2179014781185354,0.3399406414237031,0.23932631457664594,0.3184,1.5703517587939697
LR,27,1653,165.47805786132812,530.7546081542969,0.16392382083797674,0.3939765905024213,0.20676646696089238,0.3184,1.5703517587939697
LR,35,1654,9.532913208007812,407.9990005493164,0.18721115502163993,0.4756292084352207,0.23679925405203398,0.3184,1.5703517587939697
LR,38,1655,168.19244384765625,338.6920623779297,0.15903131681594546,0.6159273865111331,0.25063236567053426,0.3184,1.5703517587939697
LR,37,1656,168.7828369140625,688.2576370239258,0.1255239960679561,0.31538183078366333,0.17133789270214783,0.3184,1.5703517587939697
LR,15,1657,172.23550415039062,666.0031127929688,0.1110265859185269,0.2833921954898078,0.15035231481503347,0.3184,1.5703517587939697
LR,42,1658,169.0986328125,258.4444885253906,0.34572950625635995,0.6025103835611242,0.4472821920178182,0.3184,1.5703517587939697
LR,49,1659,169.28682708740234,267.0684003829956,0.16734344386152367,0.40148347803631046,0.22595182984094841,0.3184,1.5703517587939697
LR,3,1660,14.49151611328125,685.899658203125,0.20556370466867485,0.3765673602399908,0.2420232097772064,0.3184,1.5703517587939697
LR,41,1661,13.6610107421875,537.4886169433594,0.10243717808359917,0.5250024948735883,0.2792482722834941,0.3184,1.5703517587939697
LR,47,1662,6.4407958984375,229.3779525756836,0.25558673178307806,0.6036570019451688,0.2807874226328662,0.3184,1.5703517587939697
LR,15,1663,6.964653015136719,476.8551025390625,0.19003126441094342,0.29419504294673116,0.22007159882652108,0.3184,1.5703517587939697
LR,13,1664,171.3519287109375,838.0825042724609,0.13453263672324117,0.36040486660757,0.17404695565641412,0.3184,1.5703517587939697
LR,24,1665,13.8009033203125,708.4567565917969,0.2155830026305341,0.39884994659148293,0.23777912879445215,0.3184,1.5703517587939697
LR,37,1666,9.559783935546875,569.4220123291016,0.19341854159175204,0.4759040149907139,0.2430794988451673,0.3184,1.5703517587939697
LR,50,1667,10.70574951171875,330.3822021484375,0.12001606405667099,0.36713374117551223,0.16094321400811884,0.3184,1.5703517587939697
LR,43,1668,168.19244384765625,735.424633026123,0.0950371827577272,0.32704734412344166,0.162177806856932,0.3184,1.5703517587939697
LR,47,1669,6.718170166015625,1014.7160491943359,0.1497331702333511,0.41364798969465666,0.19295397684078153,0.3184,1.5703517587939697
LR,6,1670,8.6556396484375,1049.0396423339844,0.1550399302735015,0.23884115027330827,0.17855266348612242,0.3184,1.5703517587939697
LR,2,1671,170.1343994140625,661.9596557617188,0.12344503315188396,0.4918637408554598,0.21077111121636177,0.3184,1.5703517587939697
LR,16,1672,167.8551025390625,694.0389633178711,0.08960691219136856,0.13675110467118265,0.15652117467789828,0.3184,1.5703517587939697
LR,14,1673,6.13140869140625,304.69415283203125,0.2265920887556763,0.48333116024542605,0.2751506738332868,0.3184,1.5703517587939697
LR,36,1674,7.91351318359375,938.507740020752,0.19106272895626764,0.4313629054160589,0.2298512783029458,0.3184,1.5703517587939697
LR,35,1675,171.87051391601562,242.16605186462402,0.2974364528130679,0.5908925528949324,0.3032680941640448,0.3184,1.5703517587939697
LR,37,1676,9.5826416015625,304.3391418457031,0.29788962722923984,0.42087774843663356,0.3128696300677231,0.3184,1.5703517587939697
LR,51,1677,8.93011474609375,231.45538330078125,0.1589042569214433,0.5815502544351908,0.26125321698426923,0.3184,1.5703517587939697
LR,49,1678,8.129478454589844,260.4225769042969,0.26527630976606514,0.5381965757499401,0.32786462377853653,0.3184,1.5703517587939697
LR,3,1679,5.028289794921875,939.5140953063965,0.2368355838389044,0.48658537541474334,0.2684023691151754,0.3184,1.5703517587939697
LR,5,1680,167.04623413085938,273.215576171875,0.15621154622170863,0.5175656283676348,0.22766728057950472,0.3184,1.5703517587939697
LR,35,1681,168.15744018554688,698.8495864868164,0.12398587002981028,0.21497781133601282,0.1588385617821755,0.3184,1.5703517587939697
LR,38,1682,167.75299072265625,731.9468688964844,0.15546898375721013,0.5076114754066122,0.22849639228498267,0.3184,1.5703517587939697
LR,50,1683,166.15234375,669.3065338134766,0.12715556343901077,0.27712664259273523,0.16270423723530547,0.3184,1.5703517587939697
LR,50,1684,6.237518310546875,985.812858581543,0.1699155336735424,0.43705698319383557,0.22522031869341305,0.3184,1.5703517587939697
LR,17,1685,173.34637451171875,924.0302925109863,0.25396993089116493,0.4361498424506537,0.2732005905432633,0.3184,1.5703517587939697
LR,19,1686,8.53021240234375,639.1931915283203,0.140118606223001,0.2410692643191041,0.1807740147953826,0.3184,1.5703517587939697
LR,16,1687,10.619674682617188,237.163330078125,0.1394490523323912,0.4516715733621508,0.20935369542456642,0.3184,1.5703517587939697
LR,9,1688,6.276496887207031,650.0180511474609,0.40137347956402947,0.5560525152911301,0.5695595608694337,0.3184,1.5703517587939697
LR,25,1689,12.019561767578125,597.4123306274414,0.15800075136715,0.3098797468596003,0.2005235015547067,0.3184,1.5703517587939697
LR,39,1690,171.77388763427734,725.5611267089844,0.17801401962578411,0.3253792802804709,0.1971286420557955,0.3184,1.5703517587939697
LR,4,1691,12.33367919921875,384.6912841796875,0.20464097337397344,0.40911539667661645,0.23583897472573748,0.3184,1.5703517587939697
LR,22,1692,12.30462646484375,491.6756591796875,0.13924289595858025,0.46623541822819414,0.21482379522477732,0.3184,1.5703517587939697
LR,7,1693,13.449851989746094,249.2325439453125,0.13917634107106647,0.6562654765124954,0.3236038677774311,0.3184,1.5703517587939697
LR,36,1694,174.02923583984375,896.8359169960022,0.23554403629957849,0.42605104648112996,0.25339431052582506,0.3184,1.5703517587939697
LR,28,1695,174.5802001953125,775.0307807922363,0.13843568865790892,0.31772753022731365,0.17314662732869965,0.3184,1.5703517587939697
LR,12,1696,171.40145111083984,419.89439392089844,0.12309385627862611,0.23492856196750583,0.19460881169985284,0.3184,1.5703517587939697
LR,18,1697,9.359832763671875,446.52435302734375,0.10163391887814177,0.1672329674546335,0.13077767917337008,0.3184,1.5703517587939697
LR,11,1698,174.5802001953125,982.0817184448242,0.17879200089720595,0.2826123738696102,0.21204120284023906,0.3184,1.5703517587939697
LR,40,1699,6.270271301269531,825.5689334869385,0.3640072787106594,0.48520354422317136,0.40085044686784566,0.3184,1.5703517587939697
LR,49,1700,170.05419921875,248.9260630607605,0.1623475083941336,0.587009540314636,0.31468617226211115,0.3184,1.5703517587939697
LR,39,1701,169.6242218017578,584.437858581543,0.1458397086000764,0.26478129769293307,0.2127582301032638,0.3184,1.5703517587939697
LR,19,1702,170.25164794921875,356.4805908203125,0.16549190352590054,0.25839833915335136,0.20038707021687704,0.3184,1.5703517587939697
LR,31,1703,11.4930419921875,1024.2903137207031,0.15419381214722538,0.40315999046317674,0.20323747245545098,0.3184,1.5703517587939697
LR,35,1704,165.4092559814453,692.8662719726562,0.1790994400292095,0.4167238163796949,0.21764810265783888,0.3184,1.5703517587939697
LR,41,1705,168.0787353515625,535.1776733398438,0.08831864503585547,0.13770215631027083,0.16561056175799158,0.3184,1.5703517587939697
LR,16,1706,6.70904541015625,667.6915740966797,0.11717457782992523,0.33007173965460895,0.17659135235832155,0.3184,1.5703517587939697
LR,38,1707,12.4832763671875,563.6205749511719,0.15380648050981494,0.6301047606413108,0.2653438112626723,0.3184,1.5703517587939697
LR,42,1708,165.49806213378906,634.2830543518066,0.08724843661064444,0.136372516415839,0.15641123116497807,0.3184,1.5703517587939697
LR,12,1709,173.08953857421875,286.4134826660156,0.23646328290612761,0.4817336298942632,0.2773242458967054,0.3184,1.5703517587939697
LR,22,1710,9.544219970703125,311.46424102783203,0.21704340644585257,0.607103812957611,0.3009304319120426,0.3184,1.5703517587939697
LR,8,1711,10.9051513671875,997.8538513183594,0.1393957156540685,0.22288820402982606,0.16221055475901047,0.3184,1.5703517587939697
LR,10,1712,10.81396484375,270.73486328125,0.4708556929522445,0.6676295610680955,0.5379209769368649,0.3184,1.5703517587939697
LR,45,1713,14.03778076171875,480.82664489746094,0.10968587169843677,0.5116470679589575,0.1996234784518716,0.3184,1.5703517587939697
LR,27,1714,170.23568725585938,852.8192977905273,0.22573506456361106,0.43071263622182543,0.24502188067745018,0.3184,1.5703517587939697
LR,31,1715,173.77984619140625,711.1111602783203,0.1021686845029466,0.32588085404308204,0.14535779213881359,0.3184,1.5703517587939697
LR,35,1716,9.0743408203125,398.00970458984375,0.1549352044569565,0.45961281710106333,0.23138708568799826,0.3184,1.5703517587939697
LR,0,1717,14.310493469238281,552.3362274169922,0.13451623222072623,0.42161249862134614,0.18027383328389712,0.3184,1.5703517587939697
LR,46,1718,166.90322875976562,650.1816482543945,0.12000257009542906,0.2062272319698518,0.16373907786274414,0.3184,1.5703517587939697
LR,21,1719,9.819061279296875,633.531135559082,0.3133378618391026,0.40967195602251466,0.39772795175061365,0.3184,1.5703517587939697
LR,12,1720,172.58609008789062,431.37269592285156,0.37459839595025435,0.5567199656996911,0.4207821325236757,0.3184,1.5703517587939697
LR,46,1721,174.49185943603516,577.0955963134766,0.1146926224994953,0.19433683545797625,0.16477190498774152,0.3184,1.5703517587939697
LR,14,1722,171.42529296875,845.7422351837158,0.13615576681467706,0.3751071538951181,0.1778946251710953,0.3184,1.5703517587939697
LR,51,1723,169.87547302246094,212.57000732421875,0.2339316622355852,0.3260368173630816,0.2566584108231681,0.3184,1.5703517587939697
LR,25,1724,174.43570709228516,747.3276977539062,0.23031230742968484,0.2975590961724286,0.26919792947469734,0.3184,1.5703517587939697
LR,45,1725,172.20858764648438,847.7012023925781,0.10189605305199681,0.31430710512527354,0.14295513709263863,0.3184,1.5703517587939697
LR,10,1726,9.16192626953125,685.5499329566956,0.19646360208894417,0.4192701605666132,0.22676547217056234,0.3184,1.5703517587939697
LR,22,1727,173.54197692871094,710.0104293823242,0.22272673487278624,0.2897321112391108,0.2662247525839476,0.3184,1.5703517587939697
LR,30,1728,173.9918212890625,1043.2441864013672,0.17279711815233662,0.2695794014672914,0.19008820849212588,0.3184,1.5703517587939697
LR,39,1729,174.600830078125,919.8812103271484,0.18349270542976406,0.3780913798329995,0.2200433039093357,0.3184,1.5703517587939697
LR,35,1730,8.790046691894531,264.24810791015625,0.14663441288576579,0.6525964789567887,0.3782969930917126,0.3184,1.5703517587939697
LR,16,1731,9.797576904296875,787.64697265625,0.19838467717704794,0.35048878166474484,0.21431601731161548,0.3184,1.5703517587939697
LR,13,1732,174.90869140625,763.2032623291016,0.12022751535351354,0.21127554942679055,0.15757711626796678,0.3184,1.5703517587939697
LR,28,1733,174.1641845703125,724.7783355712891,0.10818208402731626,0.18969900002020637,0.13355955202020145,0.3184,1.5703517587939697
LR,50,1734,165.83623504638672,391.34033203125,0.14729689517328812,0.24864261898080461,0.17678298899336917,0.3184,1.5703517587939697
LR,34,1735,13.842132568359375,415.6148376464844,0.10704733640687678,0.24549097497596742,0.1532880256392636,0.3184,1.5703517587939697
LR,32,1736,5.8687896728515625,415.11231994628906,0.13506409778681402,0.4215132448792928,0.23031162498338614,0.3184,1.5703517587939697
LR,37,1737,167.93453979492188,635.0098571777344,0.10524104466687256,0.22418269133154492,0.15693498361846803,0.3184,1.5703517587939697
LR,22,1738,170.31149291992188,619.8575897216797,0.10325436134124269,0.33154725938588003,0.1507119476977479,0.3184,1.5703517587939697
LR,36,1739,8.41888427734375,532.8894424438477,0.14206850255976766,0.30757845850077387,0.20158744748938834,0.3184,1.5703517587939697
LR,38,1740,167.51375579833984,214.9129638671875,0.2641194402942829,0.3807799065787333,0.290492243365676,0.3184,1.5703517587939697
LR,39,1741,165.22352600097656,447.8306155204773,0.25711542370986873,0.35297207639934186,0.301884576913666,0.3184,1.5703517587939697
LR,28,1742,174.61148071289062,805.459285736084,0.11003587774468511,0.36188666463377994,0.1609954998444828,0.3184,1.5703517587939697
LR,33,1743,7.295013427734375,463.82325744628906,0.11760053853979593,0.6333744575227195,0.25850566578527323,0.3184,1.5703517587939697
LR,12,1744,10.6697998046875,427.1319274902344,0.23040107808615376,0.4327762018868113,0.2594381359342526,0.3184,1.5703517587939697
LR,36,1745,167.03314208984375,690.8157043457031,0.11777214121775895,0.19604218869816864,0.16251285349634273,0.3184,1.5703517587939697
LR,18,1746,170.37728881835938,392.7611999511719,0.2941814133607414,0.526159102156005,0.33335326531926335,0.3184,1.5703517587939697
LR,29,1747,173.2826156616211,638.5425548553467,0.17861352827433818,0.3878860920303281,0.214349920503338,0.3184,1.5703517587939697
LR,14,1748,166.25201416015625,277.9385070800781,0.2981908923330486,0.5608616487359737,0.3516316107023194,0.3184,1.5703517587939697
LR,15,1749,167.69876098632812,619.5475387573242,0.23365066533784387,0.44031996541055707,0.25600535896137894,0.3184,1.5703517587939697
LR,46,1750,5.88983154296875,893.5961303710938,0.19153430904636026,0.45630326018636147,0.23541289860118214,0.3184,1.5703517587939697
LR,31,1751,168.31558227539062,642.9833087921143,0.09434142140261893,0.25553203227144045,0.1393218458109566,0.3184,1.5703517587939697
LR,37,1752,11.226043701171875,413.656494140625,0.10128277120641471,0.17187088060727218,0.1326045306066032,0.3184,1.5703517587939697
LR,54,1753,14.185905456542969,334.33445739746094,0.23042924623438493,0.4626362124243346,0.29914219828868627,0.3184,1.5703517587939697
LR,2,1754,7.072784423828125,249.22283935546875,0.13999323853412945,0.5567011134988075,0.2946809485452356,0.3184,1.5703517587939697
LR,54,1755,11.056587219238281,397.07366943359375,0.19546573912490123,0.23936899981946172,0.25007170378827576,0.3184,1.5703517587939697
LR,45,1756,170.78936767578125,304.52733612060547,0.1655172696836461,0.31486882741276007,0.2082576693694374,0.3184,1.5703517587939697
LR,42,1757,172.20858764648438,830.9306106567383,0.17753084238802558,0.4350536993570998,0.21767743862653502,0.3184,1.5703517587939697
LR,43,1758,12.504203796386719,441.6143493652344,0.20152439577867087,0.27329316313309926,0.24183353285901432,0.3184,1.5703517587939697
LR,30,1759,172.96004486083984,657.3050689697266,0.23134731029915892,0.43756094466158524,0.2708333318083195,0.3184,1.5703517587939697
LR,21,1760,172.92184448242188,801.6974239349365,0.13370141093337817,0.31344879920063085,0.17109494169904682,0.3184,1.5703517587939697
LR,45,1761,170.23358154296875,701.387939453125,0.13327265660487203,0.47929693154478775,0.2188104856963489,0.3184,1.5703517587939697
LR,1,1762,8.7996826171875,294.3985595703125,0.19849148116316112,0.33013810704470953,0.2269201312304372,0.3184,1.5703517587939697
LR,22,1763,174.546875,754.6341857910156,0.10568411619671217,0.17881782938856075,0.13624134864251722,0.3184,1.5703517587939697
LR,5,1764,165.6368865966797,671.3670043945312,0.09348650009137963,0.14151267538411852,0.1555665721267433,0.3184,1.5703517587939697
LR,7,1765,9.461982727050781,434.22821044921875,0.22241165794939363,0.3686950052906317,0.2411840985938105,0.3184,1.5703517587939697
LR,2,1766,13.340423583984375,204.80594635009766,0.1743782831635192,0.6342082171763043,0.29549868131013207,0.3184,1.5703517587939697
LR,31,1767,165.35987091064453,221.80471801757812,0.14596364680287455,0.5593550300741508,0.2056544918057216,0.3184,1.5703517587939697
LR,39,1768,5.4197998046875,343.3055114746094,0.1712382836897618,0.5201362171540873,0.2640082379797943,0.3184,1.5703517587939697
LR,34,1769,174.20159912109375,351.26373291015625,0.1323416568537258,0.5712213089597793,0.3470686471590071,0.3184,1.5703517587939697
LR,4,1770,9.210624694824219,365.19432067871094,0.1335223538112999,0.23059116592748533,0.16623320071109565,0.3184,1.5703517587939697
LR,37,1771,5.66290283203125,633.3486251831055,0.10573157275249014,0.4724818139305819,0.1695993928527416,0.3184,1.5703517587939697
LR,24,1772,13.372528076171875,353.3026885986328,0.10429220593717921,0.17265654378564316,0.12310476725717272,0.3184,1.5703517587939697
LR,52,1773,5.276611328125,609.2799377441406,0.10936569020899012,0.19078798928535856,0.1381394909472033,0.3184,1.5703517587939697
LR,43,1774,12.52960205078125,259.2697639465332,0.12652970480305487,0.31333026523064555,0.16467346067565355,0.3184,1.5703517587939697
LR,11,1775,168.86697387695312,374.2580261230469,0.24228349371119223,0.4689815637672797,0.28266304059857544,0.3184,1.5703517587939697
LR,49,1776,13.164337158203125,418.62567138671875,0.10993928317809035,0.3851586959972255,0.16580566399917743,0.3184,1.5703517587939697
LR,28,1777,11.02362060546875,208.23003387451172,0.20284486591050452,0.39053762756575267,0.30430265523040795,0.3184,1.5703517587939697
LR,47,1778,5.732574462890625,376.83391761779785,0.200985929602275,0.43418648949342953,0.24307682215819917,0.3184,1.5703517587939697
LR,32,1779,172.18536376953125,689.8815002441406,0.12543694512591327,0.3606104804486267,0.16733469281795654,0.3184,1.5703517587939697
LR,53,1780,8.679901123046875,563.7178285121918,0.12245583457405089,0.23527017211573997,0.14620349982101175,0.3184,1.5703517587939697
LR,36,1781,7.9376220703125,708.1922221183777,0.13539242815044947,0.4497386537554041,0.19998847066137077,0.3184,1.5703517587939697
LR,37,1782,174.93716430664062,898.7605266571045,0.2292262299517044,0.4065243278050804,0.2518477571695129,0.3184,1.5703517587939697
LR,4,1783,13.127944946289062,299.6711139678955,0.13814389301392155,0.5046655320592679,0.2127762819777649,0.3184,1.5703517587939697
LR,15,1784,171.87051391601562,872.2410087585449,0.16960430394123824,0.38670611608045674,0.2052727154592165,0.3184,1.5703517587939697
LR,12,1785,165.35626220703125,448.1599884033203,0.13148166217865917,0.4043036840001693,0.1971584552635551,0.3184,1.5703517587939697
LR,50,1786,170.01077270507812,705.6176948547363,0.09063183697665557,0.2833947553487205,0.13504053552951883,0.3184,1.5703517587939697
LR,25,1787,172.50485229492188,569.8925018310547,0.19469387457244458,0.4837638410844424,0.2443598211572117,0.3184,1.5703517587939697
LR,33,1788,166.55014038085938,453.75799560546875,0.12690009955868087,0.4158363150254102,0.1741650410064662,0.3184,1.5703517587939697
LR,7,1789,171.4093017578125,232.56745147705078,0.30195662586089705,0.37487007121982113,0.3674166631680781,0.3184,1.5703517587939697
LR,30,1790,14.30194091796875,485.3401184082031,0.10327627290678172,0.161646220622559,0.16468614143121693,0.3184,1.5703517587939697
LR,43,1791,8.3250732421875,280.6005401611328,0.27436046804844055,0.3633286639928229,0.32964001407700794,0.3184,1.5703517587939697
LR,16,1792,7.7850341796875,1002.1441192626953,0.1910683082602997,0.2747896536571969,0.21165162654048789,0.3184,1.5703517587939697
LR,29,1793,171.02783203125,700.7087872028351,0.14624847537688332,0.4860980026362848,0.24862817254166772,0.3184,1.5703517587939697
LR,3,1794,165.3968963623047,471.4278564453125,0.18558205116570856,0.5032558235490916,0.23683544369601237,0.3184,1.5703517587939697
LR,51,1795,173.1888427734375,773.3975524902344,0.18393793654498097,0.3604825859775829,0.22356502558497923,0.3184,1.5703517587939697
LR,42,1796,169.07708740234375,334.71192359924316,0.23088602314244105,0.4753210781009389,0.2700643839664589,0.3184,1.5703517587939697
LR,27,1797,14.32440185546875,674.5220336914062,0.17973016931730937,0.45016171326802523,0.2350727890812713,0.3184,1.5703517587939697
LR,51,1798,14.280242919921875,288.62672424316406,0.11910627816881796,0.3806426436700433,0.15962695103448296,0.3184,1.5703517587939697
LR,53,1799,12.52960205078125,474.26023864746094,0.17171302750230708,0.5074460964110189,0.2286872205059241,0.3184,1.5703517587939697
LR,15,1800,165.12974548339844,631.260498046875,0.0968587851709253,0.1523191875952252,0.13727346328524712,0.3184,1.5703517587939697
LR,34,1801,173.01226806640625,799.7201538085938,0.11992505451179478,0.3308204832847337,0.15364548156971358,0.3184,1.5703517587939697
LR,31,1802,5.193634033203125,406.3045892715454,0.13889023155144045,0.3016783368978748,0.19461500812953153,0.3184,1.5703517587939697
LR,50,1803,5.12237548828125,888.6762313842773,0.29321579125220576,0.522989797335605,0.35905739727396263,0.3184,1.5703517587939697
LR,5,1804,169.1284408569336,956.4899444580078,0.2258710325860743,0.4399918055117437,0.25053595614432034,0.3184,1.5703517587939697
LR,46,1805,168.23125457763672,714.8332824707031,0.0894075773380498,0.35247898720059334,0.1603563183053396,0.3184,1.5703517587939697
LR,8,1806,11.176132202148438,345.6098232269287,0.21240382421505768,0.4786694993304474,0.26195101031818246,0.3184,1.5703517587939697
LR,55,1807,169.81698608398438,680.7973480224609,0.11360903780608536,0.2634870863248122,0.14721840234935013,0.3184,1.5703517587939697
LR,21,1808,166.55590057373047,492.63934326171875,0.15044978355900593,0.44553385475846574,0.20708021633363932,0.3184,1.5703517587939697
LR,16,1809,12.594146728515625,320.1435241699219,0.2112911851799104,0.4756351770111067,0.2724040663035987,0.3184,1.5703517587939697
LR,40,1810,174.52725219726562,971.2582626342773,0.15214407213226036,0.3810449562521513,0.19936483418910278,0.3184,1.5703517587939697
LR,31,1811,174.31845092773438,928.6845092773438,0.19224993778042038,0.284782434043429,0.21067587095927393,0.3184,1.5703517587939697
LR,41,1812,173.41885375976562,753.9140930175781,0.12151529923423393,0.3368368183004599,0.1707265557246359,0.3184,1.5703517587939697
LR,9,1813,11.677162170410156,453.81492614746094,0.23414070910980717,0.4662957002709618,0.2575068060650665,0.3184,1.5703517587939697
LR,44,1814,168.18963623046875,615.6087951660156,0.09597711885481477,0.15206076707645308,0.11787576147733217,0.3184,1.5703517587939697
LR,27,1815,173.60638427734375,701.1402130126953,0.10939584306256686,0.18052432955685924,0.13180457601443188,0.3184,1.5703517587939697
LR,16,1816,8.25885009765625,319.3407440185547,0.10683635618840767,0.16004066115085283,0.26168419328003706,0.3184,1.5703517587939697
LR,1,1817,11.104034423828125,674.4687423706055,0.15601181279592022,0.3803314083083678,0.19451461534501605,0.3184,1.5703517587939697
LR,28,1818,166.82634735107422,463.31158447265625,0.14518040050061856,0.4497861982865941,0.2076248904073445,0.3184,1.5703517587939697
LR,32,1819,166.38449096679688,566.3328008651733,0.09636797888418876,0.14587940469435498,0.15914560292880947,0.3184,1.5703517587939697
LR,40,1820,10.520751953125,421.6974296569824,0.12922481763850227,0.18881565142100237,0.22131141316611175,0.3184,1.5703517587939697
LR,31,1821,173.02798461914062,319.6446170806885,0.09195574996110352,0.6126790133775326,0.2606409052121069,0.3184,1.5703517587939697
LR,35,1822,166.02325439453125,640.7158050537109,0.12298761304669323,0.29967004169033135,0.1624265402382497,0.3184,1.5703517587939697
LR,31,1823,166.1990966796875,250.97576904296875,0.1656938824633711,0.5750757773027774,0.23123905010898263,0.3184,1.5703517587939697
LR,4,1824,169.3302001953125,654.4067459106445,0.18307136158256793,0.5556276090229164,0.24518695505805832,0.3184,1.5703517587939697
LR,1,1825,173.18256378173828,515.5925064086914,0.24414790311118206,0.3521646593357734,0.2946313145857583,0.3184,1.5703517587939697
LR,12,1826,12.936431884765625,276.9997253417969,0.11510345646927034,0.3959699808490756,0.18123049495219465,0.3184,1.5703517587939697
LR,41,1827,173.60842895507812,817.0048501491547,0.13948363952376291,0.4053792559589378,0.20820491147704426,0.3184,1.5703517587939697
LR,31,1828,13.356529235839844,235.90089416503906,0.09237038706627283,0.37587686868138986,0.16503149834707945,0.3184,1.5703517587939697
LR,46,1829,11.21087646484375,536.8626098632812,0.1823245142958074,0.6261794303114167,0.2787919540947202,0.3184,1.5703517587939697
LR,26,1830,10.068901062011719,426.8082580566406,0.09271255516873408,0.5418168911593476,0.2701090793611362,0.3184,1.5703517587939697
LR,53,1831,165.56228637695312,444.0806884765625,0.16051018036173118,0.4542578067566429,0.2239439229629969,0.3184,1.5703517587939697
LR,14,1832,11.597152709960938,659.110577583313,0.21968210427422252,0.4360499168265997,0.2528265296901889,0.3184,1.5703517587939697
LR,50,1833,7.389686584472656,202.45086669921875,0.3275344647299633,0.3948896798207147,0.43033452724461735,0.3184,1.5703517587939697
LR,10,1834,10.762603759765625,620.2840633392334,0.16789709775873182,0.4241964917633637,0.21474157578115097,0.3184,1.5703517587939697
LR,35,1835,14.51849365234375,426.6766662597656,0.09865601322895132,0.1871742816276672,0.14045271796587128,0.3184,1.5703517587939697
LR,28,1836,166.1505889892578,435.04359436035156,0.14040201128314858,0.4444451156035365,0.20636876542285884,0.3184,1.5703517587939697
LR,36,1837,166.63858032226562,547.0930480957031,0.13706351817690793,0.22469131549094362,0.15264880723473526,0.3184,1.5703517587939697
LR,45,1838,6.679100036621094,367.62004947662354,0.20161372767409858,0.6148640413815266,0.2739316349863346,0.3184,1.5703517587939697
LR,40,1839,168.60599517822266,295.504301071167,0.22212707915518787,0.26433293138462166,0.3425011786419249,0.3184,1.5703517587939697
LR,52,1840,172.84716796875,287.8190727233887,0.3537124338218509,0.5301296540357704,0.4599070372142389,0.3184,1.5703517587939697
LR,48,1841,14.611663818359375,792.3655242919922,0.09741068636218791,0.15612061351291634,0.16028615966695442,0.3184,1.5703517587939697
LR,21,1842,174.33709716796875,934.7451858520508,0.2636616966668318,0.41455521649853905,0.2752382668495443,0.3184,1.5703517587939697
LR,45,1843,12.32012939453125,435.29180908203125,0.12115171924056038,0.32578270515087016,0.16692943904044152,0.3184,1.5703517587939697
LR,28,1844,168.847900390625,571.4813385009766,0.1874327601839386,0.4192033189617643,0.2251791354679177,0.3184,1.5703517587939697
LR,15,1845,13.28277587890625,403.935791015625,0.09322889643023706,0.2560925183816595,0.1282706409225357,0.3184,1.5703517587939697
LR,53,1846,8.55126953125,684.2691116333008,0.0986752713280004,0.4860611043860074,0.1957564778072608,0.3184,1.5703517587939697
LR,13,1847,13.37420654296875,341.6445617675781,0.10161796290760687,0.1597988290364644,0.15681502761719973,0.3184,1.5703517587939697
LR,22,1848,170.88906860351562,690.3433074951172,0.15906838925236963,0.4025951918750428,0.20169904742810352,0.3184,1.5703517587939697
LR,5,1849,169.65843200683594,479.71998596191406,0.3193010389795841,0.44993262144379603,0.3155725499165791,0.3184,1.5703517587939697
LR,29,1850,13.1279296875,337.23767852783203,0.161176249481806,0.5122719251824259,0.2230567484837675,0.3184,1.5703517587939697
LR,31,1851,171.15869140625,523.3652191162109,0.11975813837067245,0.24786207985033806,0.1489487883577224,0.3184,1.5703517587939697
LR,43,1852,5.92376708984375,628.1812896728516,0.0952971444916088,0.15118193256756732,0.14329219617474648,0.3184,1.5703517587939697
LR,21,1853,168.35784912109375,673.6106567382812,0.10173768360311887,0.2986544964645272,0.14116661633003633,0.3184,1.5703517587939697
LR,45,1854,10.124526977539062,316.9289436340332,0.23452473060272552,0.5450721243776979,0.28307697775104745,0.3184,1.5703517587939697
LR,37,1855,8.689239501953125,525.2173614501953,0.09969853839900815,0.16594536944622557,0.14203640686136093,0.3184,1.5703517587939697
LR,25,1856,14.841888427734375,230.29605102539062,0.30073920764044004,0.4126989913346396,0.3152010137327394,0.3184,1.5703517587939697
LR,54,1857,171.08554077148438,339.7072296142578,0.26051771611145275,0.6459962451673241,0.29965524831754575,0.3184,1.5703517587939697
LR,28,1858,6.22015380859375,296.6256790161133,0.2753326818173447,0.46208584645065554,0.3098883183138721,0.3184,1.5703517587939697
LR,38,1859,8.65704345703125,518.8607788085938,0.10932301288147789,0.3278984967762743,0.14961710894453398,0.3184,1.5703517587939697
LR,27,1860,9.02716064453125,563.9218139648438,0.08856810155397804,0.32607709610824176,0.13898372968119999,0.3184,1.5703517587939697
LR,36,1861,12.2071533203125,421.88720703125,0.095223034534233,0.150128972691964,0.1250202215935553,0.3184,1.5703517587939697
LR,39,1862,167.81072998046875,671.5970458984375,0.12439468523496883,0.26689292084169886,0.16508243334101277,0.3184,1.5703517587939697
LR,45,1863,6.52703857421875,232.80914306640625,0.4683031887728097,0.5836645500283202,0.42188124130738297,0.3184,1.5703517587939697
LR,11,1864,13.737640380859375,250.07269287109375,0.22681006684471047,0.45614238276251845,0.2761849855369977,0.3184,1.5703517587939697
LR,34,1865,167.00436401367188,318.07203674316406,0.17196145829302897,0.45269656475052494,0.22839182826255042,0.3184,1.5703517587939697
LR,38,1866,8.007415771484375,713.5026588439941,0.13864463080711809,0.46771315913849404,0.2116843291792088,0.3184,1.5703517587939697
LR,13,1867,172.2440185546875,847.5468292236328,0.13643239008180225,0.37344420181874055,0.17617877372642635,0.3184,1.5703517587939697
LR,38,1868,7.62744140625,410.30359077453613,0.19035971705555746,0.44333959356363783,0.23673567533074016,0.3184,1.5703517587939697
LR,34,1869,8.53021240234375,543.8242034912109,0.09420985028033435,0.29848619420477435,0.14113965649908572,0.3184,1.5703517587939697
LR,26,1870,14.96417236328125,313.77671813964844,0.15468270156238015,0.5366234725434728,0.21971179881487174,0.3184,1.5703517587939697
LR,54,1871,166.17652130126953,319.0920715332031,0.3897110471139033,0.626064744775835,0.39652368041540864,0.3184,1.5703517587939697
LR,10,1872,168.17803955078125,280.3302001953125,0.08199027724072787,0.3391335316903453,0.22050329692516313,0.3184,1.5703517587939697
LR,7,1873,14.5712890625,858.831787109375,0.11209127137785813,0.18948197505961112,0.14242620545815612,0.3184,1.5703517587939697
LR,4,1874,8.392333984375,302.3003616333008,0.244399284209964,0.5457250721673466,0.3015763605393447,0.3184,1.5703517587939697
LR,39,1875,5.51068115234375,776.2588500976562,0.29629648107658446,0.4691658299148918,0.3049465420935208,0.3184,1.5703517587939697
LR,23,1876,166.1422119140625,718.9652862548828,0.13633482489092935,0.39196252149523114,0.18108542658893179,0.3184,1.5703517587939697
LR,12,1877,172.89947509765625,878.0222187042236,0.15637513845982573,0.24595954180501692,0.1874369652295853,0.3184,1.5703517587939697
LR,5,1878,172.70654296875,782.6370620727539,0.20639743906059016,0.3956430289441368,0.2292787939436196,0.3184,1.5703517587939697
LR,34,1879,172.93402099609375,716.0136871337891,0.13095416103836652,0.4661685008884068,0.19228908349222862,0.3184,1.5703517587939697
LR,13,1880,14.88824462890625,276.3387451171875,0.11242684526024502,0.45203169143046207,0.2027582166617628,0.3184,1.5703517587939697
LR,37,1881,166.37890625,529.2411041259766,0.10618563530422193,0.17933236105153275,0.1356852511346871,0.3184,1.5703517587939697
LR,41,1882,6.679107666015625,340.87994384765625,0.26414854637375346,0.45915392720355175,0.25552064801047136,0.3184,1.5703517587939697
LR,39,1883,7.057090759277344,203.02520751953125,0.16793617975530556,0.2613568728357292,0.19091457810321316,0.3184,1.5703517587939697
LR,41,1884,174.70559692382812,411.6971206665039,0.2303425488515824,0.3430806683809121,0.2615762348364228,0.3184,1.5703517587939697
LR,3,1885,8.764617919921875,585.2555236816406,0.11276848544329714,0.509050937739275,0.25678019805374197,0.3184,1.5703517587939697
LR,11,1886,172.38876342773438,657.0180816650391,0.11463231113015646,0.2931595108510887,0.1479870441065388,0.3184,1.5703517587939697
LR,12,1887,9.83880615234375,272.37237548828125,0.2872394163043985,0.48104412779403716,0.3168172117143947,0.3184,1.5703517587939697
LR,53,1888,170.882568359375,595.2059097290039,0.11910677280202081,0.4409326316054651,0.19660292945555372,0.3184,1.5703517587939697
LR,50,1889,170.8754119873047,240.6259536743164,0.16812592039619187,0.5758860956595901,0.24292574120015922,0.3184,1.5703517587939697
LR,1,1890,14.99188232421875,274.89727783203125,0.1522044701812436,0.31785496347533726,0.19251256554724563,0.3184,1.5703517587939697
LR,24,1891,8.2041015625,483.34075927734375,0.13794897242154738,0.53157117586231,0.19559354193427056,0.3184,1.5703517587939697
LR,43,1892,6.038734436035156,291.46453857421875,0.47164981088062763,0.6781758842873924,0.48797070579684104,0.3184,1.5703517587939697
LR,20,1893,172.28878784179688,671.0267333984375,0.10770767164940638,0.1930214883400746,0.14080945995726266,0.3184,1.5703517587939697
LR,42,1894,172.56930541992188,679.5649719238281,0.11443634215953687,0.22215150152240296,0.15919778317352415,0.3184,1.5703517587939697
LR,41,1895,168.6897964477539,479.62982177734375,0.1474542549808738,0.4595187735866447,0.2169245405454132,0.3184,1.5703517587939697
LR,6,1896,13.963226318359375,222.37569427490234,0.04229294715401989,0.4606058426534987,0.5616463191637107,0.3184,1.5703517587939697
LR,21,1897,174.44476318359375,926.6302108764648,0.2678961322223309,0.4206200423908029,0.2796036291307364,0.3184,1.5703517587939697
LR,44,1898,174.2080078125,911.6636962890625,0.119738665587363,0.3839446982879765,0.1734130130466952,0.3184,1.5703517587939697
LR,1,1899,166.2333984375,695.4842739105225,0.09899133129964355,0.15390068730024692,0.1452053569448765,0.3184,1.5703517587939697
LR,30,1900,8.568603515625,347.17279052734375,0.2240757550361711,0.5648261753113577,0.28564931599260085,0.3184,1.5703517587939697
LR,11,1901,5.8878021240234375,556.5654602050781,0.14673613010429917,0.4173081047677666,0.1923352127292975,0.3184,1.5703517587939697
LR,27,1902,171.11981201171875,601.6623802185059,0.12254879189060601,0.21647132249039783,0.14633673212548598,0.3184,1.5703517587939697
LR,27,1903,8.65704345703125,309.72237396240234,0.2211837836181933,0.5332947465702277,0.2870099242797217,0.3184,1.5703517587939697
LR,54,1904,10.329605102539062,505.6836643218994,0.20385420144573185,0.4721875058067897,0.2497753073030756,0.3184,1.5703517587939697
LR,38,1905,13.03021240234375,530.0795059204102,0.09630740441373033,0.3673451518547969,0.15392641921007863,0.3184,1.5703517587939697
LR,29,1906,12.408157348632812,204.09100341796875,0.17217060002855725,0.3832109807064825,0.23276597890049627,0.3184,1.5703517587939697
LR,15,1907,170.23056030273438,768.7735328674316,0.2913117896495261,0.510896425202609,0.3131681513199299,0.3184,1.5703517587939697
LR,11,1908,5.78472900390625,873.1366653442383,0.24753688928459303,0.5115053357556691,0.28069913670176,0.3184,1.5703517587939697
LR,36,1909,13.353492736816406,431.5837860107422,0.17083391997081712,0.5143317070432111,0.22855134596937743,0.3184,1.5703517587939697
LR,8,1910,13.110275268554688,271.48895263671875,0.13009465060886535,0.4387468476820896,0.20195031627155735,0.3184,1.5703517587939697
LR,46,1911,171.02783203125,805.5162620544434,0.1866665247598619,0.4779631889537959,0.23898464890672996,0.3184,1.5703517587939697
LR,31,1912,7.154792785644531,748.7397842407227,0.400612132615045,0.5317471820234463,0.5347452507343424,0.3184,1.5703517587939697
LR,37,1913,6.4873046875,340.5550231933594,0.13174120145555446,0.5079973479311877,0.24429777518871468,0.3184,1.5703517587939697
LR,30,1914,174.99686431884766,730.9768295288086,0.24945225932660492,0.3300242985841133,0.30035296578406173,0.3184,1.5703517587939697
LR,54,1915,10.491447448730469,473.9485626220703,0.2184264817162956,0.3217326454549814,0.22834873029077052,0.3184,1.5703517587939697
LR,32,1916,6.420265197753906,565.4561309814453,0.15570604927092213,0.40019522174870054,0.20549069754497623,0.3184,1.5703517587939697
LR,37,1917,166.77108764648438,704.1823492050171,0.1354849514477391,0.4810805053450101,0.21233574971057262,0.3184,1.5703517587939697
LR,29,1918,5.542182922363281,471.53599548339844,0.16585721294787342,0.4617225807163445,0.22440375630880285,0.3184,1.5703517587939697
LR,13,1919,12.162841796875,640.3234252929688,0.2930949736156841,0.4123561670835742,0.2756095417836017,0.3184,1.5703517587939697
LR,26,1920,168.267822265625,509.4454736709595,0.09194671116203586,0.3150514317377654,0.14223451329937106,0.3184,1.5703517587939697
LR,49,1921,6.70904541015625,241.50616455078125,0.11354433874645259,0.47020388444025674,0.21268808616133042,0.3184,1.5703517587939697
LR,40,1922,5.05303955078125,304.512451171875,0.2699659229971458,0.39655943985838293,0.2916709041127474,0.3184,1.5703517587939697
LR,8,1923,165.89306640625,350.5802688598633,0.13603845339844034,0.3672078916275364,0.18949847349199556,0.3184,1.5703517587939697
LR,30,1924,171.36972045898438,764.4075317382812,0.11420122888015338,0.4609099724166993,0.18016589647934425,0.3184,1.5703517587939697
LR,43,1925,172.00714111328125,727.2234649658203,0.1334925803953943,0.5165262616017341,0.2289909170843399,0.3184,1.5703517587939697
LR,51,1926,7.29132080078125,470.8619842529297,0.12389760886254397,0.428792365119333,0.1779010610629594,0.3184,1.5703517587939697
LR,31,1927,171.2543487548828,549.4003601074219,0.0912129786977046,0.3738230524198604,0.18440787862597413,0.3184,1.5703517587939697
LR,44,1928,7.786346435546875,501.0459213256836,0.1245611145428158,0.23747970260453882,0.14270283335690118,0.3184,1.5703517587939697
LR,44,1929,171.46978759765625,787.1334381103516,0.18100526399577463,0.4929773509554774,0.22636016592285838,0.3184,1.5703517587939697
LR,27,1930,6.38336181640625,315.919189453125,0.5016117352341182,0.6281549018648739,0.48000465806320397,0.3184,1.5703517587939697
LR,24,1931,167.15135192871094,441.83001708984375,0.1446122263285881,0.3238582770637426,0.18277575891695402,0.3184,1.5703517587939697
LR,18,1932,9.60491943359375,1053.1781463623047,0.1861738635482842,0.438092258276641,0.21855440320507852,0.3184,1.5703517587939697
LR,52,1933,11.79388427734375,207.69207763671875,0.03795311587239411,0.6118650241641898,1.2036649684375502,0.3184,1.5703517587939697
LR,10,1934,168.61822509765625,852.5671005249023,0.10250168802994548,0.2890175974698937,0.14878667250675004,0.3184,1.5703517587939697
LR,26,1935,174.09466552734375,247.5358123779297,0.2879836503067118,0.5029934330186462,0.3200835559499723,0.3184,1.5703517587939697
LR,37,1936,172.30462646484375,944.1142883300781,0.12494950658344584,0.19579798528123674,0.15421252608955077,0.3184,1.5703517587939697
LR,20,1937,9.2235107421875,558.3385925292969,0.09778697624462979,0.457026213851485,0.18836047263534253,0.3184,1.5703517587939697
LR,33,1938,174.17446899414062,853.0817489624023,0.186349765721185,0.28179222069784376,0.21278658903785028,0.3184,1.5703517587939697
LR,51,1939,9.529815673828125,346.7581481933594,0.12199694519299371,0.3599887973794695,0.16193249866579598,0.3184,1.5703517587939697
LR,33,1940,174.3701171875,571.1127853393555,0.14353968468159742,0.2876213493975842,0.17296154883457235,0.3184,1.5703517587939697
LR,38,1941,168.09786987304688,572.9105072021484,0.10791703260866398,0.17883413796147285,0.14492977809356888,0.3184,1.5703517587939697
LR,18,1942,166.27017211914062,358.2791748046875,0.09582984500213829,0.15937230194731808,0.16352824111470624,0.3184,1.5703517587939697
LR,37,1943,6.24444580078125,383.84950256347656,0.1394095534070555,0.3488183278575804,0.20747131211510578,0.3184,1.5703517587939697
LR,7,1944,6.519012451171875,286.24391174316406,0.16529231445989476,0.5718179021051142,0.2483854675334606,0.3184,1.5703517587939697
LR,37,1945,167.7570037841797,674.1650390625,0.16444803591503743,0.45308778682886613,0.20734059946801206,0.3184,1.5703517587939697
LR,7,1946,8.073944091796875,1046.289306640625,0.16900851304913897,0.25669142051545724,0.18591955894757503,0.3184,1.5703517587939697
LR,52,1947,165.54148864746094,497.6162567138672,0.09135222636880616,0.14615688593456494,0.14665262354392508,0.3184,1.5703517587939697
LR,41,1948,14.35101318359375,573.0792846679688,0.18014342255440524,0.4493981872869414,0.2419464401392342,0.3184,1.5703517587939697
LR,14,1949,173.29094696044922,569.7972869873047,0.1680443431232841,0.4513111606977438,0.22006139420741716,0.3184,1.5703517587939697
LR,53,1950,174.3701171875,261.00502014160156,0.15066686036536667,0.25719990482086447,0.19053167317561565,0.3184,1.5703517587939697
LR,5,1951,7.714988708496094,258.49664306640625,0.21668309162231436,0.5930909179123199,0.4146285796687335,0.3184,1.5703517587939697
LR,1,1952,171.9320068359375,828.6787300109863,0.1635456292055575,0.3172330815491411,0.19316908603158753,0.3184,1.5703517587939697
LR,11,1953,172.75347137451172,284.55670166015625,0.37571459696365844,0.5125937252025228,0.5054739151192327,0.3184,1.5703517587939697
LR,16,1954,9.732452392578125,501.3094778060913,0.23505177237675515,0.4856287997784422,0.2722657474186322,0.3184,1.5703517587939697
LR,53,1955,12.0618896484375,543.8406677246094,0.11512202333859115,0.20977945739277762,0.14142486537679563,0.3184,1.5703517587939697
LR,7,1956,8.285202026367188,434.09468841552734,0.13762577938947806,0.3568212743963191,0.18978386667949226,0.3184,1.5703517587939697
LR,53,1957,5.231475830078125,785.5047073364258,0.118039354865343,0.33189040732941383,0.17519678903485253,0.3184,1.5703517587939697
LR,38,1958,169.23513793945312,353.7512493133545,0.30957594536171373,0.45696451450434084,0.3479921171066651,0.3184,1.5703517587939697
LR,34,1959,172.04312133789062,886.293342590332,0.14307825843492236,0.2284317224818993,0.1631820901219904,0.3184,1.5703517587939697
LR,30,1960,173.25518798828125,384.32410430908203,0.09658056989251218,0.1438805610973996,0.22002547327142039,0.3184,1.5703517587939697
LR,22,1961,8.58740234375,648.0912208557129,0.1341662186465499,0.2915114925927539,0.17521688617698278,0.3184,1.5703517587939697
LR,44,1962,10.09735107421875,278.6714630126953,0.11436749092009364,0.235440384863228,0.14609641992385708,0.3184,1.5703517587939697
LR,31,1963,7.279541015625,865.7544364929199,0.259056363430061,0.48814062951087933,0.28557068622944254,0.3184,1.5703517587939697
LR,29,1964,166.47555541992188,463.9622573852539,0.21508742183172772,0.5621742803546523,0.254159280863709,0.3184,1.5703517587939697
LR,32,1965,168.52096557617188,592.339656829834,0.10568451391685924,0.33095383874593853,0.1514394915431292,0.3184,1.5703517587939697
LR,40,1966,171.63470458984375,921.6134490966797,0.11836463948140859,0.39416474572271304,0.17137511959569782,0.3184,1.5703517587939697
LR,52,1967,7.26934814453125,882.5738906860352,0.13780746457405413,0.4551192840000488,0.19739970337065216,0.3184,1.5703517587939697
LR,50,1968,168.59520721435547,473.21289443969727,0.1732306044428143,0.48333177749677614,0.2325995450434707,0.3184,1.5703517587939697
LR,34,1969,5.70977783203125,654.8482856750488,0.17093288020281883,0.5345294498774135,0.22867681573371554,0.3184,1.5703517587939697
LR,45,1970,171.81134033203125,778.5893249511719,0.10292009263047486,0.30018375994427315,0.15157315150578032,0.3184,1.5703517587939697
LR,13,1971,11.21514892578125,318.18529510498047,0.1994037721424315,0.5702809162793956,0.2793229093463448,0.3184,1.5703517587939697
LR,16,1972,14.238922119140625,257.16424560546875,0.3175350051930279,0.43026998712574166,0.3524568910892408,0.3184,1.5703517587939697
LR,49,1973,169.83805084228516,246.23110961914062,0.2731863711943163,0.46635591435079815,0.4051705387546143,0.3184,1.5703517587939697
LR,53,1974,10.784378051757812,208.32129669189453,0.174331658775326,0.5652307869708645,0.25478272449967715,0.3184,1.5703517587939697
LR,10,1975,174.5234375,689.5845336914062,0.2480301625443631,0.3078188804882139,0.3179937718629099,0.3184,1.5703517587939697
LR,20,1976,9.679428100585938,729.1473264694214,0.2198659065238424,0.36658125370556466,0.24569839280903533,0.3184,1.5703517587939697
LR,12,1977,169.45193481445312,847.1250991821289,0.11701429004765761,0.3166606203253623,0.1596233395292842,0.3184,1.5703517587939697
LR,48,1978,13.714637756347656,363.4259338378906,0.14477170722246618,0.5005494521440118,0.2053507636270781,0.3184,1.5703517587939697
LR,32,1979,165.8983154296875,509.69544982910156,0.10638096579503604,0.1914862652099608,0.14297530297960007,0.3184,1.5703517587939697
LR,24,1980,173.27642822265625,591.6582183837891,0.22344504471704166,0.5497303415228344,0.275553991949567,0.3184,1.5703517587939697
LR,27,1981,166.31462860107422,494.0157928466797,0.1652173956733668,0.5061342948126117,0.23409651841584536,0.3184,1.5703517587939697
LR,52,1982,171.3671112060547,225.28345489501953,0.11938626799539434,0.5179498732155735,0.22183134682445,0.3184,1.5703517587939697
LR,55,1983,168.33465576171875,305.4545593261719,0.4324452659431309,0.5807658041244795,0.4472903305043304,0.3184,1.5703517587939697
LR,29,1984,166.34823608398438,472.50379943847656,0.12479015981654523,0.27892208352746833,0.16414233687900734,0.3184,1.5703517587939697
LR,49,1985,14.933418273925781,256.5227813720703,0.11615637846784349,0.4863253006044446,0.1766139637220019,0.3184,1.5703517587939697
LR,10,1986,174.2425537109375,898.9055662155151,0.154300701234155,0.26967236485487933,0.17623640461230783,0.3184,1.5703517587939697
LR,19,1987,11.088470458984375,715.4668960571289,0.3002214108739405,0.4172339337996632,0.250321177699375,0.3184,1.5703517587939697
LR,44,1988,171.227783203125,830.0002479553223,0.19226915136796952,0.42952660261140535,0.23766832121729026,0.3184,1.5703517587939697
LR,55,1989,7.7440185546875,462.3233757019043,0.12832392046388075,0.40710033926425243,0.205333130152989,0.3184,1.5703517587939697
LR,24,1990,172.59127807617188,661.4222717285156,0.10956946879817872,0.18472539027847462,0.13912097273448157,0.3184,1.5703517587939697
LR,30,1991,168.42964935302734,503.4272766113281,0.1583215810363779,0.4138274409729862,0.21295575255583993,0.3184,1.5703517587939697
LR,35,1992,169.23739624023438,351.6589660644531,0.11390372090380196,0.3901515365468332,0.18747324838098772,0.3184,1.5703517587939697
LR,35,1993,168.38812255859375,209.0657958984375,0.17068817971871172,0.42878464998970084,0.28085520602186287,0.3184,1.5703517587939697
LR,33,1994,12.78759765625,557.7567443847656,0.13102714773628218,0.29687546630852196,0.1698201221937889,0.3184,1.5703517587939697
LR,47,1995,173.95672607421875,861.5149817466736,0.22505792735105334,0.43018712769122847,0.25797410960159195,0.3184,1.5703517587939697
LR,24,1996,11.390937805175781,415.05450439453125,0.1361336375736067,0.47274004444300444,0.22286264584981286,0.3184,1.5703517587939697
LR,17,1997,170.16668701171875,306.4705123901367,0.19801583285149946,0.4798773534565671,0.25129948591286533,0.3184,1.5703517587939697
LR,34,1998,171.95156860351562,494.59088134765625,0.2101627648028267,0.4141817867882278,0.23535173287587785,0.3184,1.5703517587939697
LR,42,1999,170.08367919921875,233.6259002685547,0.38503423376849233,0.5632718170121743,0.5399825851765656,0.3184,1.5703517587939697
LR,32,2000,83.34869384765625,445.9731903076172,0.2211966352777849,0.46148697074480083,0.2670467323006238,0.3184,1.5703517587939697
LR,5,2001,78.89126586914062,382.49628829956055,0.18020978434052687,0.552833396265029,0.24612739670529524,0.3184,1.5703517587939697
LR,53,2002,100.491455078125,436.5525703430176,0.15634336009339694,0.5229795856837266,0.2158325234338131,0.3184,1.5703517587939697
LR,29,2003,83.49516296386719,595.9657745361328,0.13807144589204765,0.26766888916362097,0.17932660200734352,0.3184,1.5703517587939697
LR,10,2004,95.30653381347656,677.7296676635742,0.2500559684461168,0.44479208219404104,0.2759780936536739,0.3184,1.5703517587939697
LR,40,2005,102.26544189453125,377.53338623046875,0.10978637316865712,0.18400965421949753,0.14073084021454213,0.3184,1.5703517587939697
LR,23,2006,97.71870422363281,592.0757446289062,0.14263278560032794,0.23079679311744597,0.172031840433096,0.3184,1.5703517587939697
LR,45,2007,81.2152099609375,384.3682289123535,0.18045683329885218,0.573733744199288,0.2525586212705413,0.3184,1.5703517587939697
LR,26,2008,96.07164859771729,692.5090637207031,0.13229652438400358,0.41085670337709396,0.1831062335859132,0.3184,1.5703517587939697
LR,13,2009,77.60841369628906,390.0089111328125,0.1483048273692033,0.40259460380046197,0.19404063812832267,0.3184,1.5703517587939697
LR,54,2010,84.86103820800781,1301.7378845214844,0.18328403962678674,0.3365985667059083,0.20849213643942904,0.3184,1.5703517587939697
LR,40,2011,77.50674438476562,299.56868267059326,0.13648326024973997,0.2608153381728898,0.18539781885965792,0.3184,1.5703517587939697
LR,33,2012,83.55126953125,537.1929321289062,0.12073385771216001,0.4648146649369463,0.22705840775420277,0.3184,1.5703517587939697
LR,53,2013,82.30462646484375,395.1440734863281,0.20839440009101862,0.3068951980332806,0.23396805071817064,0.3184,1.5703517587939697
LR,5,2014,98.01058864593506,295.6254119873047,0.18051653923091626,0.2506585973430563,0.2582750906856233,0.3184,1.5703517587939697
LR,38,2015,99.71298313140869,506.71141052246094,0.12076339538189501,0.26683657932109245,0.16805153738080583,0.3184,1.5703517587939697
LR,19,2016,79.69525146484375,324.90968322753906,0.15396986992147546,0.5343461115919367,0.24373723782210807,0.3184,1.5703517587939697
LR,48,2017,95.50239992141724,425.70733642578125,0.34051772419265885,0.5436451674234375,0.33418482732815213,0.3184,1.5703517587939697
LR,51,2018,77.8841552734375,485.11529541015625,0.16289097878215847,0.3935140658567454,0.20868824842968312,0.3184,1.5703517587939697
LR,1,2019,81.93370056152344,431.9552307128906,0.12644445743717495,0.22428302442217005,0.164111413516421,0.3184,1.5703517587939697
LR,32,2020,99.72731018066406,269.7396240234375,0.17309378302627512,0.3848564557306697,0.2085901417132306,0.3184,1.5703517587939697
LR,40,2021,76.85691833496094,344.0291748046875,0.11136551200972904,0.5175884245400031,0.18927339290577727,0.3184,1.5703517587939697
LR,20,2022,104.31961250305176,578.5584144592285,0.12853962134022406,0.41635769352412033,0.19817506901160217,0.3184,1.5703517587939697
LR,47,2023,82.35003662109375,405.59519958496094,0.13424853001890844,0.2958339714367426,0.17066755322562424,0.3184,1.5703517587939697
LR,49,2024,96.23367309570312,394.7168273925781,0.2080512918928905,0.6289985886295758,0.3022998976178145,0.3184,1.5703517587939697
LR,49,2025,81.68547058105469,1121.1997985839844,0.1679725239390048,0.31260374539832225,0.1952608183939821,0.3184,1.5703517587939697
LR,36,2026,99.95440864562988,448.248291015625,0.1121620281617316,0.19182934573369967,0.1366569018076843,0.3184,1.5703517587939697
LR,22,2027,101.19966125488281,469.6839599609375,0.1302108249947267,0.29987326535836356,0.15853837915536853,0.3184,1.5703517587939697
LR,3,2028,77.44895935058594,329.9140625,0.09314356476655739,0.5725869602076007,0.34747625916144953,0.3184,1.5703517587939697
LR,0,2029,76.05279541015625,241.92111206054688,0.30966352427632055,0.40687240211933057,0.26452208408216793,0.3184,1.5703517587939697
LR,54,2030,84.06338500976562,737.6077013015747,0.1275115739778733,0.42500402215411254,0.1712190917991411,0.3184,1.5703517587939697
LR,3,2031,101.56533145904541,620.3869171142578,0.15845531284045125,0.33135291044888754,0.1928897619130902,0.3184,1.5703517587939697
LR,50,2032,103.78300094604492,243.3050994873047,0.1957072985180094,0.437580696814116,0.2493938662877526,0.3184,1.5703517587939697
LR,53,2033,83.51771545410156,594.6555633544922,0.13680891378062174,0.2745195408482273,0.1609954724596659,0.3184,1.5703517587939697
LR,53,2034,77.41148376464844,238.55316162109375,0.13060545713795518,0.33743156130047636,0.1828636012573015,0.3184,1.5703517587939697
LR,2,2035,96.55338859558105,678.6886253356934,0.146233571469077,0.2927074173043879,0.17411343113547187,0.3184,1.5703517587939697
LR,13,2036,102.90838146209717,293.71774673461914,0.08572864987128095,0.4891033673437526,0.2033259346747093,0.3184,1.5703517587939697
LR,22,2037,82.15597534179688,316.59727478027344,0.22240958244676148,0.6047299030823242,0.28688519365121595,0.3184,1.5703517587939697
LR,33,2038,82.003173828125,283.34002685546875,0.3624573682063466,0.42764440767290646,0.6378242555019915,0.3184,1.5703517587939697
LR,29,2039,99.08984375,221.96005249023438,0.2911288109893531,0.6132816394324851,0.8056982214519158,0.3184,1.5703517587939697
LR,14,2040,98.49473571777344,543.5774230957031,0.3175991933299804,0.4491938151222073,0.32313109936888906,0.3184,1.5703517587939697
LR,1,2041,82.33389282226562,852.6784057617188,0.13101964218685064,0.388292702492716,0.17243850308760147,0.3184,1.5703517587939697
LR,28,2042,75.74832153320312,357.4796142578125,0.21812201225690123,0.42305446378683326,0.26107404907597626,0.3184,1.5703517587939697
LR,33,2043,98.57717895507812,372.9798583984375,0.14545671105437857,0.43589177470187757,0.28199821084324034,0.3184,1.5703517587939697
LR,14,2044,83.46865844726562,431.5844268798828,0.293482650036072,0.5579384418182136,0.3235014132421232,0.3184,1.5703517587939697
LR,10,2045,83.11434936523438,734.9431457519531,0.1334163251159942,0.5078084025016475,0.18484682552307322,0.3184,1.5703517587939697
LR,21,2046,101.05659484863281,710.1615028381348,0.1244920937042228,0.20741445422483468,0.16051385953221536,0.3184,1.5703517587939697
LR,10,2047,96.64598083496094,621.910888671875,0.23224385608525996,0.433544020676592,0.2645841218055128,0.3184,1.5703517587939697
LR,24,2048,82.36737060546875,447.68450927734375,0.1274196343533035,0.49954557110198883,0.24769497530537565,0.3184,1.5703517587939697
LR,52,2049,83.18255615234375,265.76663970947266,0.2154309438509877,0.6057346776541586,0.29799495152574806,0.3184,1.5703517587939697
LR,32,2050,99.07662010192871,230.3072509765625,0.1811176142549122,0.42078142953129677,0.3008860531352084,0.3184,1.5703517587939697
LR,40,2051,75.27667236328125,433.2385559082031,0.09492630118796339,0.14704728521117197,0.15396078678825334,0.3184,1.5703517587939697
LR,18,2052,96.44080257415771,591.6716079711914,0.10871631264860862,0.18108572037262433,0.13865910948733645,0.3184,1.5703517587939697
LR,0,2053,104.71392822265625,605.3623752593994,0.16950615995859794,0.464320897834262,0.22801832143449335,0.3184,1.5703517587939697
LR,23,2054,80.78146362304688,560.7301330566406,0.13114467977991545,0.4732729992407979,0.19781564885966985,0.3184,1.5703517587939697
LR,10,2055,99.5363187789917,357.9353942871094,0.115905699581324,0.5028274503701179,0.18662675551407495,0.3184,1.5703517587939697
LR,25,2056,103.5076208114624,286.2320556640625,0.16943106604764321,0.28560715238107914,0.2038589326817125,0.3184,1.5703517587939697
LR,18,2057,81.80450439453125,245.41292572021484,0.1619354487477075,0.594689452369959,0.24091577336836578,0.3184,1.5703517587939697
LR,38,2058,76.09075927734375,301.4508514404297,0.18017987067020458,0.4324205863063874,0.2305358030232251,0.3184,1.5703517587939697
LR,16,2059,81.25434875488281,444.4053955078125,0.12805400406242523,0.26687673530114436,0.15836332552017418,0.3184,1.5703517587939697
LR,27,2060,95.99924087524414,238.160400390625,0.3661463993279678,0.46047464772322494,0.44922068560600253,0.3184,1.5703517587939697
LR,28,2061,79.7247314453125,467.59507751464844,0.1398810073972545,0.42004016342214395,0.19627451145004385,0.3184,1.5703517587939697
LR,19,2062,102.82533264160156,460.30511474609375,0.13951896793411622,0.2866748482439819,0.18994478074633186,0.3184,1.5703517587939697
LR,51,2063,98.07257175445557,328.95770263671875,0.12269838397783461,0.3512433242748174,0.17645477399027593,0.3184,1.5703517587939697
LR,47,2064,78.68978881835938,711.3826446533203,0.15586453209197926,0.40154533366070777,0.20344541982251535,0.3184,1.5703517587939697
LR,45,2065,96.48228454589844,428.66680908203125,0.10450253798809392,0.17225777462035016,0.14391594126364773,0.3184,1.5703517587939697
LR,40,2066,76.10330200195312,443.8507843017578,0.11523537251733978,0.3803863006670516,0.17673608771698332,0.3184,1.5703517587939697
LR,12,2067,82.30462646484375,756.5267639160156,0.12812505805273994,0.49772060835067206,0.18262855380029275,0.3184,1.5703517587939697
LR,33,2068,104.76907730102539,390.4352722167969,0.08752050903135913,0.13782786217374682,0.13361911077705585,0.3184,1.5703517587939697
LR,20,2069,101.44966697692871,223.30908203125,0.3882549637311205,0.5580476706109911,0.3443309226303651,0.3184,1.5703517587939697
LR,27,2070,99.58924865722656,297.2210922241211,0.2375563721762021,0.38762932516867044,0.26526359810322986,0.3184,1.5703517587939697
LR,22,2071,97.124267578125,521.5973052978516,0.1930269200069037,0.45836631049081217,0.23351642434519915,0.3184,1.5703517587939697
LR,14,2072,95.68718242645264,449.81329345703125,0.10049368102612742,0.16331447797166737,0.1363320770103621,0.3184,1.5703517587939697
LR,32,2073,101.21908569335938,576.3332214355469,0.14637535832653914,0.4426643806482866,0.18894128064933202,0.3184,1.5703517587939697
LR,18,2074,102.002854347229,540.4052200317383,0.1263119601023513,0.4403680573125982,0.18947179708118883,0.3184,1.5703517587939697
LR,49,2075,84.44476318359375,925.870153427124,0.17040433280370995,0.3710459403655838,0.20418661704434954,0.3184,1.5703517587939697
LR,47,2076,104.44933795928955,249.23291015625,0.1414162837204635,0.43434962977348984,0.21400715109418925,0.3184,1.5703517587939697
LR,33,2077,77.78363037109375,581.2681579589844,0.141918576884727,0.30594695306948044,0.1816609021982081,0.3184,1.5703517587939697
LR,11,2078,102.28463935852051,636.5287113189697,0.13700417146401597,0.29362545246437116,0.18030785618957357,0.3184,1.5703517587939697
LR,40,2079,103.11750793457031,274.48475646972656,0.1633497904597586,0.6391750059169465,0.3000799260140164,0.3184,1.5703517587939697
LR,44,2080,80.4173583984375,355.8116149902344,0.1571773347451199,0.41353868542063654,0.23642486098651708,0.3184,1.5703517587939697
LR,30,2081,100.24397277832031,572.7476425170898,0.18774238638994065,0.38574869602404965,0.22584580751274516,0.3184,1.5703517587939697
LR,37,2082,101.48931884765625,295.0164084434509,0.17921367959048543,0.41427130314884747,0.2293881960958147,0.3184,1.5703517587939697
LR,15,2083,100.71318054199219,314.67937088012695,0.1821390423890662,0.4169371844168866,0.2281157010693461,0.3184,1.5703517587939697
LR,4,2084,98.41708374023438,586.9178161621094,0.13532733633680394,0.2908466126755627,0.17885485134736687,0.3184,1.5703517587939697
LR,34,2085,79.62422180175781,206.41845703125,0.32893703507467026,0.388657074292843,0.5101412383093208,0.3184,1.5703517587939697
LR,30,2086,99.38879108428955,602.8334465026855,0.1149500721107298,0.4400706844691935,0.18516248552309914,0.3184,1.5703517587939697
LR,14,2087,100.00779819488525,250.93682861328125,0.12647863065611278,0.20521770559279445,0.16990199962855965,0.3184,1.5703517587939697
LR,32,2088,79.65521240234375,542.5355682373047,0.11484400335408342,0.18317713853440876,0.16717341918507167,0.3184,1.5703517587939697
LR,23,2089,82.3629150390625,525.6974639892578,0.13680436802290885,0.2587645518830976,0.16281025799817236,0.3184,1.5703517587939697
LR,36,2090,75.23092651367188,444.36293029785156,0.11706510293083917,0.36894176538315177,0.18315572128356042,0.3184,1.5703517587939697
LR,22,2091,99.40887451171875,714.7570190429688,0.11840327345636777,0.19207698780256055,0.16044571509324604,0.3184,1.5703517587939697
LR,13,2092,80.64016723632812,325.90951347351074,0.2369887517517577,0.534729679866089,0.28308460902287635,0.3184,1.5703517587939697
LR,52,2093,82.93402099609375,610.5846862792969,0.13649396947068243,0.35080572758030487,0.18012405602824053,0.3184,1.5703517587939697
LR,30,2094,99.78216552734375,319.399658203125,0.23929713401294256,0.5383134513895499,0.27521350326977,0.3184,1.5703517587939697
LR,50,2095,80.35223388671875,298.4360656738281,0.17279945557921325,0.48928255892930483,0.2555519921857447,0.3184,1.5703517587939697
LR,49,2096,76.963134765625,1106.4601135253906,0.13314549468792125,0.23567616687210602,0.16223100381903258,0.3184,1.5703517587939697
LR,21,2097,96.6386833190918,481.9344177246094,0.127670222347362,0.2528271761026295,0.17581301140571617,0.3184,1.5703517587939697
LR,55,2098,76.35575866699219,223.26837158203125,0.12744019748150193,0.6524889704194626,0.24543731380695522,0.3184,1.5703517587939697
LR,9,2099,98.3337755203247,325.9873352050781,0.1365227027044356,0.5896023547456678,0.20886522384160747,0.3184,1.5703517587939697
LR,55,2100,95.56639289855957,660.0855712890625,0.17074787943829758,0.32510490389428254,0.19573258560139217,0.3184,1.5703517587939697
LR,54,2101,79.31503295898438,216.43777465820312,0.20031327202893232,0.689217421159495,0.2870161146080163,0.3184,1.5703517587939697
LR,40,2102,97.83859443664551,475.20643615722656,0.11471296340715857,0.19235070614629926,0.14280466260388996,0.3184,1.5703517587939697
LR,52,2103,101.31021118164062,822.6049652099609,0.13970506305348296,0.2504048908477542,0.166191239487722,0.3184,1.5703517587939697
LR,16,2104,98.90124225616455,244.12039184570312,0.1843936119411761,0.3892122660903734,0.2400684142848739,0.3184,1.5703517587939697
LR,32,2105,81.46978759765625,684.5661926269531,0.13058257430841322,0.39265121664350566,0.1762713200382129,0.3184,1.5703517587939697
LR,46,2106,95.53898620605469,875.5821113586426,0.153724080684286,0.25129220973629507,0.17573730329716786,0.3184,1.5703517587939697
LR,49,2107,98.61511325836182,245.10747528076172,0.3172679696800783,0.5231339749247245,0.43507773796993393,0.3184,1.5703517587939697
LR,53,2108,103.86247253417969,322.193745136261,0.2071018682019343,0.349410443853407,0.22236909449043307,0.3184,1.5703517587939697
LR,46,2109,99.06607055664062,527.4198455810547,0.11872770884191217,0.36640622488952307,0.1670278563390515,0.3184,1.5703517587939697
LR,27,2110,102.59415435791016,304.969970703125,0.48199474234699197,0.6185336942615715,0.5737650830916259,0.3184,1.5703517587939697
LR,25,2111,84.92118835449219,325.7378120422363,0.20428270550443814,0.40153116400342237,0.23959767716305072,0.3184,1.5703517587939697
LR,2,2112,97.8250732421875,518.6032180786133,0.18419632155138627,0.5256443169509996,0.24471159157034508,0.3184,1.5703517587939697
LR,28,2113,98.00849723815918,252.80633544921875,0.2791984839217128,0.5167989988429312,0.3435933989516087,0.3184,1.5703517587939697
LR,54,2114,101.48931884765625,214.8721923828125,0.2601246679391616,0.5162569605194858,0.3244307864216769,0.3184,1.5703517587939697
LR,53,2115,99.70637512207031,262.15533447265625,0.2679988827339231,0.45441901036167726,0.3193090735771989,0.3184,1.5703517587939697
LR,9,2116,96.10528707504272,380.13653564453125,0.13382943807499717,0.21138471191649996,0.15662379931213832,0.3184,1.5703517587939697
LR,28,2117,82.52914428710938,273.18682861328125,0.33873431733219195,0.4546600558073894,0.32575303653837756,0.3184,1.5703517587939697
LR,34,2118,95.70977783203125,808.7392272949219,0.19290866755730057,0.46597342664662145,0.23305477587762732,0.3184,1.5703517587939697
LR,54,2119,95.59853172302246,314.2125549316406,0.11604099486434856,0.4281723820341101,0.18182004760206497,0.3184,1.5703517587939697
LR,31,2120,99.30000305175781,559.1983947753906,0.19388094208224077,0.5037304476572599,0.2495486426771572,0.3184,1.5703517587939697
LR,24,2121,84.29022216796875,712.1031799316406,0.1240312870654241,0.39733824733313344,0.17154218814662886,0.3184,1.5703517587939697
LR,16,2122,97.80470848083496,324.99232482910156,0.18045092305404314,0.5458379511562398,0.24509933836323203,0.3184,1.5703517587939697
LR,28,2123,104.5362548828125,201.16741943359375,0.09069522994853263,0.6378809484352825,0.29644243846831697,0.3184,1.5703517587939697
LR,9,2124,102.90838146209717,430.71229553222656,0.11656392406630167,0.23916197792049612,0.16966043024045965,0.3184,1.5703517587939697
LR,31,2125,101.04110717773438,837.3344039916992,0.2612728509857987,0.47230117211347344,0.27317379115072005,0.3184,1.5703517587939697
LR,14,2126,104.0377779006958,633.5543365478516,0.13410367458420552,0.35918027226565463,0.18633095207997719,0.3184,1.5703517587939697
LR,9,2127,103.32571411132812,501.28968811035156,0.1450020377430828,0.3266907554376156,0.19424299455237978,0.3184,1.5703517587939697
LR,18,2128,103.87383556365967,590.8189468383789,0.16909764877782643,0.5120859761215547,0.23461170678843354,0.3184,1.5703517587939697
LR,39,2129,78.41900634765625,419.5595703125,0.13959302193416787,0.35510489525379135,0.18993748975520447,0.3184,1.5703517587939697
LR,10,2130,99.46198558807373,586.3711671829224,0.11974087001915265,0.278352381823181,0.16951413613242036,0.3184,1.5703517587939697
LR,17,2131,100.99827575683594,459.7622221708298,0.2831729470690244,0.42405269991348843,0.32280684631067186,0.3184,1.5703517587939697
LR,34,2132,95.42924690246582,385.35616302490234,0.22159525847647665,0.3910364031317444,0.2534395798076602,0.3184,1.5703517587939697
LR,3,2133,76.18354797363281,368.4858703613281,0.10912817465198728,0.3374650366555211,0.17906161260080078,0.3184,1.5703517587939697
LR,34,2134,98.12947845458984,464.5776824951172,0.1141621342206768,0.20856606295295602,0.1421759621242511,0.3184,1.5703517587939697
LR,32,2135,96.37205505371094,552.7545166015625,0.20657933761876957,0.3900609597815502,0.23741703741744735,0.3184,1.5703517587939697
LR,16,2136,96.0716552734375,248.40679836273193,0.10805696157475615,0.17971969080641528,0.1464463176305561,0.3184,1.5703517587939697
LR,1,2137,75.74369812011719,671.8224563598633,0.1321232385897903,0.2172171853306407,0.17220624649535146,0.3184,1.5703517587939697
LR,29,2138,97.87795972824097,371.5767822265625,0.20811925441293677,0.278478642817181,0.23662200242965373,0.3184,1.5703517587939697
LR,48,2139,83.52467346191406,248.919189453125,0.23671730374182662,0.5493755982052746,0.30569268745641426,0.3184,1.5703517587939697
LR,21,2140,102.93359375,430.38922119140625,0.20780005565195162,0.5565271585361583,0.2847902221480064,0.3184,1.5703517587939697
LR,35,2141,76.51101684570312,218.6583709716797,0.14064702467043436,0.41549118472534147,0.2309465535622004,0.3184,1.5703517587939697
LR,11,2142,80.26327514648438,272.2550964355469,0.23007719668647722,0.2894151760299561,0.28862494531410476,0.3184,1.5703517587939697
LR,52,2143,82.52337646484375,320.4539489746094,0.30426248384173377,0.4653390384127506,0.3074299600864001,0.3184,1.5703517587939697
LR,53,2144,79.3077392578125,700.1996307373047,0.1394816410788941,0.5632134823324859,0.21349245526839716,0.3184,1.5703517587939697
LR,23,2145,97.27955150604248,611.7761688232422,0.11580292583404497,0.21857088728620974,0.15950580677438767,0.3184,1.5703517587939697
LR,49,2146,98.12948608398438,1036.0846862792969,0.12779213877331913,0.3562357456162961,0.16469567112184375,0.3184,1.5703517587939697
LR,53,2147,76.65957641601562,203.43280029296875,0.2916092323396571,0.5826181508168818,0.5713934285779771,0.3184,1.5703517587939697
LR,29,2148,101.4112958908081,555.3684616088867,0.14430786012893185,0.4571536320587497,0.2059181446299622,0.3184,1.5703517587939697
LR,30,2149,81.78472900390625,359.6042785644531,0.18933860656340434,0.591063316726444,0.2664825537359872,0.3184,1.5703517587939697
LR,35,2150,80.15121459960938,415.94219970703125,0.12366486385127369,0.43555476142427507,0.19221022022401799,0.3184,1.5703517587939697
LR,45,2151,83.66061401367188,220.8739423751831,0.21871486270716553,0.47411603146286985,0.2623816761631896,0.3184,1.5703517587939697
LR,12,2152,83.21180725097656,316.8130187988281,0.3554403936770236,0.5117850950009779,0.3302177268340154,0.3184,1.5703517587939697
LR,8,2153,102.11323547363281,546.0219421386719,0.20575285576249305,0.4832737460737227,0.255069438713946,0.3184,1.5703517587939697
LR,53,2154,76.24240112304688,285.2889709472656,0.17250698735714462,0.3739934759098669,0.21624104374267283,0.3184,1.5703517587939697
LR,20,2155,83.57014465332031,514.8863830566406,0.2641731243578627,0.4412907831127021,0.28356985289511794,0.3184,1.5703517587939697
LR,19,2156,95.43952751159668,574.182258605957,0.11818861266657336,0.23457212013302137,0.16220163763477438,0.3184,1.5703517587939697
LR,25,2157,75.86521911621094,328.51513671875,0.16556026301641263,0.30586093846597573,0.20645035268483033,0.3184,1.5703517587939697
LR,32,2158,82.45748901367188,325.1101264953613,0.23854543093263386,0.40881284965731074,0.26793839159991745,0.3184,1.5703517587939697
LR,45,2159,100.73895645141602,454.1866989135742,0.16354793759528172,0.49859955321450694,0.2413334583188451,0.3184,1.5703517587939697
LR,41,2160,99.46199035644531,227.98968505859375,0.10525593982753823,0.3941368741982964,0.169836588623929,0.3184,1.5703517587939697
LR,17,2161,99.14434814453125,724.4492454528809,0.12213873083915056,0.21619431812188847,0.15973298257760424,0.3184,1.5703517587939697
LR,1,2162,83.35549926757812,375.7024154663086,0.19831831939734057,0.30420622307714357,0.2148607291390628,0.3184,1.5703517587939697
LR,19,2163,104.74546813964844,540.4689331054688,0.13047029734905385,0.2179142777726968,0.15650627181025925,0.3184,1.5703517587939697
LR,47,2164,96.50816345214844,212.86016845703125,0.43377502351136493,0.5530840370177867,0.36419410642066397,0.3184,1.5703517587939697
LR,1,2165,101.92984962463379,475.76583099365234,0.15979525074084833,0.2988093304035527,0.19318406038482447,0.3184,1.5703517587939697
LR,14,2166,104.43771839141846,354.34276580810547,0.21176461950154696,0.5031080064552129,0.2559140548796745,0.3184,1.5703517587939697
LR,50,2167,104.59629821777344,741.4091262817383,0.12450012724548896,0.4278802522016889,0.17973826927356007,0.3184,1.5703517587939697
LR,40,2168,102.26544761657715,227.99542236328125,0.13267935310215845,0.4349796686686133,0.19677100556750998,0.3184,1.5703517587939697
LR,40,2169,103.84212970733643,270.39617919921875,0.26968983749860476,0.3275731254808518,0.2809405250685648,0.3184,1.5703517587939697
LR,37,2170,104.32440185546875,388.65618896484375,0.10694581212668061,0.17473823447761896,0.13205281728384838,0.3184,1.5703517587939697
LR,40,2171,98.54224109649658,297.51610565185547,0.35905766281006807,0.48326675446297074,0.40403803497791607,0.3184,1.5703517587939697
LR,7,2172,82.22154235839844,441.3942565917969,0.22840286540691526,0.4848599659102571,0.259331559928298,0.3184,1.5703517587939697
LR,19,2173,102.55416870117188,480.30330657958984,0.2914549035068251,0.4634566464471519,0.30997334844461416,0.3184,1.5703517587939697
LR,5,2174,104.5362548828125,526.6911315917969,0.2946119314097666,0.5150014294793872,0.32584945537948545,0.3184,1.5703517587939697
LR,55,2175,100.52777099609375,252.0969009399414,0.14912969569397183,0.21153102640927093,0.20481221933057245,0.3184,1.5703517587939697
LR,44,2176,99.39209365844727,270.344482421875,0.11827055964107938,0.621461090377153,0.4864260000458808,0.3184,1.5703517587939697
LR,17,2177,77.03759765625,302.5407409667969,0.13250637239162935,0.37850716399732803,0.210324131161606,0.3184,1.5703517587939697
LR,21,2178,99.18842887878418,363.01727294921875,0.10694515234486528,0.186349955320149,0.1396100234390488,0.3184,1.5703517587939697
LR,31,2179,100.94686603546143,376.51527404785156,0.12085130524348586,0.33324932382542416,0.15802534872606278,0.3184,1.5703517587939697
LR,18,2180,78.45913696289062,522.3010559082031,0.3257311123724678,0.5348318076060694,0.3409866924938203,0.3184,1.5703517587939697
LR,2,2181,104.27417087554932,576.1961650848389,0.14742876659190887,0.38925382290856514,0.2046626764411887,0.3184,1.5703517587939697
LR,53,2182,83.46865844726562,608.5354309082031,0.13745109415110812,0.2779044129489909,0.16219469117189433,0.3184,1.5703517587939697
LR,47,2183,81.11981201171875,457.8397674560547,0.20526707281837916,0.5609813187835655,0.2761338017859801,0.3184,1.5703517587939697
LR,51,2184,82.59127807617188,789.5837707519531,0.15268624491895877,0.2838769135745454,0.18612532078480307,0.3184,1.5703517587939697
LR,8,2185,99.05745029449463,440.4966506958008,0.14138260874205846,0.5380493779503048,0.2054256030496434,0.3184,1.5703517587939697
LR,30,2186,97.78860998153687,423.280029296875,0.20125853348493355,0.2826588554530787,0.23904037351571075,0.3184,1.5703517587939697
LR,38,2187,97.814621925354,450.429443359375,0.11938764432376628,0.3603383494873679,0.15896329538710555,0.3184,1.5703517587939697
LR,53,2188,99.90397644042969,338.2740173339844,0.2089173389045143,0.4138357970862185,0.2491287829167534,0.3184,1.5703517587939697
LR,7,2189,103.37252998352051,463.67010498046875,0.2034142872682964,0.33130363098115273,0.21781056961547038,0.3184,1.5703517587939697
LR,30,2190,81.6971435546875,460.92212677001953,0.14857689977000696,0.5249036818592384,0.2105315546137333,0.3184,1.5703517587939697
LR,50,2191,102.99563598632812,555.6161041259766,0.11301157150126574,0.4093964043273219,0.16336442308327137,0.3184,1.5703517587939697
LR,15,2192,79.01316833496094,427.7083435058594,0.22828102163952194,0.45259984915649715,0.24691860074087238,0.3184,1.5703517587939697
LR,46,2193,101.20857238769531,234.38018798828125,0.15515162479472944,0.35397395792553144,0.209905066835585,0.3184,1.5703517587939697
LR,34,2194,100.24397945404053,416.46730041503906,0.11147656537916378,0.19107948481311923,0.13994778208225805,0.3184,1.5703517587939697
LR,19,2195,97.124267578125,543.4691772460938,0.160777688831924,0.488656354284654,0.20912436283921557,0.3184,1.5703517587939697
LR,42,2196,76.88970947265625,249.93374252319336,0.19848247170915498,0.48763472654634504,0.2740492431001796,0.3184,1.5703517587939697
LR,50,2197,103.53713989257812,224.51916790008545,0.09988790232731713,0.17008611001627713,0.14700660437767105,0.3184,1.5703517587939697
LR,52,2198,82.82904052734375,295.2377014160156,0.14490398331581794,0.5073999110852885,0.21839340951460576,0.3184,1.5703517587939697
LR,1,2199,101.08847045898438,478.69554138183594,0.185030384335086,0.4622016618009815,0.2199136293558955,0.3184,1.5703517587939697
LR,48,2200,83.94660949707031,434.79615783691406,0.2745955423265417,0.4892220332268611,0.29792400412494074,0.3184,1.5703517587939697
LR,26,2201,101.09652709960938,408.61614990234375,0.17454272549832614,0.2595384580312016,0.1909815290074865,0.3184,1.5703517587939697
LR,31,2202,83.14102172851562,224.4534149169922,0.18315420031381013,0.537151096803585,0.3029643493958351,0.3184,1.5703517587939697
LR,6,2203,97.51406860351562,625.2136077880859,0.21903671731923838,0.3653534505321574,0.23819658735530408,0.3184,1.5703517587939697
LR,10,2204,95.5267333984375,299.7553596496582,0.1468134867581417,0.41371104149559396,0.20468373996999928,0.3184,1.5703517587939697
LR,25,2205,97.31627321243286,437.4691467285156,0.14282913501936625,0.4943751745304269,0.21667637493273048,0.3184,1.5703517587939697
LR,43,2206,78.60598754882812,262.7066650390625,0.2016347120589306,0.2940268453387922,0.26420210366524227,0.3184,1.5703517587939697
LR,51,2207,100.66310119628906,954.2866973876953,0.120477961116348,0.45057043764284266,0.17736268235058306,0.3184,1.5703517587939697
LR,11,2208,80.34039306640625,325.71997451782227,0.14935003847462994,0.44685072877256365,0.2108380495236765,0.3184,1.5703517587939697
LR,53,2209,81.87051391601562,802.4405364990234,0.14634409878094715,0.2720906888388149,0.17242783953072977,0.3184,1.5703517587939697
LR,21,2210,83.45449829101562,270.5721435546875,0.12609244190596608,0.5346675632537031,0.20287063280484607,0.3184,1.5703517587939697
LR,54,2211,97.70864868164062,266.7193908691406,0.28560603712614857,0.38815701114031714,0.43065859543175466,0.3184,1.5703517587939697
LR,22,2212,99.92604064941406,659.0648727416992,0.25884908682223035,0.50911273387907,0.2944721807433959,0.3184,1.5703517587939697
LR,48,2213,78.92123413085938,422.0757522583008,0.10721707553399021,0.16971143321257762,0.14457055970720903,0.3184,1.5703517587939697
LR,41,2214,75.57748413085938,394.5332946777344,0.0916693707576264,0.33523750623527415,0.15647500842976508,0.3184,1.5703517587939697
LR,0,2215,78.24447631835938,203.26173400878906,0.19576973409435872,0.5462188397144812,0.27640562891165743,0.3184,1.5703517587939697
LR,18,2216,102.83388423919678,531.4989929199219,0.13116682533059637,0.4174883928625249,0.18641225080875357,0.3184,1.5703517587939697
LR,21,2217,102.89059448242188,356.20013427734375,0.18422802847954275,0.31807976419443573,0.20767559384289844,0.3184,1.5703517587939697
LR,39,2218,78.97637939453125,462.6816520690918,0.1447104600886986,0.517320722820827,0.2117033208396697,0.3184,1.5703517587939697
LR,39,2219,78.0882568359375,450.1808776855469,0.10232528541982502,0.16542047213000846,0.13577356687859554,0.3184,1.5703517587939697
LR,46,2220,102.60640716552734,247.17733001708984,0.15476491315549026,0.4652855239160584,0.23358672865127222,0.3184,1.5703517587939697
LR,17,2221,75.4637451171875,337.0842056274414,0.1477376319160141,0.31147656959440484,0.1894236743439923,0.3184,1.5703517587939697
LR,49,2222,96.21482849121094,370.13682556152344,0.21174719285940716,0.6305993675021107,0.30625377448602725,0.3184,1.5703517587939697
LR,29,2223,77.82791137695312,332.12384033203125,0.13789124249533682,0.27079529269427327,0.18743778372911363,0.3184,1.5703517587939697
LR,46,2224,82.28878784179688,243.39423370361328,0.24341237247189343,0.4653418511297871,0.2930594248665334,0.3184,1.5703517587939697
LR,37,2225,84.38322448730469,625.3122863769531,0.1270308046411193,0.3944473533276451,0.16985470175935385,0.3184,1.5703517587939697
LR,52,2226,83.77497863769531,677.3266143798828,0.11073351685518676,0.1957874875159236,0.14851098668983903,0.3184,1.5703517587939697
LR,26,2227,97.61784362792969,545.9437866210938,0.1061900439881964,0.2521788794962653,0.14248588366117199,0.3184,1.5703517587939697
LR,11,2228,101.72555541992188,291.2117919921875,0.23080225529961093,0.5098257628003028,0.3409313815303282,0.3184,1.5703517587939697
LR,22,2229,78.28399658203125,508.3621520996094,0.16468213855395514,0.486489523362044,0.22994920835348026,0.3184,1.5703517587939697
LR,29,2230,103.64038372039795,379.4529323577881,0.15067618264369173,0.5547150055199711,0.24775901756903984,0.3184,1.5703517587939697
LR,9,2231,80.85565185546875,325.69927978515625,0.25621363343811293,0.3310296339734866,0.3107448574566898,0.3184,1.5703517587939697
LR,53,2232,103.44410705566406,891.3277893066406,0.1123578103710108,0.20415321625788235,0.14018530662978165,0.3184,1.5703517587939697
LR,10,2233,79.28681945800781,469.874755859375,0.18051805504268267,0.47413281598754586,0.2463308466710474,0.3184,1.5703517587939697
LR,53,2234,102.42669677734375,357.78216552734375,0.28237210553446845,0.5567615720242841,0.3798090429269571,0.3184,1.5703517587939697
LR,31,2235,78.51068115234375,514.9096527099609,0.12137777709681992,0.40597869120508223,0.16140578488763088,0.3184,1.5703517587939697
LR,41,2236,102.99563121795654,388.23683166503906,0.10404562338969285,0.17247949504220117,0.13883637475213728,0.3184,1.5703517587939697
LR,21,2237,96.11470031738281,534.8921661376953,0.14835346745765607,0.21645008845645636,0.17816217962548828,0.3184,1.5703517587939697
LR,13,2238,75.89306640625,317.30027770996094,0.17525315870747435,0.5808885613559763,0.26055192125595705,0.3184,1.5703517587939697
LR,38,2239,102.59628200531006,384.7972869873047,0.1128264977401501,0.21439975184570412,0.15587237672049586,0.3184,1.5703517587939697
LR,48,2240,95.96368408203125,231.17560291290283,0.08209670442062078,0.6319966062391703,0.23086623648499027,0.3184,1.5703517587939697
LR,10,2241,77.30972290039062,212.9214324951172,0.06969013113286414,0.5459084454194489,0.2541018406232275,0.3184,1.5703517587939697
LR,25,2242,75.401611328125,604.7367401123047,0.12736719333223265,0.4898209757818313,0.1933073709247609,0.3184,1.5703517587939697
LR,17,2243,101.4161548614502,609.3521881103516,0.12615962798749977,0.3076480006116299,0.16932121420697271,0.3184,1.5703517587939697
LR,20,2244,103.987624168396,344.03521728515625,0.09691957557063219,0.15576443691940653,0.1434836337621369,0.3184,1.5703517587939697
LR,30,2245,83.04782104492188,236.77193450927734,0.16414300190778686,0.4635265576364976,0.21779967024053346,0.3184,1.5703517587939697
LR,23,2246,103.93632507324219,414.22008895874023,0.13028435604312014,0.5097139849186969,0.21368417893386116,0.3184,1.5703517587939697
LR,49,2247,102.33366775512695,216.5736083984375,0.29537833961509813,0.48277796738831735,0.33450101199007765,0.3184,1.5703517587939697
LR,48,2248,101.02969360351562,305.6832580566406,0.16257100682922965,0.5632502318940283,0.25484498723298243,0.3184,1.5703517587939697
LR,9,2249,99.81454467773438,295.6811065673828,0.1844499893275614,0.5665440132501164,0.2483879720487827,0.3184,1.5703517587939697
LR,26,2250,103.93831253051758,285.06927490234375,0.18668052383739522,0.5159949650992027,0.23350238013596417,0.3184,1.5703517587939697
LR,46,2251,96.33939123153687,260.26702880859375,0.12711801763832534,0.18305672920004082,0.1678713054322666,0.3184,1.5703517587939697
LR,32,2252,84.43569946289062,274.47912216186523,0.23095162381865125,0.43532929367768736,0.2653065546462985,0.3184,1.5703517587939697
LR,0,2253,95.19363403320312,225.79283142089844,0.23035743679325776,0.4762851825012348,0.26975606720494605,0.3184,1.5703517587939697
LR,25,2254,102.83388423919678,343.3290100097656,0.1024213368719506,0.16495532206867242,0.1325514432694639,0.3184,1.5703517587939697
LR,33,2255,99.08984375,667.4943161010742,0.11090357865302822,0.17625497325854067,0.14110525032594348,0.3184,1.5703517587939697
LR,30,2256,95.00505065917969,690.8453979492188,0.17508358288328782,0.4460757696190994,0.21138887455803815,0.3184,1.5703517587939697
LR,54,2257,100.83016967773438,230.83058166503906,0.21575242440705295,0.6075785887745884,0.3021957174391374,0.3184,1.5703517587939697
LR,42,2258,101.56050109863281,344.2684326171875,0.24959234130572308,0.6303468690504141,0.35530012673665273,0.3184,1.5703517587939697
LR,28,2259,96.44331359863281,454.9364013671875,0.12055156670314787,0.2667252106367664,0.15418502306688855,0.3184,1.5703517587939697
LR,25,2260,100.35897827148438,658.1015701293945,0.12899585939217073,0.24190283434960308,0.16771889713183658,0.3184,1.5703517587939697
LR,41,2261,101.61188125610352,201.78923797607422,0.10728227688205039,0.2796836573281919,0.18158514850352298,0.3184,1.5703517587939697
LR,16,2262,95.42729330062866,231.25064086914062,0.193446458717501,0.35868402827820317,0.2369377396310405,0.3184,1.5703517587939697
LR,33,2263,80.06854248046875,378.7787628173828,0.13894250067413905,0.3801664654257917,0.19422038386853535,0.3184,1.5703517587939697
LR,38,2264,79.55685424804688,492.9242477416992,0.1272183718513975,0.39190215857098554,0.18960914296250128,0.3184,1.5703517587939697
LR,47,2265,101.9766845703125,273.15020751953125,0.12986563830474152,0.4818269921705728,0.21444245354547117,0.3184,1.5703517587939697
LR,19,2266,97.98868083953857,405.1210021972656,0.15638243048302672,0.43357970683300084,0.20601192029208326,0.3184,1.5703517587939697
LR,50,2267,104.03778076171875,227.94023895263672,0.15278581446503467,0.679011260573691,0.26535200267926257,0.3184,1.5703517587939697
LR,42,2268,84.56048583984375,220.25137329101562,0.31690962623361885,0.4833862343627254,0.34225958624937897,0.3184,1.5703517587939697
LR,55,2269,95.01232576370239,224.63211059570312,0.30627360924244723,0.5362315110896555,0.33458453442483066,0.3184,1.5703517587939697
LR,47,2270,78.29313659667969,520.4219665527344,0.12390912097358493,0.22383724773193253,0.16374895822584914,0.3184,1.5703517587939697
LR,8,2271,97.40871572494507,549.6988792419434,0.11242708145480804,0.31113949342122,0.15890032257095354,0.3184,1.5703517587939697
LR,17,2272,103.53176975250244,299.11053466796875,0.07125715550130998,0.2636150479225587,0.26181682560079694,0.3184,1.5703517587939697
LR,55,2273,84.80636596679688,232.75698852539062,0.3190155134940091,0.5371286450260568,0.3826645729417915,0.3184,1.5703517587939697
LR,1,2274,101.78865051269531,586.4776000976562,0.18970512719937038,0.3842683249415142,0.22351846745431742,0.3184,1.5703517587939697
LR,24,2275,95.66415500640869,555.54736328125,0.163416362758877,0.43185336852227457,0.20516679641464844,0.3184,1.5703517587939697
LR,30,2276,80.97283935546875,579.4770889282227,0.12163713214098837,0.2039893002765098,0.15537844974323198,0.3184,1.5703517587939697
LR,18,2277,96.43725252151489,423.7650833129883,0.16929820762414838,0.2431529762377663,0.20837448393201644,0.3184,1.5703517587939697
LR,26,2278,103.97195434570312,411.1091003417969,0.13993373063087305,0.2293425874275278,0.1627922731489176,0.3184,1.5703517587939697
LR,54,2279,83.07731628417969,1078.766098022461,0.19429756758310537,0.35695154790161215,0.2263967408638125,0.3184,1.5703517587939697
LR,5,2280,84.99685668945312,282.7163734436035,0.23026180107295338,0.40212899252299283,0.26203880612690716,0.3184,1.5703517587939697
LR,51,2281,101.09391784667969,1064.0974731445312,0.10787725337188588,0.17047048816589075,0.14715806678361612,0.3184,1.5703517587939697
LR,20,2282,95.49608612060547,214.53286743164062,0.24663211657371362,0.426247680719949,0.3004305471560527,0.3184,1.5703517587939697
LR,16,2283,76.42828369140625,477.6855163574219,0.1507687479594266,0.43036823016090037,0.20604283483394215,0.3184,1.5703517587939697
LR,45,2284,79.80413818359375,753.2044906616211,0.19143936376274173,0.4504126126532088,0.24246414111519188,0.3184,1.5703517587939697
LR,5,2285,81.87051391601562,688.4094390869141,0.11582013046372253,0.580398942221972,0.25435510892679875,0.3184,1.5703517587939697
LR,47,2286,98.12947845458984,553.0523071289062,0.12459048881758772,0.23490735015676592,0.14450252430191513,0.3184,1.5703517587939697
LR,49,2287,100.15412902832031,797.1674652099609,0.15102327150118874,0.3018776493574462,0.1845084198175161,0.3184,1.5703517587939697
LR,25,2288,96.47756958007812,421.8259582519531,0.17071905754287803,0.5270322972815842,0.23669197659829072,0.3184,1.5703517587939697
LR,35,2289,79.90264892578125,299.4530334472656,0.0809620965244929,0.5038394540665072,0.21708243133646338,0.3184,1.5703517587939697
LR,43,2290,79.28683471679688,275.9081268310547,0.16326134864740674,0.2951799842764128,0.1932619583175296,0.3184,1.5703517587939697
LR,40,2291,102.40362071990967,391.8002166748047,0.10876243971318351,0.17921643203809007,0.14983870071450356,0.3184,1.5703517587939697
LR,54,2292,100.491455078125,729.1529083251953,0.13142874014301204,0.22751807172645613,0.16245643810842592,0.3184,1.5703517587939697
LR,9,2293,101.31021118164062,533.101131439209,0.15154077188592444,0.23709712772403116,0.19372098671482116,0.3184,1.5703517587939697
LR,31,2294,95.32493591308594,211.09466552734375,0.15073447785863409,0.3167670708991065,0.19337120555855422,0.3184,1.5703517587939697
LR,33,2295,104.94956493377686,513.7948837280273,0.1302623837940078,0.36566471905973486,0.18896121910406072,0.3184,1.5703517587939697
LR,1,2296,104.847412109375,286.69635009765625,0.20496276163200655,0.4588078459681025,0.23829762616955963,0.3184,1.5703517587939697
LR,54,2297,77.34658813476562,260.1800231933594,0.1358810531818724,0.38954027599070706,0.19748760461249307,0.3184,1.5703517587939697
LR,31,2298,77.66815185546875,351.446533203125,0.16468470389928114,0.43226630535572796,0.21871129802801895,0.3184,1.5703517587939697
LR,34,2299,101.69815063476562,532.3060455322266,0.15177296422021383,0.49556034755737116,0.19901281859516462,0.3184,1.5703517587939697
LR,47,2300,80.584716796875,736.5039520263672,0.1235608086212228,0.36491263760145687,0.17616660257068478,0.3184,1.5703517587939697
LR,49,2301,103.61550903320312,869.0936813354492,0.10209958414251968,0.16296332482139395,0.12923066713137218,0.3184,1.5703517587939697
LR,20,2302,99.98164367675781,456.05322265625,0.26589204759480106,0.4189675708441048,0.2864524848994381,0.3184,1.5703517587939697
LR,11,2303,95.47656345367432,248.6927032470703,0.3621968539737005,0.6120140446222535,0.3897333670925059,0.3184,1.5703517587939697
LR,38,2304,84.76998901367188,236.48602294921875,0.3097715368404633,0.5742144095420214,0.3748863875887252,0.3184,1.5703517587939697
LR,15,2305,77.4114990234375,307.8199234008789,0.3090554267684637,0.6168214993309241,0.3516138231911346,0.3184,1.5703517587939697
LR,27,2306,81.51161193847656,446.83648681640625,0.16649244486891357,0.44921509994201286,0.23338561187934814,0.3184,1.5703517587939697
LR,51,2307,100.16195678710938,249.71145629882812,0.3384684600262472,0.46087657531719384,0.3043156215327445,0.3184,1.5703517587939697
LR,25,2308,104.61680603027344,307.05192947387695,0.20641531467328858,0.29215158361878507,0.23894212283687288,0.3184,1.5703517587939697
LR,38,2309,103.09295463562012,208.46701049804688,0.21088984646843004,0.6110488862360733,0.30932290853649363,0.3184,1.5703517587939697
LR,27,2310,101.69451904296875,373.2333068847656,0.14692994073192267,0.21836816119701075,0.18583691911972985,0.3184,1.5703517587939697
LR,13,2311,100.15682983398438,238.195556640625,0.31396762344525614,0.49930361549146024,0.41055096960405707,0.3184,1.5703517587939697
LR,26,2312,78.07630920410156,506.80364990234375,0.13195356529044447,0.4977616616725079,0.18125827179446144,0.3184,1.5703517587939697
LR,37,2313,84.53170776367188,725.8348197937012,0.13364634134665254,0.33386118389872516,0.16543685062367042,0.3184,1.5703517587939697
LR,55,2314,77.57330322265625,565.6984252929688,0.17784749553947457,0.5620591953658484,0.2643467801838245,0.3184,1.5703517587939697
LR,33,2315,97.30502557754517,630.0986938476562,0.1531192541107803,0.3939666661729759,0.19979200456946636,0.3184,1.5703517587939697
LR,8,2316,97.04949951171875,264.5611572265625,0.3268224441902213,0.5120373588792184,0.35693531964083847,0.3184,1.5703517587939697
LR,24,2317,100.17538452148438,514.6677856445312,0.15191489750762743,0.21924821873036662,0.20354486930763363,0.3184,1.5703517587939697
LR,15,2318,84.56047058105469,502.7794494628906,0.13613270923570067,0.2658721810964092,0.15887614668643202,0.3184,1.5703517587939697
LR,22,2319,99.9915714263916,407.2517337799072,0.1378532515955963,0.20889245232043507,0.18083673615653045,0.3184,1.5703517587939697
LR,41,2320,97.124267578125,210.30133056640625,0.21381323996601714,0.5904095645647837,0.28713512332085056,0.3184,1.5703517587939697
LR,20,2321,103.87898254394531,259.217041015625,0.29138134714041986,0.5971017913861808,0.34387094643333416,0.3184,1.5703517587939697
LR,50,2322,99.46198558807373,433.6150207519531,0.13378994916984452,0.47455736560994927,0.19581236595390072,0.3184,1.5703517587939697
LR,3,2323,83.81219482421875,242.67471313476562,0.2668169078826963,0.5785704085878683,0.31325894606174987,0.3184,1.5703517587939697
LR,48,2324,103.13510322570801,321.93682861328125,0.08999862912813054,0.40399007679288296,0.17700976678410846,0.3184,1.5703517587939697
LR,26,2325,78.68978881835938,353.43659687042236,0.20882313068286068,0.4862102197748725,0.2585093392126647,0.3184,1.5703517587939697
LR,39,2326,96.08772277832031,238.78428649902344,0.23720898935612586,0.4095430552071515,0.29976437386795074,0.3184,1.5703517587939697
LR,15,2327,78.96736145019531,326.85498046875,0.15920022211981288,0.3681368753008573,0.19979169368452493,0.3184,1.5703517587939697
LR,43,2328,75.35626220703125,314.634033203125,0.09454222156392669,0.14450319976435416,0.1713585820184493,0.3184,1.5703517587939697
LR,50,2329,104.35102844238281,315.0501708984375,0.17846359646959703,0.5920706331836436,0.2372992583063156,0.3184,1.5703517587939697
LR,27,2330,82.4512939453125,209.07281494140625,0.05424917067600848,0.408960303103488,0.3919601457842626,0.3184,1.5703517587939697
LR,54,2331,95.02328681945801,206.36911010742188,0.14846261871489785,0.4586361581183414,0.23728381888393407,0.3184,1.5703517587939697
LR,31,2332,83.94181823730469,713.3812675476074,0.12974945996973805,0.463570482898154,0.1899780541900976,0.3184,1.5703517587939697
LR,36,2333,96.04942750930786,519.3014678955078,0.15611396037859818,0.4802736598485149,0.22053403008224326,0.3184,1.5703517587939697
LR,14,2334,95.90533208847046,570.8813419342041,0.12952774888801385,0.5942319574821778,0.2179444210019051,0.3184,1.5703517587939697
LR,50,2335,76.20773315429688,258.2190856933594,0.3868205758586283,0.5755862074528868,0.3313705912349442,0.3184,1.5703517587939697
LR,40,2336,80.83807373046875,391.1527214050293,0.16456947818102322,0.47717824722010255,0.23429396411695194,0.3184,1.5703517587939697
LR,41,2337,100.20809936523438,283.2872200012207,0.15094531603212305,0.34021367422449705,0.2088726039712137,0.3184,1.5703517587939697
LR,41,2338,84.9876708984375,257.92070960998535,0.24713953804381344,0.6494843844452255,0.3139000387708981,0.3184,1.5703517587939697
LR,12,2339,101.53498363494873,668.2369384765625,0.14068741843233482,0.41126237143690825,0.19006159838102635,0.3184,1.5703517587939697
LR,47,2340,101.92369079589844,442.4855194091797,0.16885477684499492,0.4851419752747418,0.21566406741358013,0.3184,1.5703517587939697
LR,53,2341,101.48932552337646,367.0500030517578,0.1743866899840029,0.440294876801813,0.23348839285584166,0.3184,1.5703517587939697
LR,16,2342,101.21514892578125,487.86358642578125,0.19059277907737412,0.41305202075771863,0.21737542694418338,0.3184,1.5703517587939697
LR,24,2343,102.56428527832031,675.6896667480469,0.13036807148207624,0.23560573623573738,0.16328757067671099,0.3184,1.5703517587939697
LR,51,2344,84.053955078125,295.60362243652344,0.09611829929756567,0.2914527131632841,0.15515501791608827,0.3184,1.5703517587939697
LR,8,2345,76.35142517089844,424.5246887207031,0.1037638218790427,0.4288109471544714,0.17060603720917816,0.3184,1.5703517587939697
LR,39,2346,100.53916931152344,267.246826171875,0.11106348447468545,0.40434012462231794,0.18844298723770728,0.3184,1.5703517587939697
LR,53,2347,78.74751281738281,480.0534362792969,0.21332589180000808,0.37836760663653213,0.23705352759861853,0.3184,1.5703517587939697
LR,9,2348,75.84893798828125,843.3750915527344,0.1152616128472266,0.19172207612092582,0.15875459869952482,0.3184,1.5703517587939697
LR,37,2349,83.32089233398438,432.3543395996094,0.19781622600294782,0.46149919691939756,0.24165161321937156,0.3184,1.5703517587939697
LR,39,2350,77.13629150390625,445.4362335205078,0.10041739658967912,0.16969906220616868,0.15126968776543498,0.3184,1.5703517587939697
LR,42,2351,100.09090042114258,245.968994140625,0.11367688070387434,0.5186837704677978,0.3074667420288054,0.3184,1.5703517587939697
LR,13,2352,99.50403308868408,635.8798217773438,0.12684372061523178,0.36155959083953876,0.1614371488306314,0.3184,1.5703517587939697
LR,12,2353,95.19363260269165,252.034912109375,0.22038046472271083,0.5113575650888316,0.3000060885381174,0.3184,1.5703517587939697
LR,54,2354,99.3095703125,221.29541015625,0.22208832984588947,0.42566768094825325,0.2796984764341257,0.3184,1.5703517587939697
LR,16,2355,101.46429443359375,532.9362487792969,0.1692970843510295,0.37756227221712174,0.19751732373439682,0.3184,1.5703517587939697
LR,26,2356,99.25836181640625,513.1085510253906,0.16523261973485562,0.4051700311912143,0.1960126883047688,0.3184,1.5703517587939697
LR,26,2357,98.88018798828125,344.9335632324219,0.12307661695008394,0.366005975051492,0.1754112961424511,0.3184,1.5703517587939697
LR,45,2358,95.5267333984375,851.437349319458,0.157042740074702,0.3682408196142438,0.19025410184536234,0.3184,1.5703517587939697
LR,45,2359,78.68978881835938,247.85272789001465,0.17116451807259253,0.34589372491799364,0.20524835279264783,0.3184,1.5703517587939697
LR,8,2360,80.61483764648438,326.9014091491699,0.2477500986600759,0.5507798634080471,0.29641960823462243,0.3184,1.5703517587939697
LR,35,2361,99.26413536071777,435.3610534667969,0.11874851756967389,0.20069506015337177,0.14250766834444206,0.3184,1.5703517587939697
LR,48,2362,79.48997497558594,253.64898681640625,0.22015505168898,0.38282854748094597,0.2569205857706485,0.3184,1.5703517587939697
LR,52,2363,78.38287353515625,388.6147575378418,0.12103380506210717,0.21336253505844646,0.16307331508695863,0.3184,1.5703517587939697
LR,39,2364,77.67457580566406,308.9718360900879,0.17879422652492394,0.6065172772127685,0.24479089492087583,0.3184,1.5703517587939697
LR,39,2365,83.50143432617188,400.7938404083252,0.17242245310158077,0.5164809097754317,0.23444868822397932,0.3184,1.5703517587939697
LR,27,2366,101.4215087890625,435.39532470703125,0.1386508041666635,0.3923045895908539,0.18415748400288126,0.3184,1.5703517587939697
LR,4,2367,79.14979553222656,448.65521240234375,0.3019307817767996,0.5527677096444783,0.29316240287974105,0.3184,1.5703517587939697
LR,31,2368,82.10488891601562,578.2881164550781,0.12736753964929062,0.23268628195054775,0.15178099359540526,0.3184,1.5703517587939697
LR,29,2369,75.63896179199219,368.2070770263672,0.12529466564189135,0.21444063335606173,0.17477442735350024,0.3184,1.5703517587939697
LR,0,2370,95.3355188369751,507.2169494628906,0.2786778735932049,0.5090861023011551,0.31524655240667665,0.3184,1.5703517587939697
LR,45,2371,77.29954528808594,401.6672058105469,0.214576347413114,0.49330896921380407,0.26420472688333385,0.3184,1.5703517587939697
LR,5,2372,83.70843505859375,311.63134765625,0.23075524032693662,0.4594540026638943,0.2490353049199083,0.3184,1.5703517587939697
LR,8,2373,77.16160583496094,296.0364990234375,0.3414640164315463,0.4586815656365194,0.37841016072336026,0.3184,1.5703517587939697
LR,32,2374,97.96313714981079,628.2999267578125,0.1388823897244,0.37175613961725373,0.18873896454411193,0.3184,1.5703517587939697
LR,55,2375,95.06863403320312,1089.795883178711,0.13931434820362543,0.4167806486021403,0.18338227850826636,0.3184,1.5703517587939697
LR,24,2376,97.60273218154907,489.6551990509033,0.16604368011465465,0.2482685086119988,0.19221360229032558,0.3184,1.5703517587939697
LR,27,2377,100.49145030975342,646.84521484375,0.13669302199639927,0.38668330675854695,0.1879267721844243,0.3184,1.5703517587939697
LR,28,2378,97.00050497055054,341.27491760253906,0.1483032486118569,0.3831733359204271,0.20902771239116874,0.3184,1.5703517587939697
LR,51,2379,102.52960205078125,330.79923248291016,0.16969636418054432,0.33946620733108385,0.2017218729800713,0.3184,1.5703517587939697
LR,20,2380,96.50483226776123,599.8191680908203,0.13196267287520225,0.39651381675590464,0.20273268423190172,0.3184,1.5703517587939697
LR,35,2381,78.09976196289062,404.062255859375,0.11966375985627212,0.20230968245821343,0.15720268924779068,0.3184,1.5703517587939697
LR,54,2382,81.02783203125,538.5959777832031,0.19706159624465922,0.4811114735659665,0.24137587867993823,0.3184,1.5703517587939697
LR,15,2383,95.399169921875,731.1506042480469,0.13549131656682925,0.42871567178368664,0.1814488797550101,0.3184,1.5703517587939697
LR,7,2384,101.85349941253662,250.9535140991211,0.1736501027348371,0.5057576910315321,0.2500809516697983,0.3184,1.5703517587939697
LR,24,2385,99.85284423828125,268.0629634857178,0.21031547477648996,0.48550569816187106,0.35811953409562125,0.3184,1.5703517587939697
LR,49,2386,99.18351078033447,237.51247596740723,0.14767571435204002,0.41852473127726036,0.21349450941531115,0.3184,1.5703517587939697
LR,11,2387,95.51067113876343,585.5987455844879,0.10393703245794103,0.2516844122497683,0.13975599085310633,0.3184,1.5703517587939697
LR,27,2388,82.794677734375,205.37286376953125,0.061559600129317146,0.47126742570537933,0.40376841248853357,0.3184,1.5703517587939697
LR,39,2389,80.623291015625,557.1038665771484,0.11657111146261101,0.27475671052270834,0.152840885843075,0.3184,1.5703517587939697
LR,45,2390,77.94265747070312,275.49192810058594,0.23317208031446912,0.5852011416743842,0.27577344150388544,0.3184,1.5703517587939697
LR,23,2391,102.31375980377197,257.2397117614746,0.17927651868929814,0.5423472940505478,0.31168306343226787,0.3184,1.5703517587939697
LR,24,2392,79.62422180175781,499.2309265136719,0.12702244486179226,0.21679158725494527,0.1408968618210995,0.3184,1.5703517587939697
LR,40,2393,82.45127868652344,575.7978668212891,0.13510770220252843,0.2795595741643015,0.16814380718363706,0.3184,1.5703517587939697
LR,39,2394,83.48098754882812,251.12643432617188,0.18149353259472512,0.5058426400942166,0.28129724202028733,0.3184,1.5703517587939697
LR,38,2395,101.71599674224854,361.5365905761719,0.13545385677443794,0.4108269315380944,0.1961429636388738,0.3184,1.5703517587939697
LR,36,2396,81.73342895507812,236.9671630859375,0.2998312386389153,0.4380043586464848,0.3168739751697044,0.3184,1.5703517587939697
LR,55,2397,78.9398193359375,374.69036865234375,0.16737193341844203,0.2685301851287054,0.19454834178512687,0.3184,1.5703517587939697
LR,42,2398,83.78517150878906,734.7315673828125,0.11742778966422526,0.468937598945722,0.16514477608928532,0.3184,1.5703517587939697
LR,44,2399,79.32504272460938,292.1601257324219,0.11489869081743412,0.5237082727550583,0.2755200844617389,0.3184,1.5703517587939697
LR,50,2400,96.78819274902344,384.72479248046875,0.3342579272484815,0.5265658541630169,0.3708271717630338,0.3184,1.5703517587939697
LR,46,2401,103.44587707519531,373.10669326782227,0.1402706651840453,0.26783586872229553,0.16719914300729533,0.3184,1.5703517587939697
LR,45,2402,79.59234619140625,567.0245361328125,0.16004669251946646,0.40720319446575365,0.21058729448474364,0.3184,1.5703517587939697
LR,14,2403,84.90339660644531,319.9142208099365,0.22598779601191268,0.5357094071728357,0.283775434159157,0.3184,1.5703517587939697
LR,44,2404,96.84199857711792,337.0867576599121,0.17406200728835394,0.4757525015784797,0.2528130188071903,0.3184,1.5703517587939697
LR,39,2405,82.18537902832031,395.38311767578125,0.18197120197524475,0.5211261929756024,0.2403189159221297,0.3184,1.5703517587939697
LR,55,2406,96.56190729141235,430.2612609863281,0.19922884708591063,0.5610747096425484,0.2665431492489609,0.3184,1.5703517587939697
LR,54,2407,96.66587352752686,222.02306747436523,0.16755537479496774,0.6907063295146922,0.2521373792531485,0.3184,1.5703517587939697
LR,53,2408,96.98029279708862,288.7314872741699,0.15619116260956445,0.5431399820327442,0.23464283347621584,0.3184,1.5703517587939697
LR,20,2409,99.05745029449463,216.95346069335938,0.1055980113352784,0.4859464466649461,0.22568930346402966,0.3184,1.5703517587939697
LR,52,2410,83.88531494140625,309.5961151123047,0.19524987014024647,0.5072262821754501,0.263780889761062,0.3184,1.5703517587939697
LR,17,2411,81.11981201171875,249.24624633789062,0.37133201732700966,0.6111456107079111,0.6208850492094737,0.3184,1.5703517587939697
LR,51,2412,75.11175537109375,265.7869338989258,0.11900826491118788,0.6306574264041385,0.22544983176661634,0.3184,1.5703517587939697
LR,30,2413,79.54013061523438,344.1453857421875,0.11544772413399011,0.4613649242619508,0.18286909257436199,0.3184,1.5703517587939697
LR,10,2414,101.52407836914062,380.1164321899414,0.2182221311085972,0.292992574993122,0.286110676578249,0.3184,1.5703517587939697
LR,41,2415,77.59184265136719,379.87823486328125,0.3308588256438983,0.48175063616153496,0.40221184008831307,0.3184,1.5703517587939697
LR,36,2416,103.57173156738281,384.46649169921875,0.10558912335629216,0.2139326247964156,0.13965053115192239,0.3184,1.5703517587939697
LR,22,2417,100.32350158691406,522.6919708251953,0.1551577736312016,0.5515034438646305,0.20878441404335746,0.3184,1.5703517587939697
LR,22,2418,96.33938598632812,308.5724182128906,0.2120084917628802,0.5560095341888756,0.28633405705778986,0.3184,1.5703517587939697
LR,38,2419,99.9797306060791,348.9224395751953,0.14643050386375545,0.26044472862826584,0.17743566881926648,0.3184,1.5703517587939697
LR,26,2420,83.27830505371094,585.359977722168,0.14012513338160246,0.25339520359605594,0.17335960534690262,0.3184,1.5703517587939697
LR,38,2421,97.31627321243286,460.1358184814453,0.12051283399123602,0.3652220872305375,0.15831617608013235,0.3184,1.5703517587939697
LR,29,2422,95.48278474807739,633.5393981933594,0.10297425450189907,0.16942962600373407,0.15782090223804893,0.3184,1.5703517587939697
LR,25,2423,76.60629272460938,569.8108215332031,0.0861530101703175,0.5758198693464243,0.2395546098581525,0.3184,1.5703517587939697
LR,55,2424,83.15800476074219,388.02545166015625,0.170574056348956,0.4135058609460939,0.2305389896610018,0.3184,1.5703517587939697
LR,3,2425,104.52039527893066,579.884449005127,0.15401698417929893,0.4320254953678603,0.2089889752636709,0.3184,1.5703517587939697
LR,20,2426,80.66537475585938,262.259033203125,0.21333223487406053,0.4304761228800779,0.2547575397287362,0.3184,1.5703517587939697
LR,24,2427,77.71836853027344,244.75839233398438,0.258905797107343,0.5409948001551004,0.3228028546386873,0.3184,1.5703517587939697
LR,1,2428,101.82197570800781,214.7917137145996,0.13661087619101261,0.2543447124740621,0.1840305045144721,0.3184,1.5703517587939697
LR,6,2429,96.00819778442383,253.01943969726562,0.2520516050598981,0.4874224517655102,0.3071939495419144,0.3184,1.5703517587939697
LR,35,2430,80.53800964355469,559.9181518554688,0.11310812016481535,0.18821449581782665,0.13426988291032285,0.3184,1.5703517587939697
LR,50,2431,103.09295654296875,267.0343017578125,0.2887853485012931,0.5552355355814014,0.4036548675936848,0.3184,1.5703517587939697
LR,52,2432,81.63470458984375,290.614501953125,0.2533901102319855,0.4379273925217163,0.30438940196670117,0.3184,1.5703517587939697
LR,10,2433,98.06060218811035,307.0507583618164,0.28636533201945946,0.5539893692794299,0.30842553927578503,0.3184,1.5703517587939697
LR,30,2434,100.18502807617188,806.6284942626953,0.18988229614312735,0.34447498974108665,0.2076986337938171,0.3184,1.5703517587939697
LR,51,2435,83.3873291015625,1223.0554504394531,0.15926475686658084,0.269847073571143,0.18460291342915608,0.3184,1.5703517587939697
LR,42,2436,81.99591064453125,289.06304931640625,0.27154106444717263,0.3871180385977085,0.3295494114745132,0.3184,1.5703517587939697
LR,30,2437,104.48019409179688,250.59889221191406,0.21321878233689034,0.4678371309447077,0.24994491547371045,0.3184,1.5703517587939697
LR,20,2438,84.45234680175781,542.9768295288086,0.17360526227892706,0.43104570872621706,0.23096117837697114,0.3184,1.5703517587939697
LR,26,2439,102.21215915679932,269.4754638671875,0.10329603980908413,0.515181459945511,0.20822042630407764,0.3184,1.5703517587939697
LR,41,2440,103.57173156738281,477.1245651245117,0.11871656115742675,0.3216410992132661,0.1538169642263532,0.3184,1.5703517587939697
LR,21,2441,80.17251586914062,531.8800659179688,0.19283599951920805,0.5217512778108093,0.26113025135248846,0.3184,1.5703517587939697
LR,50,2442,102.85903930664062,301.23370361328125,0.25750827299422624,0.4103109615314543,0.29910432561819245,0.3184,1.5703517587939697
LR,26,2443,96.78819608688354,238.00998306274414,0.34296058376449906,0.6091758955942613,0.37430129253691996,0.3184,1.5703517587939697
LR,25,2444,98.90434741973877,393.67323303222656,0.19177243250916678,0.2787749236484219,0.21335522783705818,0.3184,1.5703517587939697
LR,15,2445,97.68121385574341,251.18282175064087,0.20417230789645924,0.3257686403647289,0.24010656250598295,0.3184,1.5703517587939697
LR,10,2446,79.56257629394531,336.21087646484375,0.3477368367655132,0.5459599819745146,0.3269158073989681,0.3184,1.5703517587939697
LR,4,2447,99.94037055969238,353.522216796875,0.11221494517850375,0.5496516166346096,0.23414012363658607,0.3184,1.5703517587939697
LR,53,2448,104.67826271057129,208.44610595703125,0.40770490722478003,0.6137037740957623,0.7365901012690301,0.3184,1.5703517587939697
LR,55,2449,104.76907730102539,231.16119384765625,0.11577104479336359,0.4848587344499886,0.18028836631796974,0.3184,1.5703517587939697
LR,13,2450,104.58476066589355,518.2241115570068,0.12219423105885971,0.27089215458264576,0.1783865925186254,0.3184,1.5703517587939697
LR,4,2451,98.55500793457031,599.2707595825195,0.25594369294526276,0.44264800724605696,0.2748844822298538,0.3184,1.5703517587939697
LR,0,2452,103.7146406173706,435.5322036743164,0.1572686190744482,0.44640806258994603,0.20956355930463158,0.3184,1.5703517587939697
LR,21,2453,98.12948608398438,428.9339294433594,0.1768446349374089,0.4029417690620709,0.2109656121398696,0.3184,1.5703517587939697
LR,13,2454,78.0233154296875,249.17727661132812,0.08867078586215472,0.5846425049754593,0.3728652436209575,0.3184,1.5703517587939697
LR,39,2455,84.04939270019531,395.97306060791016,0.16420894903688446,0.550157864782793,0.24006414300896692,0.3184,1.5703517587939697
LR,30,2456,100.24775695800781,208.19985961914062,0.2047973051578114,0.40661926708708945,0.2564018913788221,0.3184,1.5703517587939697
LR,7,2457,102.22577953338623,557.5112733840942,0.1434801130008158,0.36171369297894146,0.18585436828974494,0.3184,1.5703517587939697
LR,5,2458,80.06610107421875,310.0385265350342,0.2116884727500333,0.3737015240031265,0.23837659165023542,0.3184,1.5703517587939697
LR,46,2459,102.31571960449219,716.9102096557617,0.15976595494733578,0.47704035820528135,0.20754960021361113,0.3184,1.5703517587939697
LR,30,2460,95.22224426269531,455.4309539794922,0.1957587708278425,0.3676758440514921,0.22255928981060757,0.3184,1.5703517587939697
LR,55,2461,82.875732421875,601.1614990234375,0.14268233130279429,0.5231360829163155,0.18971571668043677,0.3184,1.5703517587939697
LR,54,2462,84.29022216796875,517.4404907226562,0.14189011090687187,0.3447628042346734,0.20239374577211297,0.3184,1.5703517587939697
LR,48,2463,95.86516189575195,549.2342529296875,0.1266173091709958,0.2819919310912809,0.15770342844463137,0.3184,1.5703517587939697
LR,16,2464,81.18011474609375,365.8646240234375,0.15051955680978207,0.527903467575435,0.22043220264695992,0.3184,1.5703517587939697
LR,38,2465,75.19606018066406,358.0042419433594,0.33173860436796676,0.5100344213292571,0.29481940656803807,0.3184,1.5703517587939697
LR,38,2466,78.97030639648438,500.1885986328125,0.14652296890422783,0.48468370550816364,0.25212582291468283,0.3184,1.5703517587939697
LR,26,2467,78.98936462402344,521.0662841796875,0.13704399014334573,0.507764364081283,0.19082150138091486,0.3184,1.5703517587939697
LR,44,2468,75.96221923828125,269.70218420028687,0.08790571100926449,0.48703008898757083,0.22652887295677354,0.3184,1.5703517587939697
LR,37,2469,100.2567138671875,825.7695236206055,0.18879055900728312,0.4504735782287786,0.23257324407916083,0.3184,1.5703517587939697
LR,16,2470,99.46199035644531,618.8920288085938,0.22630708148765344,0.4841913832839669,0.2666064821924512,0.3184,1.5703517587939697
LR,42,2471,75.10455322265625,231.34295654296875,0.2993793186394017,0.5750784153179507,0.44067421944003127,0.3184,1.5703517587939697
LR,1,2472,99.2329273223877,672.4396057128906,0.14827795674737596,0.3651331848167636,0.19925983531094565,0.3184,1.5703517587939697
LR,39,2473,103.43553352355957,378.22320556640625,0.10473051456850789,0.1776241324023841,0.13536187277028813,0.3184,1.5703517587939697
LR,12,2474,77.10528564453125,251.54461669921875,0.3817223971335623,0.5141716614447186,0.4932701591113886,0.3184,1.5703517587939697
LR,15,2475,77.56832885742188,209.88363647460938,0.2955188608806971,0.521339557914899,0.39921206995524844,0.3184,1.5703517587939697
LR,37,2476,79.1680908203125,220.5099334716797,0.26428668973914543,0.3464432374093136,0.2896179846709801,0.3184,1.5703517587939697
LR,31,2477,103.19578552246094,223.455810546875,0.15595286061833818,0.38447091074509404,0.2958201627446594,0.3184,1.5703517587939697
LR,17,2478,78.89126586914062,532.8273010253906,0.16898700460609545,0.4272277999938316,0.2170179368048497,0.3184,1.5703517587939697
LR,40,2479,82.37255859375,398.7358169555664,0.18085793066529204,0.537912622235053,0.2516806190139582,0.3184,1.5703517587939697
LR,41,2480,102.26544761657715,367.8177795410156,0.15648173127924317,0.4433767801300082,0.2246182733397199,0.3184,1.5703517587939697
LR,30,2481,99.48924255371094,245.02679443359375,0.12949206921407144,0.36400313487797586,0.19035567726434838,0.3184,1.5703517587939697
LR,2,2482,100.38174438476562,453.637939453125,0.16159843933155899,0.2779425130469778,0.18985181326051723,0.3184,1.5703517587939697
LR,34,2483,77.60385131835938,316.9708251953125,0.15274734911514554,0.37817963141454036,0.20813591978691676,0.3184,1.5703517587939697
LR,0,2484,101.01727294921875,296.20147705078125,0.262132974165606,0.4674900485517959,0.35015078817056505,0.3184,1.5703517587939697
LR,46,2485,76.75834655761719,449.22650146484375,0.12768527275919814,0.46322748117907325,0.19891732557053232,0.3184,1.5703517587939697
LR,9,2486,77.5343017578125,413.33810806274414,0.18050600212527426,0.561367207727762,0.2597713684230915,0.3184,1.5703517587939697
LR,29,2487,95.00313234329224,343.42401123046875,0.2620382732281153,0.43530918384337214,0.34968175829940873,0.3184,1.5703517587939697
LR,26,2488,82.54365539550781,533.2975997924805,0.12331351540819332,0.18925604811225044,0.19251148118904776,0.3184,1.5703517587939697
LR,55,2489,83.99180603027344,275.6766357421875,0.1748683452547365,0.4764937955096112,0.21618682645334358,0.3184,1.5703517587939697
LR,54,2490,98.74565124511719,887.2186431884766,0.13505252293471076,0.39766403155948254,0.17577296451944008,0.3184,1.5703517587939697
LR,38,2491,76.56446838378906,331.9806709289551,0.14292955433670712,0.26753283723656923,0.16605140693677892,0.3184,1.5703517587939697
LR,9,2492,77.13906860351562,217.81576538085938,0.06938021809466224,0.5868490045906118,0.29227892169025044,0.3184,1.5703517587939697
LR,15,2493,100.15051078796387,350.29841232299805,0.0981402601387596,0.1569856045184231,0.1560511798711399,0.3184,1.5703517587939697
LR,31,2494,78.07630920410156,526.0705261230469,0.12133409166205646,0.35946681146035675,0.1563680933113985,0.3184,1.5703517587939697
LR,23,2495,82.73867797851562,346.75909423828125,0.3405454057550829,0.48283727452349356,0.36467516708430747,0.3184,1.5703517587939697
LR,9,2496,76.52558898925781,625.152458190918,0.13443119326833455,0.21514348994509847,0.19648305882795894,0.3184,1.5703517587939697
LR,1,2497,79.42341613769531,321.2233581542969,0.1564775424540426,0.3011550468615987,0.192565798893419,0.3184,1.5703517587939697
LR,39,2498,97.74402904510498,450.7675323486328,0.11177433107981703,0.35363123156934556,0.1588180263258697,0.3184,1.5703517587939697
LR,52,2499,78.96734619140625,293.11852264404297,0.13726827790192594,0.3697653634425088,0.21289716589500174,0.3184,1.5703517587939697
LR,4,2500,78.68978881835938,325.57136154174805,0.10142228350750881,0.16470363769824165,0.13203565307360546,0.3184,1.5703517587939697
LR,23,2501,99.05028247833252,687.0485229492188,0.13547549665458103,0.4266426416135971,0.18582878869412853,0.3184,1.5703517587939697
LR,34,2502,100.09090042114258,221.1292724609375,0.19312606838034352,0.6336660823898378,0.30764827970780984,0.3184,1.5703517587939697
LR,25,2503,98.20062065124512,473.52740478515625,0.17403047215277434,0.2786566782701252,0.19962129069150228,0.3184,1.5703517587939697
LR,52,2504,103.41081237792969,652.7879409790039,0.14336259423228026,0.24675888105897464,0.18655885347372492,0.3184,1.5703517587939697
LR,7,2505,103.59225559234619,311.19713592529297,0.08432395834032819,0.21070371753619327,0.1881066623811887,0.3184,1.5703517587939697
LR,41,2506,99.05745029449463,280.2470474243164,0.11774198284069387,0.6067888329811552,0.24150760761023693,0.3184,1.5703517587939697
LR,35,2507,76.04022216796875,331.24144744873047,0.16272083935787984,0.41556704841972464,0.21113528320103483,0.3184,1.5703517587939697
LR,52,2508,102.17209148406982,454.7779846191406,0.10642779558562059,0.37896338850262634,0.1654978688956466,0.3184,1.5703517587939697
LR,10,2509,104.99189758300781,376.1293640136719,0.17548010697060168,0.25485579346320525,0.22495812861958467,0.3184,1.5703517587939697
LR,48,2510,80.80000305175781,900.9489679336548,0.16475057583990563,0.3898200231456393,0.1963588715332733,0.3184,1.5703517587939697
LR,35,2511,98.34330463409424,594.493408203125,0.144181907221496,0.4141399572752913,0.19208092118134487,0.3184,1.5703517587939697
LR,27,2512,97.81462097167969,215.24697875976562,0.13611211633660064,0.5436961658565811,0.21692360107223504,0.3184,1.5703517587939697
LR,52,2513,97.23908996582031,528.5839233398438,0.19912863040616868,0.41971825996742945,0.2342081656145788,0.3184,1.5703517587939697
LR,14,2514,104.03778076171875,583.6238708496094,0.1714699445650134,0.5078142325223896,0.2185739599951687,0.3184,1.5703517587939697
LR,43,2515,98.76707458496094,225.4768295288086,0.16734854802711965,0.2617566814502991,0.19736043313615073,0.3184,1.5703517587939697
LR,30,2516,99.63725280761719,311.943359375,0.1680386715767832,0.2850452619917922,0.1971795980617987,0.3184,1.5703517587939697
LR,28,2517,78.25392150878906,401.9514923095703,0.15857040942337683,0.3753212966829102,0.19974333909901892,0.3184,1.5703517587939697
LR,16,2518,102.65341186523438,581.0320587158203,0.14812349395941682,0.26520864495726487,0.17691901821971118,0.3184,1.5703517587939697
LR,36,2519,79.96092224121094,210.66529083251953,0.36708055719182886,0.6151137568747538,0.49642976002140854,0.3184,1.5703517587939697
LR,10,2520,75.35881042480469,214.04864501953125,0.10665976290226585,0.43435313403367154,0.2253477158609799,0.3184,1.5703517587939697
LR,53,2521,100.78437423706055,421.6886100769043,0.17995593743046862,0.30268163777840856,0.2043286257184716,0.3184,1.5703517587939697
LR,18,2522,82.19657897949219,200.14669799804688,0.3140769108561474,0.46697185802710145,0.30005692774374887,0.3184,1.5703517587939697
LR,29,2523,83.83062744140625,592.5291595458984,0.14167085389970102,0.4372260085468879,0.18657008605321457,0.3184,1.5703517587939697
LR,25,2524,101.47586059570312,379.3260803222656,0.2344360215388557,0.4929279523737851,0.27640599995921644,0.3184,1.5703517587939697
LR,16,2525,96.64785766601562,262.4353332519531,0.35744102984656806,0.6065733892262458,0.313767197072118,0.3184,1.5703517587939697
LR,17,2526,76.36196899414062,530.1290473937988,0.13398709524663743,0.3710974742714712,0.1770174315764157,0.3184,1.5703517587939697
LR,33,2527,102.68124771118164,567.6804656982422,0.13247223504245886,0.31700363809948723,0.18645780276805468,0.3184,1.5703517587939697
LR,52,2528,84.44085693359375,294.5636215209961,0.15715794303851394,0.5086264746033183,0.21942587141920875,0.3184,1.5703517587939697
LR,41,2529,76.29167175292969,270.432373046875,0.23306494157570287,0.3402366708811138,0.27719522350438197,0.3184,1.5703517587939697
LR,27,2530,77.87229919433594,355.69761657714844,0.17464920170662815,0.34571140004935874,0.20390618999071097,0.3184,1.5703517587939697
LR,47,2531,78.85379028320312,309.7973327636719,0.13324489612414872,0.2874666210052659,0.16742001634929007,0.3184,1.5703517587939697
LR,45,2532,82.40605163574219,427.63968658447266,0.14727199473033,0.5881350142660678,0.21498714081599019,0.3184,1.5703517587939697
LR,18,2533,81.26904296875,482.59014892578125,0.129149125326721,0.24478313866511878,0.15328583240878643,0.3184,1.5703517587939697
LR,49,2534,99.31806087493896,365.57452392578125,0.11993122224981465,0.38876319192591124,0.21439382839957372,0.3184,1.5703517587939697
LR,11,2535,82.72929382324219,288.0370178222656,0.35718638477582276,0.5812028624733635,0.6202574456721375,0.3184,1.5703517587939697
LR,48,2536,83.5592041015625,1135.3421020507812,0.17217118591910585,0.3968188730507423,0.20533879408551697,0.3184,1.5703517587939697
LR,43,2537,80.83807373046875,436.98077392578125,0.0928684511890957,0.5195815003226104,0.1949663919759957,0.3184,1.5703517587939697
LR,12,2538,101.50517272949219,333.85302734375,0.31457017204784055,0.5479383821795163,0.3001974742337506,0.3184,1.5703517587939697
LR,11,2539,95.60846614837646,724.4276275634766,0.1355363899780613,0.3553875994146717,0.17268243093557217,0.3184,1.5703517587939697
LR,18,2540,101.0188856124878,208.756591796875,0.19224426679492848,0.47000193868571255,0.26855522449195124,0.3184,1.5703517587939697
LR,45,2541,82.95498657226562,223.98187255859375,0.416137665724204,0.5319929063510437,0.4943773227060961,0.3184,1.5703517587939697
LR,44,2542,100.2682056427002,472.3420715332031,0.1116172112826374,0.18290360645704026,0.1471917450182226,0.3184,1.5703517587939697
LR,53,2543,103.78300094604492,328.1467571258545,0.21299224231414732,0.40624444762377054,0.23895255710338906,0.3184,1.5703517587939697
LR,52,2544,100.46914005279541,350.980712890625,0.10719932163341853,0.5145484492342907,0.23546411312191362,0.3184,1.5703517587939697
LR,5,2545,78.23124694824219,781.635009765625,0.13092824187302163,0.5797731248538777,0.26310411523247157,0.3184,1.5703517587939697
LR,47,2546,104.84512329101562,408.31842041015625,0.14988949997644632,0.5340997908697808,0.20767137527569435,0.3184,1.5703517587939697
LR,17,2547,95.46829223632812,240.345947265625,0.10416010944470887,0.15807928206545754,0.17082800082508542,0.3184,1.5703517587939697
LR,47,2548,77.66020202636719,866.8363876342773,0.13616317035368658,0.29734589621702145,0.16721135948637994,0.3184,1.5703517587939697
LR,54,2549,84.87258911132812,285.4678955078125,0.11936107888970882,0.21647862939160867,0.1888858034006298,0.3184,1.5703517587939697
LR,46,2550,98.17652702331543,244.9952392578125,0.1928186497680685,0.3039419142943838,0.22320966456445876,0.3184,1.5703517587939697
LR,38,2551,97.20531272888184,204.60247802734375,0.12099581814515872,0.5860858630957635,0.24884842706306748,0.3184,1.5703517587939697
LR,40,2552,97.17096471786499,308.3835141658783,0.12161614609370976,0.21545695659068137,0.21306556907085045,0.3184,1.5703517587939697
LR,2,2553,81.60765075683594,660.2843322753906,0.1308604509612168,0.4616481326044919,0.1829836512558756,0.3184,1.5703517587939697
LR,44,2554,77.59184265136719,255.37887573242188,0.08526499916776578,0.1392135133774788,0.15960659702294142,0.3184,1.5703517587939697
LR,55,2555,81.69712829589844,638.3774871826172,0.11368308078983477,0.17938241623795556,0.1384620085487064,0.3184,1.5703517587939697
LR,14,2556,79.85459899902344,674.1904449462891,0.1149959708557791,0.1896616153529559,0.15195994928350712,0.3184,1.5703517587939697
LR,50,2557,75.2288818359375,293.0334281921387,0.14650544989202424,0.2870682065185455,0.1772646386319563,0.3184,1.5703517587939697
LR,39,2558,99.39209365844727,310.0521545410156,0.07982777792534358,0.5326081830605749,0.2804729856575592,0.3184,1.5703517587939697
LR,20,2559,80.53802490234375,500.6092529296875,0.1541851981215535,0.31273380525635985,0.2053908064636177,0.3184,1.5703517587939697
LR,34,2560,96.45555448532104,281.1686096191406,0.26375753368521887,0.5513180433934334,0.35475348771449805,0.3184,1.5703517587939697
LR,48,2561,100.37577819824219,459.69384765625,0.12770607751250787,0.5706245735119934,0.20453078763806037,0.3184,1.5703517587939697
LR,40,2562,80.10354614257812,497.0193786621094,0.13312047371234698,0.2824198106869219,0.162787377110993,0.3184,1.5703517587939697
LR,49,2563,96.9674916267395,213.10264587402344,0.16667590831570872,0.2535352629273915,0.2302977516857442,0.3184,1.5703517587939697
LR,5,2564,76.84407043457031,412.5613098144531,0.11328230390149745,0.557342897789568,0.18768620885913972,0.3184,1.5703517587939697
LR,55,2565,83.66061401367188,289.0655517578125,0.10934306326559451,0.49273852138718927,0.17497487970583853,0.3184,1.5703517587939697
LR,44,2566,80.81649780273438,235.69015502929688,0.21816015070395145,0.46522928677325615,0.3389846180730662,0.3184,1.5703517587939697
LR,43,2567,98.05619812011719,514.9388885498047,0.13869412842924278,0.5269131102535867,0.2023151670937638,0.3184,1.5703517587939697
LR,4,2568,102.76775741577148,533.5357360839844,0.1889826084544535,0.477641584765721,0.2356582273987716,0.3184,1.5703517587939697
LR,26,2569,78.187744140625,509.0682373046875,0.12110056548852563,0.21489669842567485,0.17581103723949207,0.3184,1.5703517587939697
LR,55,2570,76.09075927734375,251.71987915039062,0.17241983316735662,0.3004319478168663,0.21699369791125506,0.3184,1.5703517587939697
LR,6,2571,95.14197063446045,365.3717041015625,0.17206663262001473,0.5071727631331286,0.2559557386386094,0.3184,1.5703517587939697
LR,8,2572,79.46083068847656,441.94232177734375,0.18363361842047765,0.46963791323294096,0.2397502427340816,0.3184,1.5703517587939697
LR,22,2573,83.44157409667969,248.86029052734375,0.38163013436861104,0.6234592672143441,0.3505204637836119,0.3184,1.5703517587939697
LR,0,2574,97.33364868164062,269.7776184082031,0.21039936939215098,0.543254727160585,0.27908872301000265,0.3184,1.5703517587939697
LR,9,2575,82.79936218261719,223.4520263671875,0.3761335158943617,0.4907476300826593,0.48024206265397507,0.3184,1.5703517587939697
LR,20,2576,97.49514770507812,224.82296752929688,0.09740202303538678,0.1422313066447119,0.2571290196045486,0.3184,1.5703517587939697
LR,26,2577,82.94290161132812,685.9093933105469,0.11763960984415603,0.3980162496728586,0.16107727113630876,0.3184,1.5703517587939697
LR,21,2578,75.89578247070312,515.9004592895508,0.13869503665464822,0.47790361078704063,0.1959988118593155,0.3184,1.5703517587939697
LR,1,2579,75.67559814453125,680.9188842773438,0.13080603080531675,0.21234280732692326,0.16962606137830924,0.3184,1.5703517587939697
LR,7,2580,99.49990844726562,576.0479431152344,0.18166830093394762,0.30623759703193454,0.2113517461564231,0.3184,1.5703517587939697
LR,54,2581,79.35935974121094,615.8345565795898,0.12807519725024927,0.2438275796387691,0.1830930720949876,0.3184,1.5703517587939697
LR,35,2582,81.66314697265625,382.9937515258789,0.11456303735165017,0.3920126523596977,0.18142782985148126,0.3184,1.5703517587939697
LR,43,2583,103.52959156036377,399.7167053222656,0.10341743441884438,0.16583455600425218,0.13038298106663143,0.3184,1.5703517587939697
LR,16,2584,97.15479230880737,319.37255859375,0.1598162458674771,0.5174622001788801,0.25840127807955765,0.3184,1.5703517587939697
LR,37,2585,95.28928089141846,557.1066360473633,0.11526209932458499,0.18499529035806483,0.13825467812768952,0.3184,1.5703517587939697
LR,30,2586,101.74181652069092,553.0971031188965,0.1183547241158838,0.3807881121665165,0.17512888073315708,0.3184,1.5703517587939697
LR,22,2587,76.29632568359375,396.93956756591797,0.12827239838794396,0.3611423881277258,0.19770467051945045,0.3184,1.5703517587939697
LR,11,2588,99.60490417480469,363.3046569824219,0.07852758652686362,0.31084511627178585,0.2723371024024633,0.3184,1.5703517587939697
LR,5,2589,101.62256622314453,406.4953308105469,0.1894221626280819,0.29882170470495334,0.21950883982201014,0.3184,1.5703517587939697
LR,15,2590,100.22205352783203,327.6204528808594,0.09829467716518438,0.15867585722698693,0.13317848479963135,0.3184,1.5703517587939697
LR,49,2591,101.31021118164062,223.5260238647461,0.30446852838121774,0.48282973350903496,0.3547455054702633,0.3184,1.5703517587939697
LR,40,2592,84.76126098632812,403.615571975708,0.19451122587674305,0.5422249804542291,0.2458670801548468,0.3184,1.5703517587939697
LR,7,2593,82.05717468261719,332.3334655761719,0.32084174596603615,0.5555938710504424,0.3230036090095363,0.3184,1.5703517587939697
LR,41,2594,102.72524070739746,368.82688903808594,0.16985577153151893,0.42584321163865846,0.22680991595170233,0.3184,1.5703517587939697
LR,41,2595,81.72470092773438,529.2888488769531,0.12737539705310147,0.4178356239719061,0.18060998521073843,0.3184,1.5703517587939697
LR,54,2596,82.40605163574219,478.3894958496094,0.1274585941705652,0.45641510081413084,0.17525158098043958,0.3184,1.5703517587939697
LR,52,2597,101.778489112854,339.32025146484375,0.25411129605841515,0.5044421393759939,0.3347312150395536,0.3184,1.5703517587939697
LR,30,2598,76.47557067871094,488.3243103027344,0.129433901066724,0.43345695413948804,0.1741592585511253,0.3184,1.5703517587939697
LR,20,2599,103.63529968261719,446.556884765625,0.16554479154461677,0.43062156635184745,0.21025402858968437,0.3184,1.5703517587939697
LR,35,2600,98.97216796875,594.9674377441406,0.1477229201455669,0.4167534676634838,0.2002574682930443,0.3184,1.5703517587939697
LR,12,2601,100.85020351409912,585.2200174331665,0.12022763463205723,0.3230504083909199,0.171706587883334,0.3184,1.5703517587939697
LR,3,2602,97.21663522720337,485.9523468017578,0.09750413330485222,0.3024042760381719,0.1528708645580182,0.3184,1.5703517587939697
LR,20,2603,96.95219421386719,459.24034118652344,0.18618250811351705,0.45125213229023176,0.226798586866941,0.3184,1.5703517587939697
LR,38,2604,77.60655212402344,318.2787208557129,0.18511914178141334,0.4431733101449776,0.25092920310070344,0.3184,1.5703517587939697
LR,14,2605,79.10633850097656,423.9474182128906,0.1335209543951331,0.39002668628724213,0.17888989013634493,0.3184,1.5703517587939697
LR,33,2606,79.24394226074219,415.6855773925781,0.11052075158635644,0.19584190813896749,0.1699922444245843,0.3184,1.5703517587939697
LR,10,2607,81.48333740234375,264.2216491699219,0.27391313910331877,0.5459949639886167,0.3676566715073557,0.3184,1.5703517587939697
LR,39,2608,96.17599487304688,351.42474365234375,0.20153386186197125,0.33585994392338037,0.24100690069274572,0.3184,1.5703517587939697
LR,35,2609,102.03117370605469,254.81544017791748,0.09661691343531949,0.38527844633745245,0.1766082806997972,0.3184,1.5703517587939697
LR,1,2610,95.54218530654907,507.1680603027344,0.2849812708911992,0.5258915854158145,0.32171534969197796,0.3184,1.5703517587939697
LR,12,2611,76.5455322265625,228.3868408203125,0.2777923652290989,0.618674064547226,0.34439446071289914,0.3184,1.5703517587939697
LR,55,2612,82.626953125,765.1689147949219,0.16173764757944384,0.23903413146686792,0.18019759889241194,0.3184,1.5703517587939697
LR,20,2613,80.8663330078125,210.3031005859375,0.4937075148948454,0.683535391194071,0.7830447049115886,0.3184,1.5703517587939697
LR,32,2614,79.13136291503906,544.1874084472656,0.11938104173767947,0.44466541909063545,0.17142769238992295,0.3184,1.5703517587939697
LR,1,2615,82.51075744628906,385.32598876953125,0.1465748384001001,0.26035169739994574,0.1901648467578873,0.3184,1.5703517587939697
LR,45,2616,103.84212970733643,529.4251251220703,0.14405822916550667,0.37592949765265704,0.1876644216593345,0.3184,1.5703517587939697
LR,20,2617,102.26544189453125,475.75885009765625,0.12483627332344308,0.22359694036686042,0.159430619924275,0.3184,1.5703517587939697
LR,23,2618,100.13410949707031,314.2426223754883,0.22142341835800075,0.546875945453718,0.2879845563693288,0.3184,1.5703517587939697
LR,54,2619,83.199462890625,492.95924377441406,0.19910820514481686,0.30480385729163867,0.22395477308910994,0.3184,1.5703517587939697
LR,47,2620,100.28347778320312,599.5904235839844,0.11537361592931254,0.1832627758230782,0.1593728505175516,0.3184,1.5703517587939697
LR,25,2621,98.39234733581543,224.10833740234375,0.3061020328215919,0.5738536975745963,0.3466700596006042,0.3184,1.5703517587939697
LR,53,2622,102.1158504486084,493.8914489746094,0.10620658844850307,0.30373342876193227,0.15046435017933588,0.3184,1.5703517587939697
LR,44,2623,75.35987854003906,556.4259262084961,0.14623752952423688,0.3664197473875554,0.20677012600032899,0.3184,1.5703517587939697
LR,49,2624,96.87404584884644,425.1068115234375,0.21207066251577922,0.42084941645542884,0.2458450923691843,0.3184,1.5703517587939697
LR,45,2625,99.14666748046875,794.4360961914062,0.12929815544910542,0.4101877049044817,0.18513362825882693,0.3184,1.5703517587939697
LR,18,2626,97.45634460449219,344.13892364501953,0.13924732063709838,0.5697315440837931,0.2055581739309513,0.3184,1.5703517587939697
LR,13,2627,101.82197570800781,610.4748764038086,0.1758819118843688,0.5183299754378249,0.2241228852866396,0.3184,1.5703517587939697
LR,31,2628,101.778489112854,356.7541961669922,0.11964506214962134,0.2547469371830965,0.15308454513231382,0.3184,1.5703517587939697
LR,0,2629,104.0377779006958,408.75816345214844,0.15314323084166556,0.500849797662162,0.22282105619101616,0.3184,1.5703517587939697
LR,49,2630,82.55441284179688,356.4482116699219,0.1908745072005678,0.48413156113519396,0.24816929719885195,0.3184,1.5703517587939697
LR,6,2631,79.90264892578125,454.6199035644531,0.258935724493211,0.5491351064457148,0.2862578139341272,0.3184,1.5703517587939697
LR,24,2632,100.045166015625,300.5625810623169,0.22187892798694112,0.350161722904219,0.24965419955987814,0.3184,1.5703517587939697
LR,38,2633,102.07588195800781,288.8099670410156,0.1607922046326814,0.5661707016981593,0.2515152094696276,0.3184,1.5703517587939697
LR,42,2634,77.90464782714844,392.1130065917969,0.12357606923005202,0.5251507615184053,0.1941540807392949,0.3184,1.5703517587939697
LR,22,2635,79.86589050292969,493.7798843383789,0.11884050306593144,0.4037769796306579,0.17376943285730084,0.3184,1.5703517587939697
LR,38,2636,76.92503356933594,261.3103332519531,0.26392229977325177,0.4828050731551941,0.3212580298307572,0.3184,1.5703517587939697
LR,42,2637,99.92603874206543,202.3096923828125,0.19021630064389874,0.3814494243610754,0.22915338029716123,0.3184,1.5703517587939697
LR,49,2638,99.80584716796875,255.28997039794922,0.23265856471070578,0.480768263388251,0.30512886846210774,0.3184,1.5703517587939697
LR,47,2639,100.50800132751465,460.4218292236328,0.12450106192232142,0.21525652244092447,0.15104434949000334,0.3184,1.5703517587939697
LR,29,2640,100.99642562866211,214.65945434570312,0.15668553779807298,0.4704720760667601,0.2194865992488079,0.3184,1.5703517587939697
LR,12,2641,78.37519836425781,235.38037109375,0.20653508972594595,0.3031991297347757,0.2349881835594422,0.3184,1.5703517587939697
LR,43,2642,76.91981506347656,632.9487915039062,0.13770468758960053,0.4593517339772684,0.22326867241146492,0.3184,1.5703517587939697
LR,42,2643,81.75715637207031,536.7752456665039,0.14797886625533543,0.4841579104696547,0.19999493468358606,0.3184,1.5703517587939697
LR,31,2644,82.94290161132812,250.223876953125,0.340182989498543,0.5873549800017517,0.3567854751442733,0.3184,1.5703517587939697
LR,20,2645,80.39509582519531,493.2484130859375,0.12509528224472494,0.2375279833539381,0.165700986583408,0.3184,1.5703517587939697
LR,54,2646,99.18013000488281,508.751366853714,0.17132134794161377,0.3264273682535974,0.20557246242977759,0.3184,1.5703517587939697
LR,0,2647,103.43941879272461,293.2027778625488,0.12228714087744105,0.5851707356807115,0.3331974162552687,0.3184,1.5703517587939697
LR,52,2648,101.31020641326904,330.3036804199219,0.18114160695889397,0.47824284911169423,0.2527972936238014,0.3184,1.5703517587939697
LR,49,2649,95.75059270858765,541.8928375244141,0.1801476257974169,0.4262932676167453,0.222144896539687,0.3184,1.5703517587939697
LR,27,2650,104.22760009765625,267.8828125,0.09729826740656919,0.2549056080666786,0.1830090619465574,0.3184,1.5703517587939697
LR,55,2651,100.33647155761719,345.17759704589844,0.1574804492902191,0.3196723109503828,0.1932108572336961,0.3184,1.5703517587939697
LR,29,2652,95.19363260269165,268.594482421875,0.3514085140121355,0.5141078154962427,0.30256108816296423,0.3184,1.5703517587939697
LR,25,2653,103.3257064819336,218.23440742492676,0.49047252342286074,0.6994514624828704,0.4290818903065663,0.3184,1.5703517587939697
LR,32,2654,100.59153652191162,239.94569396972656,0.1483551318593923,0.45934949160906013,0.22320203984533354,0.3184,1.5703517587939697
LR,27,2655,100.68495273590088,517.3473510742188,0.10456433622942587,0.16586487916166753,0.1553110964960983,0.3184,1.5703517587939697
LR,17,2656,75.2738037109375,405.48883056640625,0.1366388303867101,0.31745941411472134,0.17403617358815526,0.3184,1.5703517587939697
LR,47,2657,84.09466552734375,460.3625030517578,0.1140114373275933,0.34849516392895286,0.16808757890768772,0.3184,1.5703517587939697
LR,40,2658,75.2056884765625,354.845947265625,0.13499697433664803,0.581835904115211,0.2243289709074806,0.3184,1.5703517587939697
LR,21,2659,98.31706237792969,204.7288818359375,0.13755378720498745,0.2551916677402556,0.20806568064225434,0.3184,1.5703517587939697
LR,34,2660,82.84521484375,619.8973083496094,0.12425853639191281,0.3994157492662131,0.16504673239975873,0.3184,1.5703517587939697
LR,9,2661,84.37840270996094,404.461181640625,0.22785225664449305,0.46787882421510196,0.2629334898931311,0.3184,1.5703517587939697
LR,40,2662,104.12949752807617,253.4820556640625,0.22296579462978808,0.5196219224220608,0.27288875435717735,0.3184,1.5703517587939697
LR,36,2663,76.63186645507812,286.83382415771484,0.1417264648256576,0.4343986589716405,0.21880147700422048,0.3184,1.5703517587939697
LR,50,2664,97.28329467773438,285.05340576171875,0.3575885275114273,0.44246217127434256,0.3718309813167485,0.3184,1.5703517587939697
LR,40,2665,75.08450317382812,303.5357360839844,0.17302164427247307,0.47613588471228246,0.22711047093289563,0.3184,1.5703517587939697
LR,22,2666,103.53997802734375,395.0096740722656,0.18895689853136077,0.3079965098958119,0.22223937850556727,0.3184,1.5703517587939697
LR,31,2667,102.18927001953125,438.6625671386719,0.22250261746566033,0.42266623525471814,0.2627506236120408,0.3184,1.5703517587939697
LR,29,2668,98.27529907226562,371.13861083984375,0.12928036312983165,0.21323119360506496,0.1709159983765309,0.3184,1.5703517587939697
LR,32,2669,104.03778076171875,525.2973022460938,0.22534473377346845,0.4513387617542605,0.2572356964690094,0.3184,1.5703517587939697
LR,40,2670,78.99630737304688,478.0435333251953,0.1229467928792729,0.4117701249065406,0.18551153258231717,0.3184,1.5703517587939697
LR,36,2671,75.57748413085938,279.11266326904297,0.27766390707233857,0.5885014479853194,0.3356975096621178,0.3184,1.5703517587939697
LR,20,2672,83.70028686523438,537.0402984619141,0.1278909724307902,0.23338914378865466,0.15636007485876294,0.3184,1.5703517587939697
LR,50,2673,96.13887023925781,423.3804626464844,0.14342324959714983,0.5009927542911549,0.20055702455821997,0.3184,1.5703517587939697
LR,44,2674,76.79780578613281,331.031005859375,0.08824441136875852,0.1373042710340734,0.15444848046759696,0.3184,1.5703517587939697
LR,34,2675,103.58729553222656,350.7209777832031,0.10916501939624212,0.17810198461482643,0.12846427772895744,0.3184,1.5703517587939697
LR,22,2676,95.00630187988281,673.8561401367188,0.17967157726299607,0.3965812941785579,0.20962005347067145,0.3184,1.5703517587939697
LR,6,2677,84.91668701171875,492.3891906738281,0.21059063964106658,0.5186437857962154,0.26563533625545027,0.3184,1.5703517587939697
LR,7,2678,82.64834594726562,259.622802734375,0.1476143569622429,0.26608173872924545,0.1854687444557298,0.3184,1.5703517587939697
LR,32,2679,100.09735107421875,227.73193359375,0.20043283990279484,0.2630385448388606,0.27921526594381146,0.3184,1.5703517587939697
LR,25,2680,99.50776672363281,483.56719970703125,0.18020293567754642,0.2811701490668029,0.19620414918653517,0.3184,1.5703517587939697
LR,28,2681,95.34627962112427,684.9222717285156,0.13189424161827415,0.43959947702538893,0.1894213907881799,0.3184,1.5703517587939697
LR,29,2682,101.78865051269531,540.8256072998047,0.21965131120012565,0.3941863401681722,0.2382205070145446,0.3184,1.5703517587939697
LR,53,2683,81.70932006835938,203.34427642822266,0.2062733599074056,0.32074534976951097,0.24635366795547411,0.3184,1.5703517587939697
LR,20,2684,95.53898620605469,595.5424957275391,0.14082960562153046,0.21890509336746708,0.1746119093681886,0.3184,1.5703517587939697
LR,0,2685,83.75555419921875,425.19984436035156,0.12423280355511891,0.23377212933048339,0.16540913963978876,0.3184,1.5703517587939697
LR,53,2686,82.06790161132812,829.6815497875214,0.1553756642784549,0.40335015662383383,0.18897711119857993,0.3184,1.5703517587939697
LR,27,2687,81.3848876953125,544.3095245361328,0.13205299810875928,0.22210739482414457,0.16229287369290216,0.3184,1.5703517587939697
LR,47,2688,76.75836181640625,355.9871520996094,0.19280587121979284,0.4710395075418095,0.24472612902620727,0.3184,1.5703517587939697
LR,54,2689,80.59957885742188,248.86438751220703,0.1518028933088186,0.32567189774355804,0.20675708544591934,0.3184,1.5703517587939697
LR,35,2690,103.50910568237305,201.76654052734375,0.07999067220338134,0.40221068001147703,0.38010941784590946,0.3184,1.5703517587939697
LR,39,2691,75.96221923828125,394.48828125,0.11722609270949677,0.5966226765494618,0.19888857815116828,0.3184,1.5703517587939697
LR,42,2692,81.94879150390625,324.44224548339844,0.22034421175905605,0.4492328600207556,0.2580271320172627,0.3184,1.5703517587939697
LR,34,2693,84.90339660644531,217.21313858032227,0.16961110688338127,0.2594891661322179,0.20241017535971964,0.3184,1.5703517587939697
LR,54,2694,96.51900815963745,530.1851348876953,0.2061637088653114,0.45471977611218517,0.2470844192778864,0.3184,1.5703517587939697
LR,14,2695,77.00436401367188,632.4055328369141,0.20736401990452535,0.3328598354257635,0.2250371418544452,0.3184,1.5703517587939697
LR,52,2696,97.48924255371094,1055.8236846923828,0.12991558313924184,0.41386846325629145,0.17260285842502612,0.3184,1.5703517587939697
LR,54,2697,80.6112060546875,334.6308898925781,0.2604696904678741,0.5353785163644338,0.34889268028196485,0.3184,1.5703517587939697
LR,52,2698,100.84040832519531,265.9385681152344,0.1426893133420201,0.19128072088503872,0.24682125644605876,0.3184,1.5703517587939697
LR,48,2699,75.37728881835938,512.2759552001953,0.16742648115486067,0.44505586836838235,0.22565110597767196,0.3184,1.5703517587939697
LR,39,2700,95.93335676193237,293.86661529541016,0.11773976750005888,0.21501776986598395,0.23897499846525666,0.3184,1.5703517587939697
LR,27,2701,98.77026081085205,355.19068717956543,0.3765207979223377,0.6022386490765286,0.4536154990009479,0.3184,1.5703517587939697
LR,13,2702,78.77238464355469,312.23065185546875,0.26174592402931757,0.34976406830905976,0.30881364667875094,0.3184,1.5703517587939697
LR,29,2703,81.548583984375,348.8783874511719,0.1324235313446933,0.2107197711937256,0.1850637691081349,0.3184,1.5703517587939697
LR,4,2704,80.91015625,442.97352600097656,0.15562144270463263,0.3296742901879699,0.19222057416992633,0.3184,1.5703517587939697
LR,55,2705,83.94662475585938,260.9340515136719,0.11337555011972605,0.27878797540363204,0.17694832917444656,0.3184,1.5703517587939697
LR,24,2706,101.14096069335938,472.7615280151367,0.09847028990590731,0.3290665387861062,0.17241942753310982,0.3184,1.5703517587939697
LR,51,2707,99.04713439941406,271.6834259033203,0.2831206229316415,0.36166459356367997,0.41611766333453165,0.3184,1.5703517587939697
LR,21,2708,104.49153137207031,205.325439453125,0.3037260029873884,0.5525745231692486,0.487822298770363,0.3184,1.5703517587939697
LR,53,2709,83.60641479492188,654.8018188476562,0.3818657152966386,0.527376066416203,0.32733637751001116,0.3184,1.5703517587939697
LR,20,2710,100.00779724121094,503.32745361328125,0.1693277514706983,0.4881923897857111,0.21980404288105956,0.3184,1.5703517587939697
LR,11,2711,95.15478515625,455.76829528808594,0.20104977766180562,0.31580222687725706,0.25381563954506964,0.3184,1.5703517587939697
LR,23,2712,98.85542297363281,514.5809631347656,0.17338663500768975,0.46359879279286387,0.21790039240623907,0.3184,1.5703517587939697
LR,29,2713,75.12234497070312,226.66815185546875,0.11121755560470242,0.16834011852339253,0.16554678544154705,0.3184,1.5703517587939697
LR,10,2714,77.36579895019531,523.4908599853516,0.1398330366877874,0.26778313145382365,0.18269128811117116,0.3184,1.5703517587939697
LR,48,2715,97.3778076171875,918.1812896728516,0.15841630573527285,0.33710767437923284,0.19096859331347416,0.3184,1.5703517587939697
LR,38,2716,100.98080444335938,276.71862030029297,0.17927300683230546,0.5773983181434248,0.2714544391083612,0.3184,1.5703517587939697
LR,33,2717,103.96638870239258,597.3555145263672,0.13447015732725512,0.3660825073926505,0.18199769768967028,0.3184,1.5703517587939697
LR,4,2718,78.24955749511719,400.60443115234375,0.16263911298758818,0.511574551977879,0.20851393048758096,0.3184,1.5703517587939697
LR,4,2719,98.64640808105469,369.9961853027344,0.28285314521590554,0.4056851744788639,0.34619091570561406,0.3184,1.5703517587939697
LR,53,2720,76.570556640625,337.0709228515625,0.39516072241938727,0.5419657812986447,0.3546588005067417,0.3184,1.5703517587939697
LR,22,2721,100.21562194824219,585.5166320800781,0.1841805942368856,0.45220679823937326,0.24688582470558618,0.3184,1.5703517587939697
LR,39,2722,79.89511108398438,400.1840171813965,0.18025947679680984,0.4597169146734884,0.2448125372156663,0.3184,1.5703517587939697
LR,52,2723,103.80418395996094,649.0216979980469,0.14207575358043703,0.24389297699771434,0.1853202921087651,0.3184,1.5703517587939697
LR,4,2724,78.85690307617188,432.3987731933594,0.12489251870451999,0.2851264996893867,0.17380379684348563,0.3184,1.5703517587939697
LR,41,2725,101.96259307861328,208.50454711914062,0.15029923500665857,0.5307735056562871,0.23475358567389118,0.3184,1.5703517587939697
LR,2,2726,83.66061401367188,379.1390838623047,0.18752086165214016,0.5546001363886727,0.278670644028942,0.3184,1.5703517587939697
LR,30,2727,103.75044250488281,280.4738464355469,0.11815138057301172,0.36437400846838464,0.2082988996664252,0.3184,1.5703517587939697
LR,20,2728,99.25982666015625,701.8778038024902,0.12190278193379597,0.20401150162396742,0.15193571442893727,0.3184,1.5703517587939697
LR,24,2729,79.38034057617188,259.3957824707031,0.45295171433967796,0.5871745703782616,0.44038287595771597,0.3184,1.5703517587939697
LR,32,2730,77.51113891601562,323.77452087402344,0.10311555440858454,0.47436752872721183,0.19867135599193558,0.3184,1.5703517587939697
LR,42,2731,103.51783752441406,617.6172943115234,0.10608964083905353,0.5107533950805973,0.1707601465703411,0.3184,1.5703517587939697
LR,21,2732,103.52442932128906,525.0747680664062,0.1309839491358688,0.19626335334728445,0.17178221294193347,0.3184,1.5703517587939697
LR,5,2733,77.67457580566406,381.84783935546875,0.3679761947204336,0.6061405446829085,0.3506431151712622,0.3184,1.5703517587939697
LR,51,2734,104.3019495010376,351.3448181152344,0.214603310330016,0.6566337402014574,0.252313151872612,0.3184,1.5703517587939697
LR,28,2735,76.94070434570312,230.15363311767578,0.09606578696682752,0.6880867587114923,0.25240077794517407,0.3184,1.5703517587939697
LR,17,2736,103.13510322570801,222.20574951171875,0.27065515716574273,0.5253225271330341,0.29897872426848066,0.3184,1.5703517587939697
LR,40,2737,103.28602600097656,221.84051513671875,0.2515412735992393,0.5490299283671266,0.31326526485045814,0.3184,1.5703517587939697
LR,4,2738,78.17803955078125,389.5047912597656,0.239400001486037,0.6766739339828055,0.35104575645666736,0.3184,1.5703517587939697
LR,8,2739,104.23891830444336,610.0898742675781,0.1320340895880811,0.2341755004876958,0.16516788235347932,0.3184,1.5703517587939697
LR,23,2740,101.5755615234375,387.0137023925781,0.2293463528375148,0.5360330934616127,0.29115114474090165,0.3184,1.5703517587939697
LR,50,2741,104.72155094146729,520.6134490966797,0.14729029393272414,0.321833975888007,0.1807671621569929,0.3184,1.5703517587939697
LR,25,2742,76.60629272460938,434.2254943847656,0.12022245038863208,0.18710710839887712,0.1576547536235843,0.3184,1.5703517587939697
LR,24,2743,79.59234619140625,357.6441764831543,0.17269973810576952,0.6154905470041752,0.24204306740002213,0.3184,1.5703517587939697
LR,25,2744,97.48818445205688,496.72579193115234,0.16646756141273308,0.3281959131876421,0.1989896321103387,0.3184,1.5703517587939697
LR,10,2745,79.7779541015625,661.2162780761719,0.12798742542740205,0.23898650331265647,0.16344181993981097,0.3184,1.5703517587939697
LR,48,2746,78.0509033203125,357.1114501953125,0.19900454841369888,0.41293498827007236,0.23538095728865038,0.3184,1.5703517587939697
LR,2,2747,79.48397827148438,285.11107444763184,0.11981288268568183,0.4569118972444956,0.21638508768826603,0.3184,1.5703517587939697
LR,49,2748,84.48741149902344,829.7781524658203,0.1518948963839796,0.25923558856328277,0.18009381515801934,0.3184,1.5703517587939697
LR,53,2749,84.93136596679688,466.9756622314453,0.23813982500043349,0.4534482165865457,0.2734445178963535,0.3184,1.5703517587939697
LR,20,2750,96.09071350097656,410.91043853759766,0.22511396044134557,0.5436152858581229,0.2875636452377629,0.3184,1.5703517587939697
LR,24,2751,75.07891845703125,381.9170227050781,0.17826715789153552,0.32431208800948996,0.20425301490214773,0.3184,1.5703517587939697
LR,38,2752,77.00436401367188,215.826904296875,0.30293601457134584,0.40174840318386185,0.2970022467452372,0.3184,1.5703517587939697
LR,38,2753,75.96221923828125,227.64227294921875,0.3751786674618282,0.5453540342336921,0.39490722603851325,0.3184,1.5703517587939697
LR,1,2754,100.64924621582031,313.49587631225586,0.16918723455036302,0.35504058762362434,0.22248900348019457,0.3184,1.5703517587939697
LR,53,2755,103.4544734954834,436.9205017089844,0.10202152763369268,0.3290958723742684,0.1563844724369027,0.3184,1.5703517587939697
LR,24,2756,95.77730989456177,202.067626953125,0.18188190460016998,0.21737041537841117,0.3272926193433398,0.3184,1.5703517587939697
LR,50,2757,83.81219482421875,337.05865478515625,0.11185579083319568,0.48859550412619496,0.23401557094797648,0.3184,1.5703517587939697
LR,32,2758,82.33782958984375,528.8488159179688,0.1408722161512272,0.47669645726160337,0.19640043156850787,0.3184,1.5703517587939697
LR,39,2759,77.19482421875,355.00684356689453,0.16181496178253688,0.4020522586814991,0.22282466720204844,0.3184,1.5703517587939697
LR,28,2760,97.48016357421875,320.09017181396484,0.18050470119675965,0.4449403103221572,0.2197533328670938,0.3184,1.5703517587939697
LR,20,2761,82.97998046875,333.7482604980469,0.31220706416006866,0.4700489490929909,0.4361419880340452,0.3184,1.5703517587939697
LR,41,2762,102.93045330047607,377.64710998535156,0.09763480290889179,0.3549640075725565,0.17064548969824836,0.3184,1.5703517587939697
LR,28,2763,83.2647705078125,569.0741348266602,0.14345854549197073,0.41578535494116364,0.19109022670119116,0.3184,1.5703517587939697
LR,26,2764,78.93405151367188,419.41387939453125,0.1432449478745338,0.5452716496111881,0.19752555735222677,0.3184,1.5703517587939697
LR,51,2765,103.39370632171631,276.18091201782227,0.13138121406824776,0.37010493666046634,0.182780897196393,0.3184,1.5703517587939697
LR,41,2766,79.67481994628906,449.6102600097656,0.1013030899517901,0.3356121733404161,0.16797934336526069,0.3184,1.5703517587939697
LR,6,2767,79.73495483398438,320.41011810302734,0.15471123844212656,0.56757030776325,0.22040533399970866,0.3184,1.5703517587939697
LR,17,2768,102.65341186523438,212.8311004638672,0.08844961224071482,0.7667996478488309,0.35841016841772416,0.3184,1.5703517587939697
LR,55,2769,99.75521850585938,749.9251728057861,0.14939094062238978,0.42613579100253846,0.20042361809864997,0.3184,1.5703517587939697
LR,53,2770,78.25390625,1020.5496520996094,0.16240127654836484,0.32022145425311466,0.19536086587043852,0.3184,1.5703517587939697
LR,46,2771,104.91783809661865,207.62188529968262,0.2413287274432509,0.5005454607375001,0.27571819035202405,0.3184,1.5703517587939697
LR,23,2772,81.548583984375,332.8232002258301,0.16269269939523562,0.5060261594135063,0.23011743839684348,0.3184,1.5703517587939697
LR,27,2773,99.42030429840088,653.5321655273438,0.1367786167083286,0.37761075015935014,0.18631807444908918,0.3184,1.5703517587939697
LR,20,2774,96.16937255859375,228.08876037597656,0.09716152925125347,0.4099387761985938,0.23918171393974325,0.3184,1.5703517587939697
LR,53,2775,104.67826843261719,225.9061164855957,0.1437830688967628,0.42905283049364823,0.29092876584811406,0.3184,1.5703517587939697
LR,18,2776,100.92292785644531,233.2060546875,0.22343722691663148,0.4536083378288953,0.25531000929462166,0.3184,1.5703517587939697
LR,14,2777,104.77354049682617,362.13636016845703,0.09649593892599573,0.5064892166939853,0.25206735308849376,0.3184,1.5703517587939697
LR,42,2778,98.84877014160156,360.80038833618164,0.19401747883424253,0.3089992591329322,0.2092282442286023,0.3184,1.5703517587939697
LR,29,2779,75.49447631835938,243.6313934326172,0.11424057656482497,0.43472086784814457,0.19252117326047016,0.3184,1.5703517587939697
LR,30,2780,101.24064636230469,327.7845764160156,0.1563309815490005,0.38000704909171357,0.1942675697847705,0.3184,1.5703517587939697
LR,13,2781,98.99668884277344,317.7998161315918,0.19547497376897938,0.48544059538716755,0.2573802894791821,0.3184,1.5703517587939697
LR,39,2782,96.69721984863281,204.1405029296875,0.3380271044930526,0.4654249461061911,0.3871897470445155,0.3184,1.5703517587939697
LR,52,2783,101.53498363494873,320.8387985229492,0.11426828941871393,0.39854700873652293,0.17595411422140142,0.3184,1.5703517587939697
LR,12,2784,100.81948757171631,606.8609161376953,0.12969651596413634,0.24270053508719963,0.16514050808615965,0.3184,1.5703517587939697
LR,52,2785,95.19363403320312,359.2407989501953,0.24295265858225598,0.3208579925692419,0.3000370051623307,0.3184,1.5703517587939697
LR,30,2786,77.64773559570312,362.13172912597656,0.1227060436250712,0.43427158124702947,0.18801641680392409,0.3184,1.5703517587939697
LR,55,2787,84.65371704101562,598.0419464111328,0.10471703106883352,0.5311515249838481,0.19297850706118252,0.3184,1.5703517587939697
LR,8,2788,101.31020641326904,295.6966552734375,0.22199816759162097,0.5684713848915747,0.29141344553228465,0.3184,1.5703517587939697
LR,41,2789,98.4083366394043,469.28248596191406,0.11324496000962146,0.1851821097379602,0.13802339630366767,0.3184,1.5703517587939697
LR,13,2790,102.68124389648438,424.7563781738281,0.1121360567008659,0.27185030080788314,0.15603825449035189,0.3184,1.5703517587939697
LR,44,2791,104.89332580566406,402.2550048828125,0.15963294983915957,0.28966802611643144,0.1876071782998905,0.3184,1.5703517587939697
LR,23,2792,97.78860473632812,584.1679077148438,0.13839717194404963,0.22675046116812655,0.16695158246852657,0.3184,1.5703517587939697
LR,8,2793,101.40902996063232,521.8412284851074,0.13876085051946854,0.262668801087327,0.17267321997870613,0.3184,1.5703517587939697
LR,55,2794,83.84896850585938,1016.6867828369141,0.15785929806954968,0.3029520093836586,0.1846777598443189,0.3184,1.5703517587939697
LR,44,2795,96.76539468765259,497.0547332763672,0.1255153049303338,0.22872271738804856,0.1470360882935047,0.3184,1.5703517587939697
LR,27,2796,97.29132270812988,358.7716827392578,0.25210382742263515,0.3936394919402283,0.27527211843801125,0.3184,1.5703517587939697
LR,44,2797,83.14100646972656,722.6938018798828,0.1741027565089191,0.46745197800946714,0.22980355472509245,0.3184,1.5703517587939697
LR,45,2798,75.25453186035156,270.852294921875,0.20218057353091867,0.5692690705195503,0.2589302019844777,0.3184,1.5703517587939697
LR,39,2799,80.74465942382812,222.55636596679688,0.09451029370488935,0.5737703479359547,0.1784252430670265,0.3184,1.5703517587939697
LR,26,2800,95.82553100585938,330.7647705078125,0.09974435682520201,0.16589558399784854,0.16952504496435977,0.3184,1.5703517587939697
LR,5,2801,100.21385192871094,619.1488494873047,0.13577065002749586,0.23598448456833704,0.1731784411234473,0.3184,1.5703517587939697
LR,45,2802,103.67265319824219,254.85235595703125,0.08910269082838289,0.14298788079430863,0.12708384022644809,0.3184,1.5703517587939697
LR,29,2803,99.5040283203125,309.9933090209961,0.2000658611116515,0.44433621823983444,0.24727124700111697,0.3184,1.5703517587939697
LR,53,2804,102.49325275421143,333.10479736328125,0.10799877413804382,0.3039510436098664,0.15217217893524917,0.3184,1.5703517587939697
LR,15,2805,102.39613342285156,489.88775634765625,0.17851346731201204,0.412949371985642,0.21644272091358266,0.3184,1.5703517587939697
LR,54,2806,102.70799160003662,462.5169372558594,0.1541473877218604,0.28218666915739776,0.1882895796885309,0.3184,1.5703517587939697
LR,8,2807,97.15705871582031,278.23690032958984,0.217433834623171,0.5903128281586976,0.28569952958070693,0.3184,1.5703517587939697
LR,4,2808,102.62016296386719,355.75042724609375,0.15260839676794952,0.4154885739918223,0.25270649213789553,0.3184,1.5703517587939697
LR,23,2809,97.56072998046875,760.1776962280273,0.13645903424044376,0.3059916553379203,0.1734346489573127,0.3184,1.5703517587939697
LR,51,2810,78.39614868164062,389.2256774902344,0.1777145776300117,0.26887492246960226,0.205191243115214,0.3184,1.5703517587939697
LR,32,2811,99.51969909667969,565.9784851074219,0.19181558918247288,0.4060419601953618,0.224127674044751,0.3184,1.5703517587939697
LR,33,2812,83.55538940429688,215.40725708007812,0.18326692482910972,0.2746603424220462,0.22727153851695645,0.3184,1.5703517587939697
LR,36,2813,75.44680786132812,416.9490966796875,0.15394772926696945,0.552205662598344,0.22221735511421548,0.3184,1.5703517587939697
LR,21,2814,82.59381103515625,218.58261108398438,0.37469543000444067,0.48355327457270036,0.39056428242323965,0.3184,1.5703517587939697
LR,12,2815,97.05708312988281,637.6676940917969,0.15589325151845085,0.5490543753911904,0.2255796217793235,0.3184,1.5703517587939697
LR,30,2816,98.97216796875,209.7454833984375,0.21109394627067865,0.4707853123866742,0.2622008439709988,0.3184,1.5703517587939697
LR,45,2817,83.88529968261719,659.9297103881836,0.1175679604480556,0.19466824180640713,0.16844823505834938,0.3184,1.5703517587939697
LR,45,2818,84.38322448730469,237.65118408203125,0.17395873866456324,0.4384413731250773,0.2350686813915832,0.3184,1.5703517587939697
LR,3,2819,77.79888916015625,583.2127208709717,0.13699809007235048,0.5325004844398674,0.18723462760670315,0.3184,1.5703517587939697
LR,38,2820,101.76875305175781,256.912841796875,0.11696148898762972,0.5837672403736309,0.24035306059555,0.3184,1.5703517587939697
LR,23,2821,101.78099060058594,456.91217041015625,0.16640414559058112,0.3432175399260955,0.20109821730101193,0.3184,1.5703517587939697
LR,45,2822,80.34039306640625,376.2771644592285,0.14637677799506,0.4015075987493089,0.20883239367938944,0.3184,1.5703517587939697
LR,3,2823,96.65363836288452,366.0849304199219,0.4112861197212155,0.5020864756256446,0.42644726833392016,0.3184,1.5703517587939697
LR,34,2824,101.04647541046143,459.3632354736328,0.09058873337727245,0.14550285759257625,0.1266031079320961,0.3184,1.5703517587939697
LR,21,2825,78.14651489257812,321.3290252685547,0.12059340343023625,0.17391482200061023,0.18215979294133036,0.3184,1.5703517587939697
LR,45,2826,82.635986328125,741.5381469726562,0.13644070227605884,0.3674140701458433,0.17420434445437732,0.3184,1.5703517587939697
LR,35,2827,76.28128051757812,425.1780090332031,0.11921583092819356,0.2121298282129876,0.1508073813938471,0.3184,1.5703517587939697
LR,35,2828,84.56047058105469,621.7039680480957,0.14376627501878703,0.3794149499596686,0.1856259580160015,0.3184,1.5703517587939697
LR,46,2829,95.65540742874146,254.14410400390625,0.3638919164857473,0.5300885407995738,0.4794957200886931,0.3184,1.5703517587939697
LR,32,2830,81.70344543457031,520.3159027099609,0.13734632933063315,0.46764754730284674,0.1944047423522127,0.3184,1.5703517587939697
LR,55,2831,102.55610656738281,399.19561767578125,0.09650678609274309,0.21443883715786302,0.16710839847049708,0.3184,1.5703517587939697
LR,9,2832,76.06367492675781,325.73876953125,0.12225442677049576,0.40270103503266536,0.1790437409742101,0.3184,1.5703517587939697
LR,25,2833,100.44558715820312,705.3769607543945,0.1281152699868237,0.2249385759291147,0.17174233799057478,0.3184,1.5703517587939697
LR,53,2834,104.20838832855225,231.291259765625,0.1160303672324151,0.43982178244495984,0.20718143413610937,0.3184,1.5703517587939697
LR,51,2835,84.11482238769531,262.7299041748047,0.22078136972988616,0.4877416811367519,0.2695061889700362,0.3184,1.5703517587939697
LR,44,2836,95.06862926483154,300.4058532714844,0.3224320080423573,0.5543238681396199,0.4267919121390955,0.3184,1.5703517587939697
LR,28,2837,80.40139770507812,537.7092132568359,0.12617960813110438,0.20460501228660086,0.1592325673525454,0.3184,1.5703517587939697
LR,38,2838,102.09535217285156,213.634521484375,0.19890807587521486,0.5322584243554654,0.34854611019900356,0.3184,1.5703517587939697
LR,43,2839,98.12947845458984,318.0166931152344,0.20667597351442538,0.46251140108736166,0.3063382474070137,0.3184,1.5703517587939697
LR,29,2840,76.06369018554688,207.07070922851562,0.10799956269406873,0.41467975457961975,0.27775324252186356,0.3184,1.5703517587939697
LR,43,2841,96.08389282226562,691.0892486572266,0.11288739873926319,0.4135701540450431,0.15793530506861903,0.3184,1.5703517587939697
LR,45,2842,104.69065856933594,382.88689041137695,0.14482809607507036,0.2675497898439753,0.17128285913204033,0.3184,1.5703517587939697
LR,25,2843,84.053955078125,653.0035095214844,0.12011841249867801,0.39272366124492886,0.1626625505456497,0.3184,1.5703517587939697
LR,39,2844,96.38631820678711,487.47666931152344,0.12316128774209438,0.3645599404548228,0.16026328444983462,0.3184,1.5703517587939697
LR,23,2845,98.66774559020996,489.20484161376953,0.14262409618336525,0.23465376328447954,0.17389160952527946,0.3184,1.5703517587939697
LR,35,2846,102.95857620239258,539.0987243652344,0.13007484589853469,0.3532087259021992,0.1714785707403892,0.3184,1.5703517587939697
LR,9,2847,104.23892211914062,295.0555191040039,0.1455844973556095,0.2936158891500615,0.1946108705170678,0.3184,1.5703517587939697
LR,55,2848,102.55610370635986,440.97377014160156,0.10763232637507794,0.1789393085318912,0.1255501246049419,0.3184,1.5703517587939697
LR,31,2849,96.87716245651245,472.7550048828125,0.11317571175266142,0.20058708241017928,0.13542023996839805,0.3184,1.5703517587939697
LR,5,2850,78.5784912109375,730.9509582519531,0.12552023862257303,0.39812491167780295,0.16868161922264963,0.3184,1.5703517587939697
LR,8,2851,83.26072692871094,520.7391309738159,0.1717913432941296,0.43899181239350105,0.21611684908190845,0.3184,1.5703517587939697
LR,29,2852,77.81570434570312,349.1374397277832,0.1702183894784065,0.5858100641765971,0.23963297678905351,0.3184,1.5703517587939697
LR,32,2853,79.41267395019531,309.6078796386719,0.24070560538871677,0.4840415864684944,0.2836882108507821,0.3184,1.5703517587939697
LR,13,2854,82.30464172363281,679.5434341430664,0.1380717827029877,0.25153210343303356,0.18994582187211043,0.3184,1.5703517587939697
LR,26,2855,83.21180725097656,300.9252471923828,0.22888237539503983,0.44121833431550445,0.25744272228285486,0.3184,1.5703517587939697
LR,48,2856,104.23123168945312,425.0884552001953,0.13089722213158106,0.2621638822302219,0.1804467246704199,0.3184,1.5703517587939697
LR,30,2857,79.90910339355469,425.2024841308594,0.14914655642793512,0.4102742726000633,0.2031029865764907,0.3184,1.5703517587939697
LR,6,2858,98.69498443603516,402.53147888183594,0.2428901100601363,0.5237069511321442,0.27493451888353526,0.3184,1.5703517587939697
LR,34,2859,97.78634262084961,473.36631774902344,0.11342784365681961,0.21350097248848007,0.14364480718207384,0.3184,1.5703517587939697
LR,46,2860,80.53800964355469,629.8054351806641,0.13284946865782965,0.3549683626406917,0.18408288719566868,0.3184,1.5703517587939697
LR,49,2861,81.52200317382812,251.18666982650757,0.1455545585383134,0.6420922820247877,0.2518818083997794,0.3184,1.5703517587939697
LR,38,2862,81.74114990234375,341.88819885253906,0.27332245780659253,0.4166756408018709,0.3145977478251593,0.3184,1.5703517587939697
LR,9,2863,96.89665222167969,427.77403259277344,0.20826064422736357,0.4281762137497184,0.2667000770296584,0.3184,1.5703517587939697
LR,5,2864,96.08389282226562,263.6835632324219,0.14287116584635415,0.4963491613044674,0.23842354085790607,0.3184,1.5703517587939697
LR,15,2865,100.72634983062744,430.36550092697144,0.11091063536170503,0.46074167476882166,0.18441757240269904,0.3184,1.5703517587939697
LR,49,2866,95.98979187011719,439.80670166015625,0.14711777147784186,0.22696998002227126,0.18365277184382459,0.3184,1.5703517587939697
LR,22,2867,99.96360778808594,215.4466552734375,0.08848534908089965,0.145673981631395,0.25300766026533955,0.3184,1.5703517587939697
LR,41,2868,99.79757308959961,409.2775650024414,0.11879333416610022,0.21246525083998669,0.16653647282770573,0.3184,1.5703517587939697
LR,55,2869,98.66559410095215,240.13153076171875,0.2906433437562771,0.49512338411144285,0.3147165221231608,0.3184,1.5703517587939697
LR,34,2870,102.60098266601562,604.6408157348633,0.14250414917526963,0.4716257954997713,0.1855919359758304,0.3184,1.5703517587939697
LR,55,2871,78.548095703125,765.0266189575195,0.13408894041794528,0.4981734808158503,0.24884331425890646,0.3184,1.5703517587939697
LR,0,2872,100.52777099609375,207.63903903961182,0.08097303227452504,0.3213836960772409,0.26488740327272237,0.3184,1.5703517587939697
LR,16,2873,78.53570556640625,431.5686950683594,0.12877973822166666,0.26819962236678657,0.1611713526188798,0.3184,1.5703517587939697
LR,15,2874,102.75843334197998,598.4893798828125,0.15740675949946,0.39273122427744606,0.20711233433922557,0.3184,1.5703517587939697
LR,11,2875,103.86247253417969,232.64894104003906,0.14299150599078006,0.5195299598952579,0.2288504721498191,0.3184,1.5703517587939697
LR,26,2876,79.82461547851562,535.3732604980469,0.12924917849635428,0.510193826666381,0.18010427368367846,0.3184,1.5703517587939697
LR,11,2877,79.84587097167969,466.2641906738281,0.255461746522583,0.5394764490838145,0.26474373537348117,0.3184,1.5703517587939697
LR,24,2878,81.11154174804688,790.0847473144531,0.12082073429193214,0.4143647186030907,0.1763651983455518,0.3184,1.5703517587939697
LR,24,2879,96.28397703170776,440.3745880126953,0.12314891440039556,0.561704761480619,0.21671106209231855,0.3184,1.5703517587939697
LR,48,2880,97.33787536621094,524.1048774719238,0.15479997357504263,0.4481119788312148,0.21053187712729576,0.3184,1.5703517587939697
LR,46,2881,96.28398132324219,826.1428291797638,0.16089041591015985,0.3310067747567277,0.19262753146472392,0.3184,1.5703517587939697
LR,30,2882,103.39370727539062,274.0141296386719,0.16639355642273357,0.48567935182544725,0.22110342027432425,0.3184,1.5703517587939697
LR,37,2883,98.74565410614014,371.22891998291016,0.14929037556281374,0.2685661587571287,0.1788939217758228,0.3184,1.5703517587939697
LR,9,2884,78.11082458496094,287.246337890625,0.1519202698097459,0.20892665362279164,0.1979458457198641,0.3184,1.5703517587939697
LR,6,2885,75.147705078125,403.2200927734375,0.11302405017531879,0.4399211032593938,0.16352678386082417,0.3184,1.5703517587939697
LR,11,2886,80.727783203125,326.31187438964844,0.2522550568426072,0.5015878051996409,0.2833282405188255,0.3184,1.5703517587939697
LR,5,2887,95.54595708847046,415.030517578125,0.15231515371016427,0.4860693960772327,0.22665027761685627,0.3184,1.5703517587939697
LR,9,2888,76.169921875,357.91261291503906,0.1276943902013261,0.3412612684435107,0.16968350181445765,0.3184,1.5703517587939697
LR,21,2889,80.80374145507812,578.1348724365234,0.132696836747121,0.43153605749627627,0.183612623562743,0.3184,1.5703517587939697
LR,25,2890,76.88438415527344,489.1672821044922,0.1309490424689725,0.2681024838137334,0.1571206689018094,0.3184,1.5703517587939697
LR,49,2891,100.88563919067383,383.8858184814453,0.21317465975032862,0.4747995104229389,0.263784965148549,0.3184,1.5703517587939697
LR,29,2892,79.38032531738281,525.0393829345703,0.12356013623144096,0.21283748217481396,0.15280233078590474,0.3184,1.5703517587939697
LR,45,2893,104.85229873657227,320.5479431152344,0.13947540919822063,0.3316501883974018,0.19105109795681474,0.3184,1.5703517587939697
LR,50,2894,96.72970581054688,1068.3852233886719,0.1424651316700714,0.3828973373705776,0.18082341509270275,0.3184,1.5703517587939697
LR,15,2895,80.15121459960938,420.9720153808594,0.25484234540045264,0.434908092247891,0.2651409558633709,0.3184,1.5703517587939697
LR,53,2896,96.49855041503906,413.44121170043945,0.19913371326443263,0.4947241288752191,0.24470054439894853,0.3184,1.5703517587939697
LR,46,2897,100.80447387695312,773.0474891662598,0.10485243568309784,0.35582228136920696,0.1727950145646471,0.3184,1.5703517587939697
LR,16,2898,103.50646018981934,508.79268646240234,0.10650789829174968,0.37600031782742377,0.17364239011702004,0.3184,1.5703517587939697
LR,19,2899,104.42251586914062,690.5287857055664,0.11102082700896679,0.3111770204052571,0.16293258367017616,0.3184,1.5703517587939697
LR,50,2900,101.06135559082031,888.6153106689453,0.13142128968207162,0.45360604679215577,0.17211777058654107,0.3184,1.5703517587939697
LR,5,2901,101.38294982910156,200.40887451171875,0.38126662777519693,0.5058372152471154,0.4872009157197543,0.3184,1.5703517587939697
LR,47,2902,78.00254821777344,567.0647354125977,0.148653796590733,0.29727875081935157,0.1798876199693461,0.3184,1.5703517587939697
LR,32,2903,100.1992073059082,516.1229934692383,0.09468911977024035,0.3070810688191899,0.13839742757224927,0.3184,1.5703517587939697
LR,36,2904,104.24383544921875,204.48495483398438,0.44586564731742123,0.6615657993819077,0.6580878335630609,0.3184,1.5703517587939697
LR,52,2905,96.27920436859131,434.18304443359375,0.08961772225790507,0.37848596297263754,0.18374455238478074,0.3184,1.5703517587939697
LR,44,2906,82.7396240234375,236.5485019683838,0.16833444601666905,0.6198121127175377,0.24686448003322495,0.3184,1.5703517587939697
LR,54,2907,80.40139770507812,579.238037109375,0.15090360199312747,0.314565288157436,0.19376461783502316,0.3184,1.5703517587939697
LR,47,2908,98.70685386657715,348.44374084472656,0.1903399761526769,0.44771927883556795,0.23734745555980702,0.3184,1.5703517587939697
LR,14,2909,100.0605239868164,426.4282832145691,0.11910596994793538,0.4727282578634593,0.18400203243577404,0.3184,1.5703517587939697
LR,35,2910,84.92605590820312,259.84864044189453,0.16083947154202452,0.4692047207797932,0.2646649535798855,0.3184,1.5703517587939697
LR,5,2911,103.92624950408936,616.0995359420776,0.14600648490994872,0.450401132494754,0.19774214678279378,0.3184,1.5703517587939697
LR,48,2912,83.60842895507812,971.3660430908203,0.18378718123183785,0.40016420422886084,0.21335547801737015,0.3184,1.5703517587939697
LR,51,2913,80.66896057128906,440.5062255859375,0.11057145399635407,0.4511332727712203,0.198298044041114,0.3184,1.5703517587939697
LR,48,2914,100.76260471343994,359.381591796875,0.16758862346428688,0.5093632960595549,0.23417848246113387,0.3184,1.5703517587939697
LR,12,2915,98.67265033721924,279.80364990234375,0.15539734310354075,0.3445279563536552,0.18150304519328647,0.3184,1.5703517587939697
LR,42,2916,96.70906066894531,599.9419326782227,0.10929503461624143,0.16858842057457094,0.15762319803935274,0.3184,1.5703517587939697
LR,35,2917,84.03178405761719,520.1295013427734,0.17412636987035213,0.4286928498034554,0.21919164536388477,0.3184,1.5703517587939697
LR,37,2918,80.13441467285156,263.130126953125,0.23667628402279045,0.5477254691666853,0.2901835282203471,0.3184,1.5703517587939697
LR,17,2919,78.61705017089844,443.0479736328125,0.1274977975181946,0.3151801846646889,0.16471579985349005,0.3184,1.5703517587939697
LR,19,2920,80.35223388671875,619.5029907226562,0.12837145696808858,0.4230941399220464,0.17901444182519585,0.3184,1.5703517587939697
LR,10,2921,104.48353481292725,285.357421875,0.3708963611325448,0.5626053585026877,0.37002599645201545,0.3184,1.5703517587939697
LR,35,2922,100.81396389007568,415.7874450683594,0.11249979575741208,0.18985626949118414,0.13138705361970593,0.3184,1.5703517587939697
LR,55,2923,83.34635925292969,543.7628173828125,0.19156041085122646,0.3902621092446407,0.2183013409117692,0.3184,1.5703517587939697
LR,55,2924,75.42724609375,542.0785827636719,0.1908057770553197,0.3615836153638761,0.2178679475624202,0.3184,1.5703517587939697
LR,26,2925,81.02783203125,567.4378662109375,0.12529476830311312,0.4306436626031558,0.17945350709942887,0.3184,1.5703517587939697
LR,26,2926,103.07497119903564,634.0892028808594,0.13712877982841642,0.3841970066835661,0.19176928283320818,0.3184,1.5703517587939697
LR,23,2927,100.32717323303223,561.7643098831177,0.11551922475215293,0.2974828387446806,0.16626373006595227,0.3184,1.5703517587939697
LR,0,2928,97.63263320922852,211.68181610107422,0.27445590729220154,0.3765017916628104,0.31272709468648097,0.3184,1.5703517587939697
LR,37,2929,84.61148071289062,407.10585021972656,0.1261231702784833,0.41166953411596285,0.18001591599418296,0.3184,1.5703517587939697
LR,3,2930,100.95985889434814,442.31622314453125,0.22640339146944313,0.48987074881656917,0.26932885319225974,0.3184,1.5703517587939697
LR,37,2931,101.07038879394531,765.6568145751953,0.11718792253814335,0.19164929516654922,0.14302720029976554,0.3184,1.5703517587939697
LR,4,2932,103.22892761230469,514.3510131835938,0.2940474815748102,0.4730066428765891,0.3160820117431852,0.3184,1.5703517587939697
LR,26,2933,100.34156894683838,275.27471923828125,0.21990378715111253,0.260771871937968,0.40605592813340097,0.3184,1.5703517587939697
LR,45,2934,98.68583393096924,436.65557861328125,0.12722712317287144,0.22406510085213616,0.14333043898444722,0.3184,1.5703517587939697
LR,37,2935,76.06369018554688,256.7373352050781,0.3026519298606078,0.4525591485321655,0.31412346852711326,0.3184,1.5703517587939697
LR,49,2936,76.26234436035156,1045.5223083496094,0.12373486283024177,0.24112339066334354,0.16006924789135565,0.3184,1.5703517587939697
LR,37,2937,103.52443408966064,205.975341796875,0.23412402247968328,0.6095459887862172,0.3343077121737233,0.3184,1.5703517587939697
LR,5,2938,99.18013000488281,395.89964294433594,0.2030134822116074,0.4948428704288046,0.2626989729394688,0.3184,1.5703517587939697
LR,35,2939,83.15800476074219,715.5033874511719,0.13171039156943692,0.4197358248875324,0.18167660054093437,0.3184,1.5703517587939697
LR,8,2940,83.48098754882812,246.58502197265625,0.12464611658221988,0.2947701386102889,0.15097155646765087,0.3184,1.5703517587939697
LR,44,2941,78.4244384765625,258.658935546875,0.26786349789690056,0.44124486928153916,0.30084635008091903,0.3184,1.5703517587939697
LR,31,2942,101.06594848632812,763.8867950439453,0.18107534988981078,0.32470971530484893,0.19654021809484862,0.3184,1.5703517587939697
LR,43,2943,81.92474365234375,299.8780212402344,0.2680806124296967,0.5636629534982316,0.3107054201982281,0.3184,1.5703517587939697
LR,48,2944,80.4173583984375,303.74855613708496,0.20092705176623737,0.47362973675681463,0.26513080393583116,0.3184,1.5703517587939697
LR,54,2945,101.53498363494873,256.48431396484375,0.19875830615219556,0.5691228134142314,0.307353661684655,0.3184,1.5703517587939697
LR,36,2946,81.42282104492188,219.17987060546875,0.3025746625614927,0.49975460671640265,0.33168486827457966,0.3184,1.5703517587939697
LR,36,2947,78.68978881835938,525.3935852050781,0.10511452122557914,0.49948185600096795,0.16779364529929125,0.3184,1.5703517587939697
LR,20,2948,102.28463935852051,227.7098217010498,0.19939729449238874,0.5149775023932055,0.35331291321117114,0.3184,1.5703517587939697
LR,40,2949,97.31479167938232,267.8152770996094,0.11521462185836948,0.19359094116037132,0.22102939578643366,0.3184,1.5703517587939697
LR,24,2950,96.77879333496094,276.49267578125,0.08981524514867614,0.13720903868329914,0.19714705929208542,0.3184,1.5703517587939697
LR,54,2951,103.02410793304443,233.16705322265625,0.16397313307183853,0.5134222622696637,0.2189295194288567,0.3184,1.5703517587939697
LR,11,2952,75.25454711914062,305.5343017578125,0.17125412758846834,0.46307899857685864,0.24200484199469088,0.3184,1.5703517587939697
LR,45,2953,100.86416625976562,642.6517753601074,0.10522689779376741,0.16485983353801642,0.13762055726172215,0.3184,1.5703517587939697
LR,54,2954,99.20466613769531,947.6934204101562,0.12825258845549858,0.38321606797420094,0.16853087258103677,0.3184,1.5703517587939697
LR,40,2955,82.50485229492188,254.3459701538086,0.27364281807893126,0.5017410266817637,0.39730443948419586,0.3184,1.5703517587939697
LR,24,2956,99.53291416168213,634.5332641601562,0.1406733933065975,0.4934886655325298,0.20782190550384272,0.3184,1.5703517587939697
LR,13,2957,96.00819778442383,452.9895782470703,0.13788165884916606,0.21416826106943174,0.2333290700133961,0.3184,1.5703517587939697
LR,44,2958,97.70679903030396,287.2970275878906,0.2463553052975896,0.4122627356972177,0.31461375311449213,0.3184,1.5703517587939697
LR,33,2959,81.55303955078125,304.05828857421875,0.16352480027350558,0.4911590360825454,0.25202509910580256,0.3184,1.5703517587939697
LR,0,2960,102.29203510284424,364.3705143928528,0.16947634827249677,0.5056273628255789,0.2526065656636536,0.3184,1.5703517587939697
LR,33,2961,102.5797529220581,416.8986358642578,0.08975913139883362,0.1427254425840456,0.11846539761525982,0.3184,1.5703517587939697
LR,37,2962,103.57173156738281,576.4433212280273,0.15191842934395006,0.3198019072601096,0.17867056044451599,0.3184,1.5703517587939697
LR,16,2963,77.32527160644531,559.3114624023438,0.15056179820817236,0.28930117690562107,0.1925644768736723,0.3184,1.5703517587939697
LR,28,2964,103.70176696777344,617.1943969726562,0.12320403473420143,0.2389311414315377,0.16074484847623446,0.3184,1.5703517587939697
LR,8,2965,76.71597290039062,445.1977233886719,0.18122222638389346,0.3307323119725577,0.20726350817198516,0.3184,1.5703517587939697
LR,38,2966,97.09593963623047,466.1052703857422,0.1156805093683634,0.34955992636168765,0.1589335133289682,0.3184,1.5703517587939697
LR,7,2967,99.46198558807373,464.5930824279785,0.160637145579934,0.30091380593799577,0.2056108924971249,0.3184,1.5703517587939697
LR,54,2968,97.20063161849976,701.1005306243896,0.1544069932287403,0.3234504857579647,0.18824237546100236,0.3184,1.5703517587939697
LR,21,2969,102.94361877441406,332.80670166015625,0.20762981004647202,0.3163617290959585,0.2245405094118042,0.3184,1.5703517587939697
LR,14,2970,80.30160522460938,436.9040985107422,0.137174409040286,0.3695892090424712,0.1773474353233577,0.3184,1.5703517587939697
LR,33,2971,102.21327209472656,310.5419921875,0.33149166599484503,0.4264501694894184,0.33630056655159074,0.3184,1.5703517587939697
LR,36,2972,102.06189441680908,388.16099548339844,0.12173585393087381,0.20362052001072523,0.143539660979486,0.3184,1.5703517587939697
LR,25,2973,99.38115119934082,661.6847839355469,0.13825258138864097,0.3983210619572924,0.19982075339420538,0.3184,1.5703517587939697
LR,38,2974,100.99827671051025,566.2418518066406,0.1507447049583497,0.4274390077711426,0.20104084009959639,0.3184,1.5703517587939697
LR,21,2975,77.1702880859375,252.91925048828125,0.1270105165443307,0.2097868730855874,0.1732425614454083,0.3184,1.5703517587939697
LR,26,2976,104.93342590332031,337.98631286621094,0.33549598398897845,0.529742322114055,0.3610106711022496,0.3184,1.5703517587939697
LR,7,2977,104.15922546386719,327.6758003234863,0.15035606865425857,0.4944563952583757,0.2082750626900793,0.3184,1.5703517587939697
LR,35,2978,95.3885087966919,256.98193740844727,0.21001280068677194,0.49071213294724036,0.23147157049325828,0.3184,1.5703517587939697
LR,47,2979,81.61497497558594,1016.4508514404297,0.13836253720603547,0.39886437771739425,0.18174100615901484,0.3184,1.5703517587939697
LR,37,2980,78.18963623046875,505.5360870361328,0.10341775895826533,0.3468002074221803,0.16197150285738668,0.3184,1.5703517587939697
LR,39,2981,83.46417236328125,257.2745041847229,0.19453936368149655,0.4959589574081014,0.2635274004251415,0.3184,1.5703517587939697
LR,27,2982,101.20618057250977,540.2897605895996,0.151532096350283,0.41616705878174537,0.20986477219269742,0.3184,1.5703517587939697
LR,24,2983,97.25245666503906,582.8695983886719,0.15737302644668313,0.24215861097605812,0.18142551040576257,0.3184,1.5703517587939697
LR,48,2984,79.48397827148438,713.6732025146484,0.12545904181949272,0.43553032864767927,0.19627837326623734,0.3184,1.5703517587939697
LR,3,2985,102.18927383422852,397.1933288574219,0.1614357497254603,0.33205959638122234,0.20403070107079485,0.3184,1.5703517587939697
LR,55,2986,79.88619995117188,716.6278076171875,0.11010315849642921,0.1768835361252734,0.1583700226039774,0.3184,1.5703517587939697
LR,1,2987,84.18319702148438,443.94932556152344,0.1254967316002663,0.22744406387356134,0.16484461664973724,0.3184,1.5703517587939697
LR,45,2988,103.17366027832031,450.6852722167969,0.11521913955742576,0.4519139369541564,0.18547109293443886,0.3184,1.5703517587939697
LR,54,2989,96.20901489257812,206.412109375,0.3071709253882805,0.5253691426934776,0.36637568967275747,0.3184,1.5703517587939697
LR,10,2990,83.47503662109375,254.02139282226562,0.33316156253881674,0.5687629009270291,0.35685674992461125,0.3184,1.5703517587939697
LR,42,2991,103.06626892089844,302.6676330566406,0.18021646413515907,0.5622393051015957,0.2518666711801497,0.3184,1.5703517587939697
LR,44,2992,102.52960205078125,422.9127197265625,0.10762233212718361,0.17277487091899535,0.1347085912553739,0.3184,1.5703517587939697
LR,53,2993,95.95632219314575,233.77667808532715,0.23304303033023446,0.5849752567099097,0.2959185223914743,0.3184,1.5703517587939697
LR,23,2994,102.02666282653809,406.3024835586548,0.14393312534813585,0.21640750200954856,0.18464711078122126,0.3184,1.5703517587939697
LR,6,2995,78.07014465332031,312.96028327941895,0.0975921526301528,0.19197757020784934,0.13696037893479762,0.3184,1.5703517587939697
LR,39,2996,102.58851432800293,201.4168701171875,0.25228466158294044,0.5016778242829029,0.2964021734325669,0.3184,1.5703517587939697
LR,33,2997,99.34997749328613,566.8136825561523,0.10245846490735305,0.36638250495550034,0.16927300167645537,0.3184,1.5703517587939697
LR,26,2998,99.07106304168701,222.6226806640625,0.30349287819343806,0.41665522813136496,0.25950671861027325,0.3184,1.5703517587939697
LR,49,2999,103.25141906738281,491.5557861328125,0.19421662700370187,0.3588787678104148,0.22176365739990994,0.3184,1.5703517587939697
LR,17,3000,99.30439472198486,241.98291015625,0.16837122180808023,0.2207679128961307,0.22304618721648528,0.3184,1.5703517587939697
LR,25,3001,104.22138977050781,239.13531494140625,0.24252005132881113,0.5407519328513122,0.29596333688025517,0.3184,1.5703517587939697
LR,47,3002,75.89010620117188,295.6530532836914,0.1706801659661353,0.3567833422285572,0.22315449693528924,0.3184,1.5703517587939697
LR,36,3003,95.47656345367432,595.1275024414062,0.14740857368860943,0.4153313196281892,0.19707981870060987,0.3184,1.5703517587939697
LR,37,3004,81.07293701171875,573.3258972167969,0.11216070087493502,0.31450321990365826,0.14813595419584555,0.3184,1.5703517587939697
LR,18,3005,104.0377779006958,203.48431396484375,0.10893767717317114,0.1646641016397832,0.18859207159208316,0.3184,1.5703517587939697
LR,55,3006,78.34028625488281,436.9071044921875,0.1649854122992165,0.47948715034343936,0.2471166967506859,0.3184,1.5703517587939697
LR,52,3007,75.67207336425781,604.4366025924683,0.1648199568607983,0.4643245647359887,0.2153942947775912,0.3184,1.5703517587939697
LR,37,3008,75.77589416503906,457.8667297363281,0.1063624430990842,0.37828871955702953,0.17261057911383804,0.3184,1.5703517587939697
LR,21,3009,78.20610046386719,319.22664642333984,0.14110927475335008,0.42322968944048556,0.20199805261490011,0.3184,1.5703517587939697
LR,10,3010,84.36026000976562,363.78839111328125,0.34530639116316,0.4301404331477686,0.340812206828998,0.3184,1.5703517587939697
LR,13,3011,102.67472171783447,631.1920623779297,0.12088742761652596,0.3445114802504661,0.16565600762005123,0.3184,1.5703517587939697
LR,18,3012,97.02763557434082,224.61113739013672,0.25943841930074313,0.4971844612148869,0.32223897858958434,0.3184,1.5703517587939697
LR,44,3013,76.7730712890625,203.6261863708496,0.1579235076472316,0.43332196360559805,0.21289338526634968,0.3184,1.5703517587939697
LR,22,3014,82.50485229492188,227.1663818359375,0.16403677289850985,0.2697066941290623,0.19645095707273497,0.3184,1.5703517587939697
LR,54,3015,101.9117431640625,434.2138557434082,0.14388483660255058,0.5004944032322485,0.19238432092999716,0.3184,1.5703517587939697
LR,40,3016,81.41259765625,553.2061920166016,0.13262064821286712,0.32506006722782593,0.16612778200287173,0.3184,1.5703517587939697
LR,34,3017,82.04988098144531,243.27395629882812,0.1006905825303429,0.5170465009413016,0.17394112024736774,0.3184,1.5703517587939697
LR,55,3018,95.02828979492188,257.0283203125,0.2437167175762527,0.6709312457243924,0.2917914982685143,0.3184,1.5703517587939697
LR,35,3019,95.80592346191406,352.0012512207031,0.15934359151664,0.34350058001143674,0.19401858976585687,0.3184,1.5703517587939697
LR,39,3020,99.35983276367188,537.6283416748047,0.14033811456797046,0.5415415884402267,0.21285842132644328,0.3184,1.5703517587939697
LR,52,3021,80.78147888183594,296.91477966308594,0.18578826384780933,0.6070430918351151,0.2672920953013839,0.3184,1.5703517587939697
LR,15,3022,84.84367370605469,512.7549133300781,0.13120637524081355,0.27494142647612674,0.1576190316695463,0.3184,1.5703517587939697
LR,55,3023,81.29315185546875,266.4949035644531,0.1072454566695269,0.5621119397105153,0.19732029965720968,0.3184,1.5703517587939697
LR,21,3024,104.43650531768799,340.04940032958984,0.13131844922205302,0.36393285615867293,0.17554695577231239,0.3184,1.5703517587939697
LR,15,3025,95.38850402832031,210.705810546875,0.2457173175894895,0.6272242691536012,0.3092124688919284,0.3184,1.5703517587939697
LR,26,3026,75.73384094238281,354.2631034851074,0.20469021942771412,0.4307520505452671,0.24988616360704455,0.3184,1.5703517587939697
LR,51,3027,82.25596618652344,377.72393798828125,0.1978446009901482,0.4981961121225895,0.2428295017328872,0.3184,1.5703517587939697
LR,6,3028,76.15786743164062,246.91665649414062,0.37767703570864697,0.5782114662433769,0.3468180337244573,0.3184,1.5703517587939697
LR,41,3029,103.8883638381958,366.55078125,0.10762274486176883,0.17144658758133594,0.14298557561014075,0.3184,1.5703517587939697
LR,29,3030,103.53997802734375,299.18426513671875,0.12875143313867812,0.35947020992158674,0.19088739942509994,0.3184,1.5703517587939697
LR,43,3031,78.86697387695312,376.6241760253906,0.09779227045453887,0.30519407193325093,0.1487207458266216,0.3184,1.5703517587939697
LR,21,3032,77.14096069335938,640.8732604980469,0.118389711313545,0.21793743247282304,0.1483746656568066,0.3184,1.5703517587939697
LR,41,3033,81.9320068359375,203.90692138671875,0.2707094258666892,0.43800939432133085,0.3185952976848934,0.3184,1.5703517587939697
LR,53,3034,97.20530700683594,292.3817138671875,0.4088691911909062,0.48836942332826516,0.5553615270473893,0.3184,1.5703517587939697
LR,49,3035,96.88095092773438,322.9606399536133,0.084260148531211,0.6133303717700914,0.2467038376750711,0.3184,1.5703517587939697
LR,9,3036,77.25381469726562,357.7568588256836,0.13146153970819602,0.5406309054908459,0.2181240181208573,0.3184,1.5703517587939697
LR,1,3037,96.48731994628906,563.2071228027344,0.19995310340065967,0.3997907863742168,0.22444164958575022,0.3184,1.5703517587939697
LR,36,3038,100.50637722015381,342.7080993652344,0.1335032630936165,0.20007007269297708,0.17599994376796896,0.3184,1.5703517587939697
LR,26,3039,104.74546718597412,482.30773162841797,0.18656979838623627,0.535077867898364,0.24626327446820584,0.3184,1.5703517587939697
LR,28,3040,75.78251647949219,344.5852527618408,0.17537755837122135,0.3591870421925397,0.22380752470575194,0.3184,1.5703517587939697
LR,10,3041,76.77107238769531,374.3789978027344,0.12141488945895187,0.3319335962780818,0.16022134744918415,0.3184,1.5703517587939697
LR,27,3042,102.24026489257812,653.6736145019531,0.12372224860031969,0.23400284216924605,0.15612349660134314,0.3184,1.5703517587939697
LR,37,3043,84.73013305664062,228.15521240234375,0.27284444665259056,0.41251826097112393,0.3122731959478525,0.3184,1.5703517587939697
LR,11,3044,82.56930541992188,222.210205078125,0.1307570923014436,0.5194538681113777,0.18545829965747068,0.3184,1.5703517587939697
LR,16,3045,97.29132270812988,705.7203979492188,0.14297707767223397,0.38261273159320697,0.1884916463011301,0.3184,1.5703517587939697
LR,23,3046,99.28317260742188,512.1358947753906,0.19864146690651183,0.477596137312504,0.24789347911673162,0.3184,1.5703517587939697
LR,9,3047,95.60845947265625,303.8293151855469,0.24401683939449245,0.4687939855623869,0.38077604457596326,0.3184,1.5703517587939697
LR,50,3048,100.60386657714844,268.76837158203125,0.19460450353606815,0.5273329938182053,0.26428851224032246,0.3184,1.5703517587939697
LR,20,3049,102.09535217285156,255.07122802734375,0.32457461065571597,0.40411863374504614,0.3860988052247308,0.3184,1.5703517587939697
LR,17,3050,95.81679821014404,286.4950866699219,0.16341721644554774,0.3962073104646435,0.196435630264593,0.3184,1.5703517587939697
LR,11,3051,75.02508544921875,400.88160705566406,0.1580853027536885,0.5920111249885258,0.271513552196387,0.3184,1.5703517587939697
LR,20,3052,102.17209148406982,234.36328125,0.10651057124086394,0.2568172058419466,0.18085610368624327,0.3184,1.5703517587939697
LR,34,3053,102.45075511932373,575.0956268310547,0.1387925972889064,0.3401009988548178,0.1780252130868749,0.3184,1.5703517587939697
LR,43,3054,77.57330322265625,548.5117340087891,0.18831278898244685,0.4609928683593103,0.22615278013021015,0.3184,1.5703517587939697
LR,45,3055,100.00779819488525,409.4002685546875,0.12884919941652506,0.22755194224975694,0.15543572466648395,0.3184,1.5703517587939697
LR,24,3056,103.14308643341064,641.8959350585938,0.14273351085474592,0.4459708017567996,0.19635667059679943,0.3184,1.5703517587939697
LR,49,3057,102.510085105896,335.7176208496094,0.13849078790299282,0.2921053016703833,0.20570642468373077,0.3184,1.5703517587939697
LR,1,3058,77.78363037109375,725.1811218261719,0.12836605339711418,0.24243854096356454,0.1625692950550838,0.3184,1.5703517587939697
LR,6,3059,97.48432445526123,336.6107482910156,0.21813055577962243,0.36353118753101793,0.269499403862485,0.3184,1.5703517587939697
LR,51,3060,97.30502557754517,521.5516357421875,0.18058520081680518,0.3557761883918558,0.21533985187059118,0.3184,1.5703517587939697
LR,8,3061,79.84587097167969,297.1363220214844,0.24270129182885555,0.49026117839690575,0.2823787009567158,0.3184,1.5703517587939697
LR,46,3062,103.12147521972656,693.1652297973633,0.1575563675184227,0.47417652578858027,0.20699289447620042,0.3184,1.5703517587939697
LR,1,3063,103.13510322570801,205.52268981933594,0.2685800900696651,0.5134985147333501,0.3188858294888906,0.3184,1.5703517587939697
LR,37,3064,99.49814319610596,383.23229217529297,0.14334183594916564,0.44102062231951306,0.20627624255541202,0.3184,1.5703517587939697
LR,17,3065,81.23538208007812,753.619873046875,0.12024050554596771,0.45755293831428856,0.17617978433671524,0.3184,1.5703517587939697
LR,30,3066,80.59112548828125,454.05181884765625,0.29180692594372404,0.6251712953247831,0.4226677456890501,0.3184,1.5703517587939697
LR,3,3067,98.19744873046875,497.7198181152344,0.27164007041913485,0.450433319215267,0.28527271310061375,0.3184,1.5703517587939697
LR,5,3068,100.58732795715332,672.9165802001953,0.14118685271291206,0.3672739377216271,0.18667069418288107,0.3184,1.5703517587939697
LR,46,3069,82.64834594726562,705.2792358398438,0.25301198663800606,0.5650415594262711,0.3018219091524344,0.3184,1.5703517587939697
LR,2,3070,100.71317386627197,209.41253662109375,0.32982112605618324,0.41852953474220894,0.40463025475242037,0.3184,1.5703517587939697
LR,12,3071,80.13441467285156,334.74586486816406,0.32908645851130025,0.45117417658375353,0.35412992328198,0.3184,1.5703517587939697
LR,53,3072,97.33787536621094,1056.2397155761719,0.13418198660282007,0.42454712993264715,0.18241870823294906,0.3184,1.5703517587939697
LR,5,3073,99.78216552734375,274.370849609375,0.1013340222868853,0.5813164981664786,0.20571124850909,0.3184,1.5703517587939697
LR,31,3074,82.30464172363281,599.6937866210938,0.12326305510555519,0.21596234139833673,0.14355735588445773,0.3184,1.5703517587939697
LR,16,3075,75.96221923828125,238.24423217773438,0.3241453630352321,0.6103861502116725,0.4412544694901614,0.3184,1.5703517587939697
LR,40,3076,78.57257080078125,669.9972152709961,0.1107806237874633,0.48559445287116515,0.21747210371016176,0.3184,1.5703517587939697
LR,25,3077,96.58115434646606,458.8020782470703,0.11310630028157588,0.39131082903536946,0.18730722328527274,0.3184,1.5703517587939697
LR,48,3078,84.29022216796875,465.6022644042969,0.24337848723407018,0.4961768991986027,0.26467651338322906,0.3184,1.5703517587939697
LR,27,3079,96.0716552734375,528.1476745605469,0.11970444811217867,0.2310022461983284,0.15704578258485175,0.3184,1.5703517587939697
LR,45,3080,84.29022216796875,391.8258056640625,0.2416699967250298,0.43382809588449067,0.28611487125193613,0.3184,1.5703517587939697
LR,3,3081,81.77780151367188,300.6806311607361,0.2581006848923079,0.6481710808880841,0.2979186589111772,0.3184,1.5703517587939697
LR,20,3082,99.42243957519531,436.09102630615234,0.26171333796523505,0.40220544676609205,0.27855134151846944,0.3184,1.5703517587939697
LR,46,3083,80.53802490234375,273.48420333862305,0.15490404468245386,0.35437723999506926,0.20220967545029178,0.3184,1.5703517587939697
LR,48,3084,79.44819641113281,264.85546875,0.20619314864384208,0.38369125230421075,0.24107513760367486,0.3184,1.5703517587939697
LR,53,3085,76.1990966796875,296.6792755126953,0.1873459760329229,0.4053558642564621,0.2333196409956062,0.3184,1.5703517587939697
LR,22,3086,100.99827671051025,338.6641616821289,0.3321739190652545,0.4621762735635614,0.33487225031440254,0.3184,1.5703517587939697
LR,48,3087,102.26544189453125,707.5946235656738,0.10999625364754718,0.26567974879361533,0.13848985453999255,0.3184,1.5703517587939697
LR,16,3088,104.14070129394531,542.0147094726562,0.15078907093407892,0.2630888951109589,0.18484317200801711,0.3184,1.5703517587939697
LR,33,3089,75.38636779785156,278.9958038330078,0.17965352024843906,0.41298465637809073,0.2212816005539226,0.3184,1.5703517587939697
LR,52,3090,84.31991577148438,290.11336517333984,0.1811230731976052,0.4767859748213863,0.25098543575273913,0.3184,1.5703517587939697
LR,10,3091,82.97679138183594,366.3221130371094,0.3017988358453297,0.507568927803414,0.3235535191105093,0.3184,1.5703517587939697
LR,46,3092,83.17730712890625,655.6343688964844,0.24463135731413654,0.47839531623516135,0.27741238853597866,0.3184,1.5703517587939697
LR,1,3093,99.02716064453125,229.61199951171875,0.28103799642941857,0.5649713060926037,0.34832618944987664,0.3184,1.5703517587939697
LR,31,3094,77.24908447265625,247.197021484375,0.2331910883542062,0.38219845484916204,0.24657037653655972,0.3184,1.5703517587939697
LR,2,3095,78.23124694824219,375.71324157714844,0.16287923105161065,0.3300420258168417,0.18909475543798876,0.3184,1.5703517587939697
LR,22,3096,95.02067232131958,666.5814414024353,0.11366109086431485,0.19928130341994438,0.16200058048916866,0.3184,1.5703517587939697
LR,43,3097,78.68978881835938,574.3983459472656,0.19232193786219764,0.4934273054076668,0.23641764753238387,0.3184,1.5703517587939697
LR,38,3098,84.600830078125,480.9259262084961,0.1590277074792366,0.47703890048279846,0.22349055940944182,0.3184,1.5703517587939697
LR,13,3099,100.50799560546875,572.1699829101562,0.1939218957647198,0.5080221918211965,0.25269626934317985,0.3184,1.5703517587939697
LR,34,3100,84.05929565429688,465.30590057373047,0.15789659571620387,0.5361948642387886,0.23668032867336572,0.3184,1.5703517587939697
LR,11,3101,77.1702880859375,287.44781494140625,0.35176390050936696,0.6180662046540917,0.354975777817294,0.3184,1.5703517587939697
LR,49,3102,96.54549837112427,276.50787353515625,0.1530965600345829,0.5507145856164346,0.23810491608796536,0.3184,1.5703517587939697
LR,40,3103,100.44558715820312,762.9585704803467,0.17147995865829285,0.3720524453953902,0.20230146377222655,0.3184,1.5703517587939697
LR,54,3104,79.80079650878906,746.9401931762695,0.17705746231460462,0.49206754404107506,0.2339490003633092,0.3184,1.5703517587939697
LR,35,3105,81.87051391601562,408.49183082580566,0.1695887666887409,0.4646591293720857,0.22821665831758017,0.3184,1.5703517587939697
LR,19,3106,84.38861083984375,211.272216796875,0.41226881188491116,0.5555211972948106,0.3851023611170246,0.3184,1.5703517587939697
LR,9,3107,95.90533208847046,487.31599044799805,0.13963305891757974,0.38419861631976754,0.19098598499451194,0.3184,1.5703517587939697
LR,24,3108,102.34990978240967,247.696044921875,0.373313977121967,0.7424812553984443,0.3407827021010462,0.3184,1.5703517587939697
LR,30,3109,103.08017826080322,346.22774505615234,0.3515057737196995,0.5316198467823952,0.3094422927415279,0.3184,1.5703517587939697
LR,47,3110,75.40927124023438,323.5098762512207,0.1614412499737849,0.29505050693928964,0.21073230047092353,0.3184,1.5703517587939697
LR,44,3111,84.194091796875,474.9859619140625,0.23642461960142003,0.46965706132053825,0.27359532491338956,0.3184,1.5703517587939697
LR,3,3112,84.71955871582031,290.2304382324219,0.4071301775605919,0.5851733907012424,0.473489129871812,0.3184,1.5703517587939697
LR,2,3113,77.87565612792969,235.2501220703125,0.0950368361473439,0.654785179372412,0.3769326719381509,0.3184,1.5703517587939697
LR,28,3114,76.62579345703125,499.8039855957031,0.1303129630394195,0.325178765790845,0.1613499044130672,0.3184,1.5703517587939697
LR,40,3115,75.87051391601562,436.2665710449219,0.27732965804100573,0.38546465973231375,0.4099073091862723,0.3184,1.5703517587939697
LR,43,3116,81.25433349609375,215.24372100830078,0.15907642029172522,0.559610251005699,0.23922311625234333,0.3184,1.5703517587939697
LR,16,3117,95.75059270858765,205.20697021484375,0.3043651917462021,0.5716768388235897,0.3259080817278845,0.3184,1.5703517587939697
LR,55,3118,81.34799194335938,297.859619140625,0.09026678792135294,0.5552553910377779,0.27942965276045256,0.3184,1.5703517587939697
LR,5,3119,98.9235200881958,558.9125094413757,0.12922690967081402,0.32039444899770847,0.18042433109130157,0.3184,1.5703517587939697
LR,39,3120,82.19427490234375,614.1122894287109,0.12580609805862983,0.26247750542829923,0.16189652533959092,0.3184,1.5703517587939697
LR,25,3121,100.82754516601562,307.74270820617676,0.19388365908936245,0.469387081200079,0.24343784935927623,0.3184,1.5703517587939697
LR,7,3122,78.89126586914062,297.4314727783203,0.12238671629983093,0.594856916426837,0.2730975151949843,0.3184,1.5703517587939697
LR,27,3123,84.05680847167969,669.5538482666016,0.29694816787387374,0.5099492721762374,0.32356843167580696,0.3184,1.5703517587939697
LR,15,3124,97.40618896484375,324.796688079834,0.1663706976408601,0.42147986259571885,0.21636910808058987,0.3184,1.5703517587939697
LR,15,3125,80.19775390625,321.5674285888672,0.1853223336214407,0.559752326126963,0.26365447574469947,0.3184,1.5703517587939697
LR,9,3126,75.84498596191406,393.09002685546875,0.14242542106779932,0.46243682082511073,0.2248928285096087,0.3184,1.5703517587939697
LR,38,3127,102.15556812286377,208.975341796875,0.2276798778049779,0.44920474532233384,0.33601163529545086,0.3184,1.5703517587939697
LR,47,3128,97.62037658691406,913.8166427612305,0.12466622538105335,0.42875211217345977,0.18020194584861846,0.3184,1.5703517587939697
LR,50,3129,83.01971435546875,796.3349571228027,0.1860691864303992,0.3258385313459114,0.19968082128158568,0.3184,1.5703517587939697
LR,55,3130,80.9654541015625,447.6701354980469,0.16343824836812562,0.29749212807172926,0.20352175876375858,0.3184,1.5703517587939697
LR,6,3131,102.88423728942871,396.9330139160156,0.1713583508467989,0.27936879349440236,0.2068403161968092,0.3184,1.5703517587939697
LR,30,3132,99.85624313354492,488.60704803466797,0.09773259816595366,0.15847897851167395,0.1286408672826129,0.3184,1.5703517587939697
LR,49,3133,102.77215099334717,490.26251220703125,0.11699058094697477,0.26949177571606897,0.15880576519185208,0.3184,1.5703517587939697
LR,15,3134,78.9483642578125,346.1545715332031,0.26568049347432626,0.48226137445005596,0.2904012104592147,0.3184,1.5703517587939697
LR,42,3135,100.8016996383667,205.4833984375,0.18077051934874716,0.4559167771479229,0.2287050545501599,0.3184,1.5703517587939697
LR,15,3136,104.15500736236572,369.8577527999878,0.11058801950529334,0.21898358029640744,0.18354806585495367,0.3184,1.5703517587939697
LR,14,3137,77.60841369628906,422.31805419921875,0.19372822289466682,0.4750604022645564,0.23247613003447104,0.3184,1.5703517587939697
LR,4,3138,84.84225463867188,226.39151000976562,0.2223776747752291,0.5786908169882288,0.2744663056580692,0.3184,1.5703517587939697
LR,19,3139,97.53189182281494,377.5888977050781,0.20807405254792016,0.518928029857457,0.2661217747207038,0.3184,1.5703517587939697
LR,42,3140,96.39578628540039,270.69921875,0.19925112185650015,0.25887568704957026,0.26195505852937356,0.3184,1.5703517587939697
LR,0,3141,79.001708984375,246.33877563476562,0.20428554693620798,0.6072247141717455,0.25618537528340657,0.3184,1.5703517587939697
LR,42,3142,99.33103942871094,648.5532455444336,0.10497105979938899,0.1674648808090754,0.1556273237534541,0.3184,1.5703517587939697
LR,53,3143,102.06189441680908,331.2391405105591,0.2642231765930139,0.4326306868164332,0.30233015880313086,0.3184,1.5703517587939697
LR,17,3144,98.25527954101562,235.48815536499023,0.4236082202438296,0.7421383263031669,0.581095101179428,0.3184,1.5703517587939697
LR,1,3145,104.81540489196777,546.4083557128906,0.17686165791723402,0.25075675413660625,0.2248758603920221,0.3184,1.5703517587939697
LR,55,3146,96.52874279022217,428.9842529296875,0.20179576305448702,0.5619040772025772,0.2693215423616366,0.3184,1.5703517587939697
LR,50,3147,97.6705322265625,293.59249114990234,0.1964675175553704,0.48028031312151215,0.26037168112653586,0.3184,1.5703517587939697
LR,17,3148,78.78485107421875,533.5493087768555,0.17505356277763218,0.43892848030853493,0.22654169552095654,0.3184,1.5703517587939697
LR,27,3149,96.94021606445312,323.3458557128906,0.2315618316509539,0.4316268942443884,0.25987973447115276,0.3184,1.5703517587939697
LR,9,3150,95.5267333984375,725.5968017578125,0.13342999522530985,0.3494432334981368,0.17181006198533985,0.3184,1.5703517587939697
LR,22,3151,81.25433349609375,320.33858489990234,0.19011483740589083,0.41966555113006443,0.2269137646332715,0.3184,1.5703517587939697
LR,47,3152,95.7097840309143,518.7326498031616,0.16985565481984216,0.4283702296397769,0.21778875628197467,0.3184,1.5703517587939697
LR,21,3153,102.41238403320312,702.5277252197266,0.13333147463589048,0.42097967328319047,0.18966829286235373,0.3184,1.5703517587939697
LR,24,3154,97.0157470703125,605.916259765625,0.1492574385660949,0.2449557790534948,0.1714310198294194,0.3184,1.5703517587939697
LR,42,3155,99.65960693359375,220.71159553527832,0.25466961595129917,0.3543958620810319,0.26528905447145495,0.3184,1.5703517587939697
LR,34,3156,75.4637451171875,200.24725341796875,0.3158803017581075,0.6259684423621429,0.35630948069461077,0.3184,1.5703517587939697
LR,34,3157,102.99563121795654,361.6994934082031,0.11549020169654056,0.1991293696149279,0.13218100267539598,0.3184,1.5703517587939697
LR,14,3158,79.38034057617188,222.99163818359375,0.14232720888881742,0.5500936642443531,0.2564572528983226,0.3184,1.5703517587939697
LR,6,3159,97.43069458007812,597.466194152832,0.22409984608732367,0.3593183298563467,0.23638707526788724,0.3184,1.5703517587939697
LR,53,3160,103.306396484375,409.4099426269531,0.17276240969673234,0.40000993473023166,0.21224800765886911,0.3184,1.5703517587939697
LR,21,3161,102.83387756347656,477.4042205810547,0.29574105529242534,0.5003582913473174,0.31860685669985583,0.3184,1.5703517587939697
LR,37,3162,103.05628967285156,220.2241973876953,0.1053246064019465,0.18333739089443146,0.18723799534218505,0.3184,1.5703517587939697
LR,6,3163,102.15153503417969,664.0204467773438,0.13924598779957842,0.36601859502809325,0.18614988324492032,0.3184,1.5703517587939697
LR,37,3164,78.68978881835938,204.59442138671875,0.11986064782194279,0.36642703072720517,0.19771426203229409,0.3184,1.5703517587939697
LR,41,3165,77.81362915039062,317.22130966186523,0.13851415142255002,0.42363316947843,0.20833767766119918,0.3184,1.5703517587939697
LR,46,3166,102.52960205078125,422.44818115234375,0.11393157196668337,0.19466770554673918,0.1377234685967426,0.3184,1.5703517587939697
LR,11,3167,98.8314208984375,626.1759414672852,0.18754585285641043,0.27264002692339034,0.22902417365789302,0.3184,1.5703517587939697
LR,19,3168,96.45318984985352,599.4856648445129,0.11253251719526153,0.2452997948568576,0.1473946329111074,0.3184,1.5703517587939697
LR,16,3169,99.58924865722656,309.21944427490234,0.19152322585316883,0.4414114930257458,0.2459736686320761,0.3184,1.5703517587939697
LR,19,3170,76.14714050292969,440.2159729003906,0.13001109164619165,0.34169453927155974,0.16359624875241846,0.3184,1.5703517587939697
LR,44,3171,95.62382507324219,729.7867736816406,0.20578873104949796,0.40782685152388043,0.2350774215256938,0.3184,1.5703517587939697
LR,7,3172,78.05906677246094,355.052001953125,0.12757276135123036,0.4367342384336678,0.1703063349378251,0.3184,1.5703517587939697
LR,16,3173,101.72555541992188,515.0455169677734,0.2629068702203391,0.4230823833959915,0.3200873689608062,0.3184,1.5703517587939697
LR,34,3174,84.96475219726562,550.3095245361328,0.15434338891786448,0.41391733961711963,0.20706667402037193,0.3184,1.5703517587939697
LR,49,3175,103.43942260742188,862.2639999389648,0.10751621048944016,0.1888246319398479,0.1471405302746877,0.3184,1.5703517587939697
LR,5,3176,77.84846496582031,679.3160400390625,0.12598319182737722,0.4774023622604856,0.1716829093230266,0.3184,1.5703517587939697
LR,29,3177,103.02178955078125,381.8619079589844,0.16155158089098814,0.35452026094475714,0.19625781784618004,0.3184,1.5703517587939697
LR,1,3178,102.20111083984375,485.21942138671875,0.18747430385026267,0.5040714731574076,0.23647696164758897,0.3184,1.5703517587939697
LR,45,3179,103.20219421386719,515.3931350708008,0.129163179653809,0.2221771564184988,0.17300229453998617,0.3184,1.5703517587939697
LR,2,3180,79.31504821777344,366.5237121582031,0.21222483037570056,0.41676996323230187,0.24285991709955015,0.3184,1.5703517587939697
LR,0,3181,83.88531494140625,227.86865234375,0.11215822472576889,0.3838874015322333,0.2537765259313259,0.3184,1.5703517587939697
LR,0,3182,83.45449829101562,355.39048957824707,0.10649229506984628,0.18404599169301641,0.12950668930278963,0.3184,1.5703517587939697
LR,43,3183,102.50753021240234,307.3825378417969,0.08876549817520209,0.39215021974689424,0.22783254753683232,0.3184,1.5703517587939697
LR,3,3184,97.4306869506836,303.0892367362976,0.22163442571041056,0.5054709433662135,0.25156140984666364,0.3184,1.5703517587939697
LR,55,3185,83.71830749511719,732.4915924072266,0.2016114185503052,0.3945590324828544,0.23661737546676495,0.3184,1.5703517587939697
LR,12,3186,99.16193389892578,448.0876922607422,0.10273502934921858,0.2846550354627479,0.1492543519610871,0.3184,1.5703517587939697
LR,6,3187,81.5294189453125,386.43328857421875,0.1016856973313861,0.18814479097855066,0.14386242162659507,0.3184,1.5703517587939697
LR,25,3188,102.12649536132812,441.8710021972656,0.16365324473460763,0.2565055115949011,0.18774546687788857,0.3184,1.5703517587939697
LR,11,3189,104.2055606842041,564.3647356033325,0.13605204954990455,0.3120564014985459,0.1897271877723412,0.3184,1.5703517587939697
LR,10,3190,103.96638870239258,264.2083740234375,0.242782276204003,0.3846678089376913,0.2734093232364368,0.3184,1.5703517587939697
LR,2,3191,84.14132690429688,433.8755187988281,0.2983203973728204,0.5134908660051426,0.31213441945051246,0.3184,1.5703517587939697
LR,54,3192,82.84030151367188,636.4839401245117,0.11309257565140354,0.17569131792049925,0.1426376533757791,0.3184,1.5703517587939697
LR,54,3193,84.29022216796875,258.03102111816406,0.25861227775378254,0.4483334232401929,0.2958209614589646,0.3184,1.5703517587939697
LR,40,3194,80.76483154296875,501.1622009277344,0.11908004509768215,0.3065008433057646,0.15650196992388557,0.3184,1.5703517587939697
LR,33,3195,83.3394775390625,597.4594497680664,0.13639495223076753,0.44219861487578127,0.18365704734299756,0.3184,1.5703517587939697
LR,18,3196,104.16865730285645,575.7051544189453,0.12841554989417286,0.44568048933744153,0.1837143295730568,0.3184,1.5703517587939697
LR,29,3197,95.24948120117188,205.28728485107422,0.25122021706379627,0.5868508192821358,0.31739545948223175,0.3184,1.5703517587939697
LR,45,3198,100.34156894683838,410.66822814941406,0.10682413954831532,0.16406019337065925,0.15245820806634966,0.3184,1.5703517587939697
LR,38,3199,79.18051147460938,435.375244140625,0.17676617077821674,0.5348625756259827,0.27962387972438957,0.3184,1.5703517587939697
LR,51,3200,99.32321834564209,296.3786926269531,0.28153381554009893,0.520358490640582,0.38356009782779693,0.3184,1.5703517587939697
LR,34,3201,103.4871826171875,526.9526596069336,0.1259605472883893,0.47781616309304387,0.1916267604695374,0.3184,1.5703517587939697
LR,10,3202,98.08724880218506,264.5440673828125,0.20876783097993137,0.4772603415176086,0.283130149142179,0.3184,1.5703517587939697
LR,55,3203,96.59594869613647,234.35591459274292,0.20642916103133463,0.5576375959515348,0.29546948535334644,0.3184,1.5703517587939697
LR,30,3204,80.83807373046875,387.5803527832031,0.28425819344013054,0.5321523830774181,0.372338240469443,0.3184,1.5703517587939697
LR,41,3205,84.3446044921875,285.7175483703613,0.16363030647417043,0.2582794754910828,0.21469483657992025,0.3184,1.5703517587939697
LR,47,3206,81.08554077148438,927.5859832763672,0.1508497337242028,0.3975185528493456,0.1984276147324873,0.3184,1.5703517587939697
LR,17,3207,79.18603515625,326.652587890625,0.24538898806965317,0.39418179579873314,0.24598965776031084,0.3184,1.5703517587939697
LR,24,3208,103.4664535522461,258.8123016357422,0.11606744440526001,0.20479336761838415,0.15277523184568284,0.3184,1.5703517587939697
LR,36,3209,98.3653039932251,458.2438049316406,0.11959684712348251,0.2110828672857741,0.14883866690490602,0.3184,1.5703517587939697
LR,54,3210,101.2171573638916,577.6319427490234,0.11549174708311374,0.21897289778019693,0.15394828239296754,0.3184,1.5703517587939697
LR,55,3211,81.7598876953125,560.5938262939453,0.4112479781119045,0.5525580305430132,0.44268910941487527,0.3184,1.5703517587939697
LR,31,3212,101.8798189163208,349.981689453125,0.18435973873752057,0.5037442958899491,0.27462704691234613,0.3184,1.5703517587939697
LR,30,3213,100.36362266540527,562.3492736816406,0.10800726984867776,0.39101237634883107,0.1674668444890479,0.3184,1.5703517587939697
LR,12,3214,102.67472171783447,352.34806060791016,0.11306896799201888,0.4367224134094051,0.21296446366981414,0.3184,1.5703517587939697
LR,45,3215,81.02783203125,767.8388519287109,0.11462924923271414,0.4732113425290115,0.17473684970606318,0.3184,1.5703517587939697
LR,42,3216,102.36022663116455,373.18951416015625,0.1077427414421797,0.31754038565684856,0.1567166064480956,0.3184,1.5703517587939697
LR,31,3217,78.79632568359375,214.0823974609375,0.3087019262009302,0.37770212476133397,0.47031103542106767,0.3184,1.5703517587939697
LR,18,3218,100.89700698852539,262.43221282958984,0.16678811505945615,0.2514960092442769,0.19078799679581185,0.3184,1.5703517587939697
LR,49,3219,83.01971435546875,475.6567687988281,0.134900399115359,0.4949067202783152,0.19918768954660815,0.3184,1.5703517587939697
LR,11,3220,104.29392147064209,347.6857604980469,0.09356425469903562,0.14150719249206478,0.16204712414261147,0.3184,1.5703517587939697
LR,52,3221,99.10219478607178,645.3461232185364,0.12456371389226945,0.27246151743482455,0.15350344650339218,0.3184,1.5703517587939697
LR,18,3222,97.963134765625,267.9776153564453,0.22784596980264596,0.5605912487673659,0.28556468306310323,0.3184,1.5703517587939697
LR,3,3223,102.79678916931152,408.7362976074219,0.16003367192148152,0.32758336507679897,0.19922218808602135,0.3184,1.5703517587939697
LR,3,3224,97.92627096176147,471.6767578125,0.20884990296980382,0.5406207940106067,0.27276900494317446,0.3184,1.5703517587939697
LR,13,3225,103.65898132324219,369.8884048461914,0.16177546161877446,0.47516712020923746,0.2284453928758871,0.3184,1.5703517587939697
LR,52,3226,76.66371154785156,559.5903244018555,0.17352864921270794,0.42360731563903514,0.2212648039106504,0.3184,1.5703517587939697
LR,23,3227,104.24724864959717,288.5340042114258,0.07723613518979065,0.12181643467188266,0.25370140333712815,0.3184,1.5703517587939697
LR,29,3228,99.11743831634521,253.14797973632812,0.1704418771571846,0.38616168427891817,0.2308351442031869,0.3184,1.5703517587939697
LR,21,3229,101.43061828613281,727.8199844360352,0.1245853881788768,0.20326496625688925,0.16285381531619275,0.3184,1.5703517587939697
LR,54,3230,77.313720703125,830.3497409820557,0.12673739539940407,0.23471817496107836,0.14562017165047647,0.3184,1.5703517587939697
LR,33,3231,84.45547485351562,260.29152274131775,0.22201918542994412,0.6438170901509164,0.3020758293671829,0.3184,1.5703517587939697
LR,53,3232,95.5267333984375,386.4472713470459,0.1442836485458277,0.40723489708426197,0.19045487795667682,0.3184,1.5703517587939697
LR,39,3233,99.73918533325195,418.1026611328125,0.11522542779311493,0.35379406853643786,0.1516944753667993,0.3184,1.5703517587939697
LR,53,3234,98.9235200881958,575.8159866333008,0.15921561926201191,0.3037780533551036,0.18959916194226983,0.3184,1.5703517587939697
LR,39,3235,97.34530639648438,209.64544677734375,0.2915293466591254,0.3886835074042872,0.341138819721754,0.3184,1.5703517587939697
LR,6,3236,101.40089893341064,640.2221040725708,0.15949715518948532,0.4036803969427217,0.20447725276897094,0.3184,1.5703517587939697
LR,50,3237,77.77421569824219,248.3609619140625,0.11977302495012213,0.4867395756284881,0.18285471187779542,0.3184,1.5703517587939697
LR,2,3238,83.00883483886719,687.7405242919922,0.13698074996283907,0.5022670312472497,0.18876434704445694,0.3184,1.5703517587939697
LR,23,3239,98.6314754486084,486.1591033935547,0.1433814387342857,0.4494533311035921,0.1838383790317352,0.3184,1.5703517587939697
LR,36,3240,101.46429443359375,216.2001953125,0.2951997096399586,0.5145052179777904,0.6856401473989316,0.3184,1.5703517587939697
LR,27,3241,95.5267333984375,240.8394317626953,0.33248966208703906,0.6709486670606577,0.3401009717118316,0.3184,1.5703517587939697
LR,19,3242,81.18527221679688,531.9375343322754,0.1496969615307986,0.5374296640686972,0.23831202423336167,0.3184,1.5703517587939697
LR,49,3243,102.76411437988281,562.4156036376953,0.12226331386411077,0.20444548277044086,0.15181119135603457,0.3184,1.5703517587939697
LR,51,3244,80.71345520019531,367.2270202636719,0.18877649078733336,0.36420403448421157,0.22482153294571725,0.3184,1.5703517587939697
LR,55,3245,104.62271308898926,227.11492919921875,0.13578210131212523,0.5607971717731438,0.23214680731596207,0.3184,1.5703517587939697
LR,45,3246,80.62826538085938,261.7861633300781,0.24475192121439782,0.4366583226034362,0.28644448885282153,0.3184,1.5703517587939697
LR,14,3247,82.90234375,418.73719787597656,0.29310085963132126,0.5541300889282226,0.32272176794157614,0.3184,1.5703517587939697
LR,12,3248,100.68914794921875,598.3229446411133,0.1809624247361493,0.5097693977954191,0.22102783941933815,0.3184,1.5703517587939697
LR,14,3249,75.44856262207031,312.6244201660156,0.2877839836577895,0.540967687934218,0.34352794089262434,0.3184,1.5703517587939697
LR,18,3250,83.9283447265625,823.3776168823242,0.1566016956242699,0.27716465172426286,0.18838906577909703,0.3184,1.5703517587939697
LR,21,3251,103.90759181976318,338.99449157714844,0.1258911646578393,0.23492254474767355,0.20990022798099717,0.3184,1.5703517587939697
LR,52,3252,77.37985229492188,221.8592185974121,0.18838483951706278,0.3957426674264338,0.24886431130662504,0.3184,1.5703517587939697
LR,32,3253,96.37452125549316,518.9712829589844,0.21578865944338946,0.5050949207230647,0.2621971982283519,0.3184,1.5703517587939697
LR,45,3254,103.06259727478027,398.18670654296875,0.11084127024882688,0.17935850192046213,0.1390687321729009,0.3184,1.5703517587939697
LR,52,3255,79.90756225585938,327.7280578613281,0.2467890117639052,0.40171859219210443,0.2549169733701453,0.3184,1.5703517587939697
LR,50,3256,100.54324340820312,862.7867584228516,0.13959366148817015,0.42426711799455435,0.1808020823460337,0.3184,1.5703517587939697
LR,10,3257,82.47688293457031,437.19212341308594,0.2869265380346636,0.6427203852644792,0.3045935131842325,0.3184,1.5703517587939697
LR,50,3258,100.03907775878906,1052.2957763671875,0.11721091915958251,0.29527534639926545,0.151333198317473,0.3184,1.5703517587939697
LR,7,3259,103.81645202636719,572.8259735107422,0.12951974350647735,0.47002965188922546,0.17876838796123432,0.3184,1.5703517587939697
LR,41,3260,77.10528564453125,421.3742218017578,0.09615620193589744,0.3481024205336446,0.16841960931817912,0.3184,1.5703517587939697
LR,30,3261,81.44499206542969,489.71197509765625,0.13444420631750525,0.2912544064764084,0.17792386744812616,0.3184,1.5703517587939697
LR,13,3262,80.58206176757812,505.0215148925781,0.19488271953568445,0.4815246019110451,0.2550414492887184,0.3184,1.5703517587939697
LR,50,3263,103.24165344238281,845.306339263916,0.1247011651068617,0.4581841724917152,0.18487458862008715,0.3184,1.5703517587939697
LR,36,3264,81.31417846679688,249.0103759765625,0.32759626378327544,0.6824124598200464,0.45084313766056217,0.3184,1.5703517587939697
LR,0,3265,99.62786865234375,296.4397087097168,0.1791548229336587,0.5394747334518114,0.25476291790739797,0.3184,1.5703517587939697
LR,45,3266,98.64227294921875,435.6243896484375,0.19182064410874622,0.47703227460964337,0.23265889024402783,0.3184,1.5703517587939697
LR,51,3267,78.68978881835938,997.7546539306641,0.1404519450708654,0.26916661827936544,0.1660473453916642,0.3184,1.5703517587939697
LR,50,3268,103.16432189941406,782.9503173828125,0.14561653211435874,0.46889794912549365,0.20977963217348622,0.3184,1.5703517587939697
LR,4,3269,80.4959716796875,407.2052459716797,0.3308522333783715,0.5766540178217197,0.3242386901261788,0.3184,1.5703517587939697
LR,39,3270,104.71945190429688,233.11566162109375,0.26087059948306485,0.4074708507401484,0.2921657766188703,0.3184,1.5703517587939697
LR,21,3271,77.41148376464844,334.85257720947266,0.204252331817364,0.5261447217372057,0.2670066380150772,0.3184,1.5703517587939697
LR,9,3272,100.17538452148438,568.7162322998047,0.1475713522330013,0.4125830584504962,0.19743125864210212,0.3184,1.5703517587939697
LR,23,3273,101.84980487823486,312.83912658691406,0.182089154907144,0.4277792122717609,0.24803278498626266,0.3184,1.5703517587939697
LR,25,3274,80.882568359375,237.12448120117188,0.18121289619300845,0.5847764339033747,0.2606948745477295,0.3184,1.5703517587939697
LR,8,3275,82.875732421875,248.67559814453125,0.2693959734789224,0.33263391729950725,0.30962158831042774,0.3184,1.5703517587939697
LR,50,3276,75.4637451171875,544.1802673339844,0.199763251535634,0.3406559660130364,0.2292891964263809,0.3184,1.5703517587939697
LR,15,3277,104.18590641021729,391.02477264404297,0.13024614005153975,0.6125968372505722,0.21022124531614575,0.3184,1.5703517587939697
LR,21,3278,78.96736145019531,245.43997192382812,0.19883732806151966,0.5830474477484375,0.2683323843790898,0.3184,1.5703517587939697
LR,39,3279,99.70916748046875,230.9453887939453,0.15557983057530703,0.42155490407923407,0.20232507740249597,0.3184,1.5703517587939697
LR,38,3280,79.28683471679688,414.68719482421875,0.2983923226989916,0.3901934948089124,0.39677030125533935,0.3184,1.5703517587939697
LR,5,3281,99.3095703125,645.523494720459,0.2203762693982681,0.39165733727365404,0.24511923704756267,0.3184,1.5703517587939697
LR,33,3282,98.45834732055664,361.9954833984375,0.24393016003889956,0.4914670665044754,0.29261992280632726,0.3184,1.5703517587939697
LR,20,3283,81.29643249511719,573.2997436523438,0.2698032868587753,0.4452554193812479,0.2817143960975094,0.3184,1.5703517587939697
LR,50,3284,97.81462097167969,298.1382751464844,0.2363242483880143,0.35207368222395147,0.2924226545766585,0.3184,1.5703517587939697
LR,20,3285,81.30502319335938,362.9862976074219,0.15921921902473118,0.4112985206552727,0.21701481039895956,0.3184,1.5703517587939697
LR,20,3286,95.67221069335938,578.2262878417969,0.1613927102141509,0.5172761408372918,0.21818892745232368,0.3184,1.5703517587939697
LR,46,3287,82.95050048828125,686.5413360595703,0.25006935382781253,0.5595560737763963,0.2991882713393206,0.3184,1.5703517587939697
LR,32,3288,80.04212951660156,566.3677368164062,0.11486695497328084,0.1911656792066212,0.16161186490946658,0.3184,1.5703517587939697
LR,30,3289,103.27179145812988,345.4687194824219,0.2838842888017868,0.6053316255119555,0.3146244050577392,0.3184,1.5703517587939697
LR,41,3290,84.50848388671875,608.2801895141602,0.11377005801215676,0.1897192763237739,0.15540307813707335,0.3184,1.5703517587939697
LR,23,3291,83.85418701171875,353.5382308959961,0.17655154446393664,0.3448450605979525,0.21204150696395577,0.3184,1.5703517587939697
LR,47,3292,83.10467529296875,408.1029682159424,0.12428512057106349,0.19729838049229662,0.1693880305501624,0.3184,1.5703517587939697
LR,8,3293,77.12403869628906,360.6367492675781,0.1339408414648392,0.3761881700074639,0.17938128482642032,0.3184,1.5703517587939697
LR,23,3294,75.25453186035156,360.1986389160156,0.1255429188231592,0.4306011847714599,0.17448045278070826,0.3184,1.5703517587939697
LR,3,3295,96.33939123153687,294.9854736328125,0.09392438625374852,0.1447835366177917,0.23269106311351087,0.3184,1.5703517587939697
LR,20,3296,81.98355102539062,498.59886169433594,0.12989901665839637,0.22916309765309997,0.15591616938740913,0.3184,1.5703517587939697
LR,17,3297,102.00285339355469,467.327960729599,0.3034641573220714,0.4629633965098348,0.3522973864578283,0.3184,1.5703517587939697
LR,22,3298,96.6171989440918,288.6761779785156,0.1377402457473939,0.35653216382016695,0.20153524696956876,0.3184,1.5703517587939697
LR,9,3299,79.69525146484375,279.70391845703125,0.1070881109762761,0.6481593948973269,0.3990120534576795,0.3184,1.5703517587939697
LR,31,3300,97.41076946258545,552.5379409790039,0.09571653615758166,0.15233117789410028,0.1333898267571225,0.3184,1.5703517587939697
LR,44,3301,78.68978881835938,258.0514907836914,0.13764386233172246,0.37676102483427754,0.1974045494877723,0.3184,1.5703517587939697
LR,53,3302,98.18313598632812,922.4165496826172,0.13894844638146128,0.41728975827313153,0.18050498850634217,0.3184,1.5703517587939697
LR,38,3303,104.93342590332031,253.00018310546875,0.12625743767294254,0.18633201801309382,0.21841336416613827,0.3184,1.5703517587939697
LR,14,3304,84.90596008300781,394.18145751953125,0.2131840197524931,0.5568043166393231,0.28517344193387184,0.3184,1.5703517587939697
LR,9,3305,104.92400455474854,259.44146728515625,0.164688889142131,0.33863618702546433,0.20328729740310275,0.3184,1.5703517587939697
LR,40,3306,104.6437349319458,379.53406396508217,0.33472890149323936,0.5793724290551426,0.37314817788212534,0.3184,1.5703517587939697
LR,12,3307,82.62008666992188,319.2838249206543,0.16485161379050986,0.5416835190114938,0.2785010848693312,0.3184,1.5703517587939697
LR,46,3308,78.548095703125,275.0139465332031,0.3023071827459751,0.619380223777799,0.3427361230138219,0.3184,1.5703517587939697
LR,49,3309,101.85349941253662,232.9585952758789,0.19626151174516404,0.31521646358277666,0.2505619857484319,0.3184,1.5703517587939697
LR,55,3310,81.69032287597656,1275.3875427246094,0.15408783165105036,0.29220537706496813,0.17747544893923511,0.3184,1.5703517587939697
LR,0,3311,82.68521118164062,258.79364013671875,0.21678044080795594,0.5605774554660204,0.26516029533557217,0.3184,1.5703517587939697
LR,26,3312,80.02813720703125,539.6119956970215,0.1385579808686096,0.48804644707411077,0.21351136238498422,0.3184,1.5703517587939697
LR,16,3313,104.74546813964844,319.4319076538086,0.17179055755595435,0.292835109060505,0.2097948108838128,0.3184,1.5703517587939697
LR,33,3314,100.30475902557373,399.5729522705078,0.1129387176487072,0.19251305188385542,0.13393306798819474,0.3184,1.5703517587939697
LR,41,3315,81.87051391601562,246.50926208496094,0.337439919375534,0.6573542256893085,0.40811982775559597,0.3184,1.5703517587939697
LR,38,3316,81.30032348632812,206.44135284423828,0.13761600643918495,0.19585150684158323,0.27679703192751814,0.3184,1.5703517587939697
LR,18,3317,76.68119812011719,363.32379150390625,0.12184640278071443,0.24038583263324534,0.17003506881241692,0.3184,1.5703517587939697
LR,5,3318,95.07134199142456,454.6502685546875,0.15929970742286143,0.4147565231330387,0.1999595412173824,0.3184,1.5703517587939697
LR,2,3319,98.26657104492188,301.6666069030762,0.17423698937086682,0.5230411877940501,0.24294664416487852,0.3184,1.5703517587939697
LR,8,3320,96.76539611816406,569.0382537841797,0.16718154871819668,0.23913749871496057,0.20502859364164827,0.3184,1.5703517587939697
LR,0,3321,84.04202270507812,262.9065856933594,0.22774602544691877,0.5710460688251063,0.28590408526807054,0.3184,1.5703517587939697
LR,51,3322,96.48228454589844,250.18087768554688,0.3015696036229954,0.5857559892226702,0.48810465656499585,0.3184,1.5703517587939697
LR,13,3323,101.72555541992188,309.3307189941406,0.10338851405632521,0.31451684737182395,0.17364553653593548,0.3184,1.5703517587939697
LR,46,3324,95.83868408203125,479.26544189453125,0.14490605120216532,0.43744217722134815,0.20437490238565992,0.3184,1.5703517587939697
LR,53,3325,103.06259727478027,432.48470973968506,0.1639053244246403,0.34051415339773833,0.19836380187343686,0.3184,1.5703517587939697
LR,35,3326,95.11956214904785,534.8297119140625,0.10251729417866622,0.2642099703601295,0.14355846864579808,0.3184,1.5703517587939697
LR,13,3327,101.9021224975586,587.9635925292969,0.11656447251072526,0.35667489176562167,0.16013909429012646,0.3184,1.5703517587939697
LR,25,3328,84.86103820800781,609.2061424255371,0.12126004596135159,0.45476269899420874,0.170630636152987,0.3184,1.5703517587939697
LR,8,3329,78.06387329101562,281.8608703613281,0.45507936374951147,0.5258062362045566,0.6174821586523991,0.3184,1.5703517587939697
LR,26,3330,98.94229125976562,501.6835632324219,0.16670468724569162,0.3909222516623692,0.1935987470849009,0.3184,1.5703517587939697
LR,50,3331,103.31034564971924,203.43526649475098,0.19952204387454484,0.6373036537210497,0.28754756234359513,0.3184,1.5703517587939697
LR,3,3332,76.85166931152344,386.4034118652344,0.11394297643430094,0.31320224209457015,0.16856083814058473,0.3184,1.5703517587939697
LR,4,3333,82.93040466308594,465.38038635253906,0.15634239616655873,0.40147161630287,0.1967260194258863,0.3184,1.5703517587939697
LR,12,3334,84.73114013671875,211.79559326171875,0.3142150687586817,0.5783140071910251,0.4714120922101724,0.3184,1.5703517587939697
LR,28,3335,99.87760925292969,320.55198669433594,0.18490532120766218,0.5024185696346782,0.22988962775832705,0.3184,1.5703517587939697
LR,55,3336,103.96638488769531,492.8922348022461,0.12634008198513028,0.24519476830787487,0.17181705553827933,0.3184,1.5703517587939697
LR,25,3337,75.47805786132812,465.43336486816406,0.12952562955525573,0.30744844463304954,0.1635492629935726,0.3184,1.5703517587939697
LR,46,3338,98.54852867126465,372.59965550899506,0.16713314078941743,0.6044089114112488,0.25492294681937355,0.3184,1.5703517587939697
LR,37,3339,76.12101745605469,363.5928649902344,0.11680172587033197,0.3645062266354077,0.18535244217518212,0.3184,1.5703517587939697
LR,4,3340,78.90608215332031,403.42311096191406,0.10539463711844074,0.6725747603965506,0.27549063494902765,0.3184,1.5703517587939697
LR,53,3341,84.07330322265625,408.5157165527344,0.21432973139503572,0.29395266865967695,0.23388145910728178,0.3184,1.5703517587939697
LR,8,3342,80.727783203125,717.6312561035156,0.12758847347836028,0.4568379907464433,0.18150683832463435,0.3184,1.5703517587939697
LR,18,3343,98.37809181213379,392.1836700439453,0.1566170890337039,0.21960248250888775,0.22130463043227316,0.3184,1.5703517587939697
LR,16,3344,100.56100463867188,320.81505966186523,0.17935787464123676,0.44458764957071234,0.24371638827592024,0.3184,1.5703517587939697
LR,50,3345,96.26268005371094,1120.6470947265625,0.139530103183557,0.40638557007637255,0.1802255070629715,0.3184,1.5703517587939697
LR,28,3346,78.68978881835938,224.58224487304688,0.15837050973472386,0.5473126064671124,0.331698322292022,0.3184,1.5703517587939697
LR,5,3347,103.07037353515625,307.2970886230469,0.09263473590702426,0.42462077004699367,0.19450109507214156,0.3184,1.5703517587939697
LR,26,3348,102.78761577606201,397.949462890625,0.11985101456625924,0.4399897775184325,0.18013377938639483,0.3184,1.5703517587939697
LR,55,3349,97.57545471191406,421.71852111816406,0.14138908163225783,0.25938321388738733,0.1573134661909201,0.3184,1.5703517587939697
LR,16,3350,102.77215099334717,212.81610107421875,0.11250638023459808,0.16817613347317742,0.1854771248209869,0.3184,1.5703517587939697
LR,25,3351,95.43257713317871,574.0304260253906,0.16138916341521695,0.3618525984233167,0.1924630112678164,0.3184,1.5703517587939697
LR,1,3352,78.57560729980469,630.4483032226562,0.13173312530846212,0.2418846653347279,0.17366773009191785,0.3184,1.5703517587939697
LR,18,3353,95.59853172302246,329.9513397216797,0.09730494670207332,0.5000004080377721,0.17833535371661335,0.3184,1.5703517587939697
LR,11,3354,76.09075927734375,476.55247497558594,0.16366094263403785,0.24898393837090962,0.2293402926328205,0.3184,1.5703517587939697
LR,25,3355,104.74546718597412,290.49021911621094,0.1953016770751104,0.47052459778578043,0.23326593589047487,0.3184,1.5703517587939697
LR,24,3356,79.99220275878906,392.3810729980469,0.3064871347069783,0.49432589241865676,0.3215805104954637,0.3184,1.5703517587939697
LR,40,3357,99.72731018066406,254.3454418182373,0.10277364653546464,0.33962786781309284,0.2188449606400304,0.3184,1.5703517587939697
LR,44,3358,79.01316833496094,351.1717224121094,0.27109008957652436,0.49322742175113565,0.2984188139104922,0.3184,1.5703517587939697
LR,49,3359,79.508544921875,282.93621826171875,0.20038329334589822,0.5286647130935289,0.2926050514996397,0.3184,1.5703517587939697
LR,55,3360,97.28328704833984,642.9002380371094,0.12560493631527292,0.23962581454131787,0.1458866328638162,0.3184,1.5703517587939697
LR,17,3361,81.62632751464844,249.04457092285156,0.36300253002717986,0.6271301013260661,0.6256934825363367,0.3184,1.5703517587939697
LR,21,3362,81.15866088867188,296.37872314453125,0.3332507815186739,0.41051826566598437,0.3247061062326688,0.3184,1.5703517587939697
LR,30,3363,104.37812805175781,415.0941467285156,0.19109790731151566,0.36413920398402466,0.23214776933512546,0.3184,1.5703517587939697
LR,43,3364,98.99489212036133,344.7021179199219,0.13191772573652202,0.5990193845006788,0.2433348828147282,0.3184,1.5703517587939697
LR,25,3365,96.81900072097778,521.873291015625,0.1639736181078216,0.32824656786993855,0.196518209604185,0.3184,1.5703517587939697
LR,27,3366,102.49969959259033,538.2627277374268,0.16254264036477462,0.4429520211313309,0.21763160469816825,0.3184,1.5703517587939697
LR,7,3367,77.16024780273438,495.5286560058594,0.13752894116382586,0.3584638639995302,0.1956225135166566,0.3184,1.5703517587939697
LR,51,3368,81.87051391601562,714.6070203781128,0.11331050357107805,0.19405346240239876,0.16786827055356426,0.3184,1.5703517587939697
LR,20,3369,81.35360717773438,724.5310668945312,0.1235583415523326,0.41352756428520043,0.17493670872736675,0.3184,1.5703517587939697
LR,42,3370,76.34823608398438,481.3710136413574,0.20984406033520642,0.47532271351531635,0.24073087498361098,0.3184,1.5703517587939697
LR,10,3371,97.21060180664062,602.0291137695312,0.14633481842283683,0.4468271007351263,0.20085418213966474,0.3184,1.5703517587939697
LR,49,3372,98.49800109863281,601.3661041259766,0.1309736946270626,0.4243569818660344,0.17938469562150616,0.3184,1.5703517587939697
LR,44,3373,82.64834594726562,516.1197357177734,0.15025745568101695,0.3091293172769282,0.18415319270895023,0.3184,1.5703517587939697
LR,31,3374,78.98602294921875,248.01730346679688,0.2131856627036637,0.4103354005168629,0.27331647057718467,0.3184,1.5703517587939697
LR,45,3375,77.447509765625,257.69697666168213,0.1738740826767463,0.37522390229226665,0.21663915016581,0.3184,1.5703517587939697
LR,49,3376,77.452392578125,369.5608215332031,0.17684666049265874,0.23889161879477838,0.2329637995582181,0.3184,1.5703517587939697
LR,50,3377,96.55176258087158,303.3086910247803,0.2638140164621454,0.5345938241100435,0.30902470903231977,0.3184,1.5703517587939697
LR,38,3378,99.94580078125,273.2743721008301,0.18639208486637596,0.5643373006756199,0.2683399488013442,0.3184,1.5703517587939697
LR,38,3379,79.35075378417969,509.75636291503906,0.14294369049640687,0.48261356566040586,0.2469654362359972,0.3184,1.5703517587939697
LR,21,3380,100.2220458984375,726.413215637207,0.12217550092230496,0.20052320803788692,0.156831158276978,0.3184,1.5703517587939697
LR,51,3381,79.76530456542969,617.5593872070312,0.13488750404708935,0.476520121295621,0.20253260507089044,0.3184,1.5703517587939697
LR,30,3382,97.14390563964844,475.0370788574219,0.12248881549216704,0.21196120106549834,0.1433524710251393,0.3184,1.5703517587939697
LR,54,3383,81.92474365234375,385.058349609375,0.19374282987363395,0.483075496603855,0.27841907624052104,0.3184,1.5703517587939697
LR,27,3384,83.26786804199219,541.7533340454102,0.14583835077032872,0.2778625483327825,0.18204726810020486,0.3184,1.5703517587939697
LR,13,3385,78.98602294921875,500.5408935546875,0.20216765871085005,0.2918450871367609,0.2341901628810705,0.3184,1.5703517587939697
LR,26,3386,83.32089233398438,285.7115783691406,0.2431342941524512,0.456923123980252,0.2685599818919193,0.3184,1.5703517587939697
LR,35,3387,95.4765625,209.0660400390625,0.09379743502944096,0.5172435083132773,0.30070454365511007,0.3184,1.5703517587939697
LR,53,3388,95.01905822753906,330.35357666015625,0.15316847598813757,0.4108298000194102,0.22048671114955148,0.3184,1.5703517587939697
LR,40,3389,78.46878051757812,393.54226303100586,0.1223119143625443,0.4411507679512507,0.18744952113814825,0.3184,1.5703517587939697
LR,50,3390,95.59075021743774,336.50335693359375,0.15736125892212052,0.27996082079906565,0.186169602478291,0.3184,1.5703517587939697
LR,35,3391,75.96221923828125,244.2289333343506,0.1675053242796945,0.29343791820878995,0.2268353500081713,0.3184,1.5703517587939697
LR,43,3392,98.4083366394043,341.4862976074219,0.16917240780982837,0.4838992242639454,0.23346229489680487,0.3184,1.5703517587939697
LR,3,3393,102.36978340148926,274.7844753265381,0.1090793335964462,0.6076313993111473,0.27373176526475734,0.3184,1.5703517587939697
LR,38,3394,83.35551452636719,464.00535583496094,0.15589524910663205,0.3912275015802446,0.2039267491712889,0.3184,1.5703517587939697
LR,18,3395,82.51678466796875,294.8045654296875,0.2199160303600894,0.31728570435580367,0.24761212932444593,0.3184,1.5703517587939697
LR,28,3396,102.03117370605469,413.9140167236328,0.2456210297657728,0.3369404399287763,0.26522786595879516,0.3184,1.5703517587939697
LR,19,3397,95.7097840309143,647.9317092895508,0.11594163729725514,0.35362922737051977,0.1647967003826915,0.3184,1.5703517587939697
LR,21,3398,76.40597534179688,259.37005615234375,0.06874205263281061,0.6167068318578209,0.4120574590703412,0.3184,1.5703517587939697
LR,42,3399,101.31020641326904,271.7521667480469,0.28066865035328586,0.3395179017789083,0.46140253620543803,0.3184,1.5703517587939697
LR,19,3400,79.11436462402344,249.32562255859375,0.20005701898961115,0.45292713517913114,0.2447911721268057,0.3184,1.5703517587939697
LR,35,3401,96.42523050308228,218.37063598632812,0.2895796298839829,0.46714519188282316,0.3393375038826181,0.3184,1.5703517587939697
LR,11,3402,97.40300512313843,678.6486358642578,0.24308724110751442,0.43727680542500047,0.26998582386648134,0.3184,1.5703517587939697
LR,45,3403,79.08575439453125,281.1947774887085,0.16108982680148443,0.6005949271559178,0.2240657052519068,0.3184,1.5703517587939697
LR,19,3404,99.08984565734863,231.205810546875,0.17249863754015468,0.2471511225199659,0.24226591356856447,0.3184,1.5703517587939697
LR,46,3405,79.40522766113281,395.209716796875,0.12379408178453316,0.19476839828249254,0.23344048623075372,0.3184,1.5703517587939697
LR,24,3406,76.64346313476562,353.4761199951172,0.14043452481799898,0.3871683360844168,0.18397928392663396,0.3184,1.5703517587939697
LR,21,3407,102.1448974609375,265.2266845703125,0.10188441984179063,0.15906767582424164,0.15790744896263212,0.3184,1.5703517587939697
LR,53,3408,83.87942504882812,470.2465515136719,0.20788788610557485,0.2935938197508521,0.22570872588906024,0.3184,1.5703517587939697
LR,46,3409,78.365966796875,292.82824325561523,0.15434508749293457,0.33321728123808597,0.20791787835548514,0.3184,1.5703517587939697
LR,43,3410,100.49145030975342,237.6128053665161,0.1176740397966479,0.19464452102148744,0.15461194002557987,0.3184,1.5703517587939697
LR,44,3411,83.18255615234375,323.78731536865234,0.21089785615040096,0.350524467625868,0.23586792646148666,0.3184,1.5703517587939697
LR,40,3412,98.8167028427124,239.8748016357422,0.1204900237803469,0.23611781314315233,0.2256105111444038,0.3184,1.5703517587939697
LR,30,3413,96.90144348144531,479.067626953125,0.12513261246076143,0.225047100745486,0.1492990754032785,0.3184,1.5703517587939697
LR,52,3414,99.80224609375,988.615966796875,0.13125876267660863,0.33116546650839224,0.1660725388719309,0.3184,1.5703517587939697
LR,4,3415,84.4732666015625,848.0242309570312,0.1273110290064748,0.23888204266336735,0.16573465640861618,0.3184,1.5703517587939697
LR,43,3416,76.96031188964844,678.8227996826172,0.12164561145738333,0.457212731169618,0.21043006146774088,0.3184,1.5703517587939697
LR,54,3417,104.90774726867676,278.8116455078125,0.14271365456619178,0.6056016594872792,0.22440074341336444,0.3184,1.5703517587939697
LR,19,3418,102.47984409332275,448.24365997314453,0.09675006712696847,0.26193749234912234,0.15851633879811286,0.3184,1.5703517587939697
LR,49,3419,102.26544189453125,364.9716796875,0.14852304557213014,0.2448714489549834,0.17320758563836708,0.3184,1.5703517587939697
LR,28,3420,100.16195678710938,658.0965423583984,0.11806780718743212,0.20053129975035827,0.1431998356852388,0.3184,1.5703517587939697
LR,43,3421,76.01730346679688,256.2468566894531,0.1854826698282175,0.37625498189008366,0.2398128142899691,0.3184,1.5703517587939697
LR,10,3422,84.166015625,487.5788269042969,0.3108462042859906,0.5265453851378252,0.3067281646930103,0.3184,1.5703517587939697
LR,3,3423,77.44163513183594,663.1411743164062,0.13057100481872824,0.48027346922384734,0.18241202524074362,0.3184,1.5703517587939697
LR,51,3424,75.76107788085938,922.2867317199707,0.15319122209454913,0.23844031551874498,0.17090025613440357,0.3184,1.5703517587939697
LR,8,3425,80.43362426757812,214.29931640625,0.11776682567799521,0.2200724933001055,0.1870323198680345,0.3184,1.5703517587939697
LR,21,3426,100.82310485839844,435.6246795654297,0.2032912345972939,0.5555399081149168,0.2654772531022717,0.3184,1.5703517587939697
LR,46,3427,76.67933654785156,312.8526306152344,0.23914080773153995,0.44069704887214023,0.28822582819784154,0.3184,1.5703517587939697
LR,50,3428,97.14693975448608,235.39779663085938,0.11192546025980428,0.6325742660826715,0.3426071891601223,0.3184,1.5703517587939697
LR,7,3429,77.09161376953125,489.8755645751953,0.16451811220304502,0.4360430466186798,0.2161978127687186,0.3184,1.5703517587939697
LR,4,3430,76.29823303222656,366.1934509277344,0.20796092255287296,0.5300866034613276,0.26296992567625427,0.3184,1.5703517587939697
LR,52,3431,95.8552041053772,290.1692123413086,0.1527730894994749,0.4547832863015877,0.2245830901598886,0.3184,1.5703517587939697
LR,53,3432,82.62332153320312,451.1054992675781,0.2017773256300253,0.29158463912849153,0.22317077247437428,0.3184,1.5703517587939697
LR,17,3433,83.66061401367188,321.0586624145508,0.22150017654247459,0.5445371306670702,0.28894301580643894,0.3184,1.5703517587939697
LR,52,3434,99.36614990234375,1019.0504760742188,0.1281676805540113,0.35111238090149754,0.16664903915310117,0.3184,1.5703517587939697
LR,32,3435,99.35261535644531,419.0133056640625,0.2140691515338786,0.30848905762168566,0.24895804361635573,0.3184,1.5703517587939697
LR,45,3436,98.04225635528564,623.8177642822266,0.11999301369790358,0.5685912661902244,0.22513765657951998,0.3184,1.5703517587939697
LR,18,3437,95.62382507324219,407.4046572446823,0.20712020709868884,0.5760878589612518,0.2858606620890927,0.3184,1.5703517587939697
LR,4,3438,81.80635070800781,365.8265838623047,0.4139023380743952,0.6203503863214199,0.38665191544879607,0.3184,1.5703517587939697
LR,46,3439,75.25454711914062,219.6176300048828,0.2376316311528157,0.6661817708095283,0.2996885800186747,0.3184,1.5703517587939697
LR,30,3440,95.94070434570312,544.0019378662109,0.1627594632649798,0.48577665159315103,0.22166459034388847,0.3184,1.5703517587939697
LR,45,3441,76.80827331542969,313.05369567871094,0.14262612426173304,0.4402986334056583,0.19603892435760772,0.3184,1.5703517587939697
LR,46,3442,79.54840087890625,230.30059814453125,0.11637019098979931,0.6165389607992953,0.2625861543492647,0.3184,1.5703517587939697
LR,48,3443,80.45578002929688,359.79735565185547,0.1982840846216854,0.5440015551587323,0.24874813970881168,0.3184,1.5703517587939697
LR,24,3444,81.94879150390625,534.0636596679688,0.13039426980792526,0.4662352900020606,0.18638040398340922,0.3184,1.5703517587939697
LR,8,3445,96.33938598632812,386.13966369628906,0.11737651242489952,0.48323709586337715,0.20102555629535745,0.3184,1.5703517587939697
LR,9,3446,102.15556812286377,344.2243957519531,0.12920130539449418,0.3446718688329999,0.17020271605648835,0.3184,1.5703517587939697
LR,49,3447,95.59852600097656,1145.6580810546875,0.14204619873057475,0.22758493523763362,0.166632345326434,0.3184,1.5703517587939697
LR,10,3448,100.63723850250244,251.09577131271362,0.11867793229658112,0.4509242153684256,0.19136334222723195,0.3184,1.5703517587939697
LR,45,3449,79.26458740234375,605.4658050537109,0.15000990113729334,0.33948000694421154,0.18474634150915514,0.3184,1.5703517587939697
LR,48,3450,82.09906005859375,372.590087890625,0.13500013602526015,0.4681611212061885,0.19756850431475131,0.3184,1.5703517587939697
LR,4,3451,104.74546813964844,244.26316833496094,0.20004312081362718,0.5523862525977438,0.2687733670018361,0.3184,1.5703517587939697
LR,21,3452,97.24540710449219,513.9091186523438,0.15558141522075897,0.21720496764233932,0.19839322450121036,0.3184,1.5703517587939697
LR,45,3453,81.34799194335938,372.5204162597656,0.16048942186417417,0.45182484802994927,0.2210521938193312,0.3184,1.5703517587939697
LR,55,3454,83.87387084960938,251.26373291015625,0.27034105152924937,0.5985025855380334,0.3184282965191218,0.3184,1.5703517587939697
LR,29,3455,102.80519104003906,211.99017333984375,0.14907377122278354,0.2992096507319898,0.18678826523710224,0.3184,1.5703517587939697
LR,40,3456,103.07497119903564,314.40950775146484,0.12688434886026412,0.44676793156725086,0.2031722231060768,0.3184,1.5703517587939697
LR,22,3457,99.43389892578125,473.7052917480469,0.18783600988629093,0.4710357759339639,0.2268577572197126,0.3184,1.5703517587939697
LR,8,3458,98.74565124511719,290.3026123046875,0.1578844220464155,0.3370367097991747,0.19593871921921643,0.3184,1.5703517587939697
LR,8,3459,99.63725280761719,546.7983703613281,0.173795213701475,0.28553150404755473,0.20955853670869112,0.3184,1.5703517587939697
LR,53,3460,98.45141887664795,638.8814392089844,0.12031826615224465,0.26356676153380454,0.14681717797042546,0.3184,1.5703517587939697
LR,34,3461,103.71871757507324,372.8099670410156,0.10396262646160426,0.1845910230891361,0.1291878280442313,0.3184,1.5703517587939697
LR,2,3462,103.24165344238281,385.2086868286133,0.13440051156400212,0.2173818050738239,0.1630156390091309,0.3184,1.5703517587939697
LR,22,3463,96.51901245117188,355.26995849609375,0.13319917032074274,0.26341529005115827,0.16667495650145797,0.3184,1.5703517587939697
LR,31,3464,97.87796020507812,449.2765808105469,0.16126339414023677,0.2532461303663899,0.182918052682245,0.3184,1.5703517587939697
LR,45,3465,84.38323974609375,473.8733825683594,0.13172582026589633,0.32349611838990705,0.19093717904798038,0.3184,1.5703517587939697
LR,4,3466,77.80430603027344,315.5255432128906,0.06566954760363614,0.649120986376151,0.40192130433098466,0.3184,1.5703517587939697
LR,47,3467,83.82089233398438,279.4416618347168,0.16967729111877458,0.5007575745345892,0.24787046726688552,0.3184,1.5703517587939697
LR,39,3468,98.45141887664795,459.89776611328125,0.09170452708380379,0.34378606674394246,0.15047416427843938,0.3184,1.5703517587939697
LR,19,3469,97.81462097167969,369.2751770019531,0.20845260986992598,0.5525414900411515,0.2599287563584058,0.3184,1.5703517587939697
LR,21,3470,78.68978881835938,484.462646484375,0.12204754644015797,0.21363119697093966,0.15028455782751976,0.3184,1.5703517587939697
LR,27,3471,84.26744079589844,617.3155822753906,0.14036717261897122,0.24533475584815334,0.17105697668513362,0.3184,1.5703517587939697
LR,1,3472,103.57173156738281,207.28372192382812,0.14621109884820185,0.2560814676487872,0.18537746631633334,0.3184,1.5703517587939697
LR,16,3473,103.6110486984253,246.37179565429688,0.2554816068807835,0.6196221461873134,0.29701046114199353,0.3184,1.5703517587939697
LR,1,3474,101.04111003875732,270.0485076904297,0.24209690075025583,0.3337411485579412,0.24784517910376422,0.3184,1.5703517587939697
LR,2,3475,102.69742107391357,240.74844360351562,0.10829640998608608,0.5111720600832574,0.20479884223170222,0.3184,1.5703517587939697
LR,53,3476,103.47441101074219,500.66307067871094,0.11970317558658522,0.21305488501320807,0.14762946879633987,0.3184,1.5703517587939697
LR,41,3477,95.38850402832031,606.9100341796875,0.12251148999732804,0.19511705996063103,0.16811051770659946,0.3184,1.5703517587939697
LR,40,3478,81.42530822753906,321.2954406738281,0.18353155324992132,0.5871660009191229,0.2542619618586272,0.3184,1.5703517587939697
LR,43,3479,80.83807373046875,254.50585842132568,0.1693186890513414,0.35398120790975585,0.2146603418481592,0.3184,1.5703517587939697
LR,21,3480,103.26762676239014,382.23046493530273,0.12494007663639109,0.3432365284616566,0.16143132735756788,0.3184,1.5703517587939697
LR,1,3481,82.47689819335938,336.5147714614868,0.15647229496135082,0.2579278732572696,0.2127530541172142,0.3184,1.5703517587939697
LR,53,3482,95.0494384765625,252.65158081054688,0.19629952704732484,0.4604857782425648,0.29540582366065626,0.3184,1.5703517587939697
LR,4,3483,100.0277328491211,432.47122955322266,0.18722436993979122,0.371074084887991,0.22843846798208517,0.3184,1.5703517587939697
LR,48,3484,82.94845581054688,222.2650146484375,0.3434989221256434,0.6078292282136427,0.45995720691008507,0.3184,1.5703517587939697
LR,28,3485,96.06098079681396,577.392822265625,0.10211053008533515,0.1695380999455453,0.1372040895973473,0.3184,1.5703517587939697
LR,35,3486,100.3757791519165,390.36175537109375,0.3042404264375401,0.3573327749703268,0.35185577341014584,0.3184,1.5703517587939697
LR,25,3487,81.20307922363281,341.87833404541016,0.19913671641027372,0.5118318225839882,0.2676157952517122,0.3184,1.5703517587939697
LR,48,3488,81.19369506835938,294.2082824707031,0.23615738181505636,0.35024308047512437,0.2622141384640988,0.3184,1.5703517587939697
LR,32,3489,102.58378219604492,353.486572265625,0.11822475118673544,0.2429792268088489,0.15107481629710395,0.3184,1.5703517587939697
LR,19,3490,98.00408554077148,412.8889923095703,0.10363778957850998,0.17110918704417863,0.13921933841126916,0.3184,1.5703517587939697
LR,22,3491,99.80390930175781,414.8833312988281,0.2525214621679436,0.49320062738863063,0.30639554058585805,0.3184,1.5703517587939697
LR,28,3492,100.11380290985107,278.7830505371094,0.281463491174763,0.3432108152517829,0.2942396946794055,0.3184,1.5703517587939697
LR,43,3493,98.19024753570557,311.472900390625,0.16732494293689598,0.4909539467404391,0.27036723851816946,0.3184,1.5703517587939697
LR,11,3494,100.69938945770264,258.70765686035156,0.13424096518053982,0.3913502204739776,0.1868567630136206,0.3184,1.5703517587939697
LR,43,3495,98.19024753570557,485.71734619140625,0.11911330275575538,0.21892986191948044,0.14167801226182436,0.3184,1.5703517587939697
LR,15,3496,95.04165649414062,313.21952056884766,0.10386875262148523,0.17383159156598485,0.1386407878194016,0.3184,1.5703517587939697
LR,51,3497,98.41177368164062,207.2510986328125,0.2541906722118975,0.5095252459046363,0.33099851714668777,0.3184,1.5703517587939697
LR,14,3498,76.84796142578125,212.43756103515625,0.33438977427031663,0.3988928530375786,0.3494275039253382,0.3184,1.5703517587939697
LR,22,3499,98.63660049438477,332.4264831542969,0.11138231781150965,0.19013584121231789,0.1492025146078721,0.3184,1.5703517587939697
LR,54,3500,79.14349365234375,486.6865539550781,0.13507780782107623,0.4960487755399093,0.22389802708387296,0.3184,1.5703517587939697
LR,55,3501,77.00436401367188,655.7223739624023,0.12918928481938885,0.22718109405520368,0.16206679734138227,0.3184,1.5703517587939697
LR,33,3502,83.66061401367188,614.8599395751953,0.13232538118762832,0.37985584898496705,0.17017722337703012,0.3184,1.5703517587939697
LR,37,3503,102.99563598632812,664.6226425170898,0.11746791943132262,0.19479651864932948,0.13840984682809074,0.3184,1.5703517587939697
LR,26,3504,101.02361965179443,215.03414821624756,0.1926625779007398,0.5937979945957946,0.2774558871081824,0.3184,1.5703517587939697
LR,37,3505,84.80636596679688,628.4924468994141,0.1297510732157319,0.39512093812914423,0.17366320836076532,0.3184,1.5703517587939697
LR,20,3506,79.01919555664062,540.6208190917969,0.31798750986786056,0.4977606922291379,0.3269589921326578,0.3184,1.5703517587939697
LR,47,3507,81.97824096679688,351.4887390136719,0.20917628821415188,0.5820866360532226,0.2825451857900054,0.3184,1.5703517587939697
LR,19,3508,75.44461059570312,418.0495939254761,0.14782572233332117,0.40813634619356687,0.20722676095548148,0.3184,1.5703517587939697
LR,10,3509,78.91725158691406,465.0266418457031,0.2854028412755002,0.4734672656732245,0.2709578472430662,0.3184,1.5703517587939697
LR,25,3510,76.05279541015625,359.47231674194336,0.17224979249281028,0.43669414216767755,0.2376492145103199,0.3184,1.5703517587939697
LR,33,3511,98.68792724609375,362.9455871582031,0.139775427566556,0.43661913675473973,0.2836165827600313,0.3184,1.5703517587939697
LR,45,3512,80.21783447265625,445.7341613769531,0.09861405626133385,0.5183866545924908,0.22138405475931022,0.3184,1.5703517587939697
LR,11,3513,76.63186645507812,442.7599639892578,0.14343228353125928,0.2255441255223688,0.2340203389282473,0.3184,1.5703517587939697
LR,14,3514,98.77026081085205,414.64503479003906,0.1421966994452445,0.4009268347547351,0.1992864981478868,0.3184,1.5703517587939697
LR,47,3515,77.42025756835938,356.12294006347656,0.1996054054206735,0.44031077278262154,0.24445083949076296,0.3184,1.5703517587939697
LR,46,3516,104.09327220916748,407.9713439941406,0.11267751799995468,0.19337803941824044,0.13495000919432473,0.3184,1.5703517587939697
LR,21,3517,103.44410037994385,451.7188415527344,0.09646806921064514,0.27106234317396255,0.13702677404468777,0.3184,1.5703517587939697
LR,25,3518,81.18011474609375,363.0673065185547,0.13985141282506955,0.5085881609383459,0.24899967967537837,0.3184,1.5703517587939697
LR,34,3519,77.19480895996094,466.1000061035156,0.11961342580831494,0.3172645355691886,0.16751984052680152,0.3184,1.5703517587939697
LR,27,3520,103.27754211425781,281.3977355957031,0.2877389855165222,0.4295555545412944,0.2551666440908707,0.3184,1.5703517587939697
LR,17,3521,96.14581298828125,297.0420227050781,0.08164720306925904,0.5552119093408399,0.20858753188619159,0.3184,1.5703517587939697
LR,12,3522,97.18351745605469,347.9913330078125,0.09169639148936848,0.13947912086730563,0.1671334577745873,0.3184,1.5703517587939697
LR,5,3523,80.53800964355469,223.22369384765625,0.1291808315828546,0.5766138351948072,0.22944946075009123,0.3184,1.5703517587939697
LR,4,3524,84.61148071289062,325.2626495361328,0.10974355528189458,0.3596545533100458,0.22008300886887924,0.3184,1.5703517587939697
LR,16,3525,78.00860595703125,487.66678619384766,0.14895017511518863,0.46462654666927344,0.2027154483875252,0.3184,1.5703517587939697
LR,10,3526,95.24224805831909,264.81976318359375,0.19955068013641256,0.257478192935615,0.26985271733449834,0.3184,1.5703517587939697
LR,54,3527,101.47280883789062,873.0971221923828,0.1244935802531128,0.3217751093071504,0.15695367040396502,0.3184,1.5703517587939697
LR,24,3528,100.6763916015625,547.0239715576172,0.194484352070018,0.3353041759391244,0.21875715526504388,0.3184,1.5703517587939697
LR,47,3529,79.1680908203125,352.5,0.10811830513145519,0.3038443175387793,0.1725605622353822,0.3184,1.5703517587939697
LR,16,3530,82.64164733886719,302.1801452636719,0.2834572486810089,0.5140851194805596,0.3248664793244043,0.3184,1.5703517587939697
LR,14,3531,100.57658386230469,340.8520965576172,0.1735835054289215,0.48093443549531134,0.2312597722373621,0.3184,1.5703517587939697
LR,3,3532,82.65643310546875,305.9789695739746,0.25993150325046865,0.5978571908979408,0.3107405548154984,0.3184,1.5703517587939697
LR,16,3533,103.6609992980957,451.17755126953125,0.09757092808728912,0.3677625715202968,0.15695299980301453,0.3184,1.5703517587939697
LR,8,3534,95.90533208847046,494.9961967468262,0.1611055056830438,0.35810237017705354,0.20098570968144286,0.3184,1.5703517587939697
LR,47,3535,101.5535888671875,384.52967834472656,0.13783304826875245,0.23287857589438735,0.18407026656594588,0.3184,1.5703517587939697
LR,37,3536,97.4306869506836,281.9054374694824,0.3564566057786281,0.4996942002558197,0.39192809330571293,0.3184,1.5703517587939697
LR,24,3537,99.17132568359375,531.7204437255859,0.13527157881298216,0.4442047554125374,0.2206428662796511,0.3184,1.5703517587939697
LR,19,3538,84.80636596679688,291.16033935546875,0.282557784380706,0.43480316727071955,0.36235435534114396,0.3184,1.5703517587939697
LR,7,3539,80.727783203125,299.13519287109375,0.3465102694568432,0.4581549255450631,0.4336822035866272,0.3184,1.5703517587939697
LR,1,3540,82.02053833007812,263.9218444824219,0.13270639065973538,0.39189756624853483,0.1984717276106617,0.3184,1.5703517587939697
LR,13,3541,98.4705810546875,468.8403778076172,0.23360833704679354,0.5049976839943,0.3066070415806664,0.3184,1.5703517587939697
LR,20,3542,76.24240112304688,253.79987335205078,0.16551228771611798,0.3356966989255611,0.26477105763692793,0.3184,1.5703517587939697
LR,54,3543,97.47084045410156,994.9083099365234,0.16105412123386742,0.4269539245187901,0.212883992849723,0.3184,1.5703517587939697
LR,13,3544,95.31375122070312,503.9169616699219,0.1329615892011469,0.6054238441426062,0.22980813571336675,0.3184,1.5703517587939697
LR,37,3545,100.0804443359375,201.385986328125,0.1212755638425578,0.18130625331318956,0.19591596868913574,0.3184,1.5703517587939697
LR,9,3546,102.55416870117188,309.102108001709,0.17303662945943626,0.48334010374497266,0.2341352543436329,0.3184,1.5703517587939697
LR,21,3547,81.19369506835938,265.6975402832031,0.07768011451386227,0.5201517222765726,0.2206955664759741,0.3184,1.5703517587939697
LR,23,3548,80.83807373046875,537.3313751220703,0.1226315727861265,0.20817607971969646,0.14085653073915244,0.3184,1.5703517587939697
LR,51,3549,103.22020721435547,270.474910736084,0.13331424478103232,0.3685504663351524,0.18408888216005956,0.3184,1.5703517587939697
LR,53,3550,101.0939130783081,361.21319580078125,0.17145847927046678,0.44988347652802574,0.2316498778864527,0.3184,1.5703517587939697
LR,35,3551,95.4706039428711,525.5969543457031,0.12180935668656787,0.21345845321159243,0.13970451227327083,0.3184,1.5703517587939697
LR,12,3552,101.31020641326904,276.1434326171875,0.17925982377295357,0.26130401108136214,0.21282572875957637,0.3184,1.5703517587939697
LR,32,3553,97.01109313964844,521.410400390625,0.19041614802355192,0.3772286419397852,0.22369815279197056,0.3184,1.5703517587939697
LR,19,3554,97.96313714981079,698.9462585449219,0.1330890098381867,0.304864140498271,0.17125499496514243,0.3184,1.5703517587939697
LR,15,3555,75.73382568359375,214.61740112304688,0.16110734116434897,0.4981502423920514,0.2942110536572105,0.3184,1.5703517587939697
LR,2,3556,102.22577953338623,497.7872476577759,0.16370863255590176,0.3062381273352965,0.20669479191433557,0.3184,1.5703517587939697
LR,41,3557,82.875732421875,268.37698554992676,0.23506761362105041,0.5986512895667916,0.30910858355063864,0.3184,1.5703517587939697
LR,42,3558,77.67985534667969,669.5915851593018,0.1036785596702828,0.16571403010559604,0.18162456126504195,0.3184,1.5703517587939697
LR,18,3559,99.56637573242188,319.4114990234375,0.1747372525230033,0.6040483204677543,0.271262014206486,0.3184,1.5703517587939697
LR,42,3560,81.23538208007812,229.2547378540039,0.164372873533399,0.43642951114800066,0.23181955160126294,0.3184,1.5703517587939697
LR,13,3561,104.5362548828125,290.5815124511719,0.12073074560352987,0.32944428015999483,0.16869579349334038,0.3184,1.5703517587939697
LR,36,3562,79.3670654296875,546.0500183105469,0.10458699369053043,0.16540504586547244,0.16252493648122895,0.3184,1.5703517587939697
LR,32,3563,103.43941879272461,505.1690902709961,0.1076115220598992,0.4383038040286404,0.17059208151571528,0.3184,1.5703517587939697
LR,33,3564,77.80632019042969,413.23609924316406,0.19195399894867798,0.4545243554003803,0.25910615897085715,0.3184,1.5703517587939697
LR,44,3565,84.14479064941406,453.584716796875,0.13465146335335237,0.20805504439927977,0.21246139792754035,0.3184,1.5703517587939697
LR,54,3566,84.17446899414062,561.22900390625,0.3796602575407995,0.5457857265742982,0.40471714153490157,0.3184,1.5703517587939697
LR,27,3567,99.79960441589355,535.2675113677979,0.17957340019759999,0.5683607281840662,0.25781317110065155,0.3184,1.5703517587939697
LR,19,3568,95.59852600097656,287.35296630859375,0.20380756196008276,0.4711465313571368,0.25372020574613807,0.3184,1.5703517587939697
LR,32,3569,97.86841106414795,476.7801513671875,0.21885242610620165,0.5327008860817957,0.26669741828300175,0.3184,1.5703517587939697
LR,53,3570,82.37649536132812,391.5726318359375,0.20936622169084693,0.3063437301947875,0.23490629799806212,0.3184,1.5703517587939697
LR,55,3571,102.068359375,777.5513000488281,0.13165500532553684,0.35680123509018286,0.1671365845125401,0.3184,1.5703517587939697
LR,46,3572,77.16612243652344,368.27613830566406,0.22227790010853768,0.44504174585929046,0.2615474632514647,0.3184,1.5703517587939697
LR,4,3573,82.96281433105469,309.35540771484375,0.19713270942336203,0.48758532076078265,0.23948824404118996,0.3184,1.5703517587939697
LR,32,3574,98.8554162979126,410.5232849121094,0.22262003265265395,0.5271039898387038,0.2717694145136722,0.3184,1.5703517587939697
LR,21,3575,104.69919776916504,282.16864013671875,0.12058760292863088,0.665978423378565,0.32998712248714107,0.3184,1.5703517587939697
LR,2,3576,101.79389953613281,217.47019958496094,0.23458533044070365,0.6760681308579201,0.2943385065713182,0.3184,1.5703517587939697
LR,16,3577,98.02659606933594,336.1736145019531,0.20664032117192568,0.5459676048283902,0.26895769544705156,0.3184,1.5703517587939697
LR,44,3578,84.4503173828125,241.246337890625,0.315101905329295,0.5383892933283214,0.3262417883651045,0.3184,1.5703517587939697
LR,44,3579,95.02828979492188,464.77027893066406,0.18205124371590128,0.382773441522885,0.2157391533651961,0.3184,1.5703517587939697
LR,17,3580,77.34658813476562,418.88487243652344,0.12865738966366538,0.3576435770473857,0.1716306594551214,0.3184,1.5703517587939697
LR,44,3581,95.7919921875,394.5193176269531,0.25477945877202557,0.5147381029507128,0.2858932175090718,0.3184,1.5703517587939697
LR,49,3582,75.9158935546875,401.03357696533203,0.10750375702351081,0.1674080031328087,0.1578176336729096,0.3184,1.5703517587939697
LR,16,3583,98.19190216064453,270.9824028015137,0.18263053795945203,0.5908043975096515,0.25975465027086875,0.3184,1.5703517587939697
LR,47,3584,80.27267456054688,381.1273651123047,0.12598335760233406,0.27297161323563085,0.1636496917037001,0.3184,1.5703517587939697
LR,8,3585,100.8404016494751,439.4292907714844,0.1315417103670422,0.3589038008393024,0.18443827423026554,0.3184,1.5703517587939697
LR,54,3586,96.91046142578125,205.43714904785156,0.3083793451637825,0.5442959594098756,0.362518489039223,0.3184,1.5703517587939697
LR,50,3587,78.51766967773438,316.1833801269531,0.20152191704932723,0.2954745089665058,0.2243316795106716,0.3184,1.5703517587939697
LR,0,3588,84.80636596679688,441.83396911621094,0.12911909861187185,0.22811848429335324,0.16651749164471516,0.3184,1.5703517587939697
LR,37,3589,81.43731689453125,266.93302154541016,0.13073812160477155,0.47709410193924306,0.20357401416818424,0.3184,1.5703517587939697
LR,13,3590,100.51002311706543,285.39679431915283,0.11762014070545523,0.5284368600202963,0.2160054987943474,0.3184,1.5703517587939697
LR,22,3591,96.33938598632812,296.7396240234375,0.355154876275681,0.5363030705455842,0.38581684792054843,0.3184,1.5703517587939697
LR,19,3592,84.3701171875,766.4676208496094,0.12659182459663876,0.4364781588478672,0.1805132299422846,0.3184,1.5703517587939697
LR,38,3593,99.72097682952881,398.37994384765625,0.16100507143788226,0.4745917576930726,0.2441306126333367,0.3184,1.5703517587939697
LR,48,3594,76.54006958007812,261.5609130859375,0.13654085598669527,0.23021118414035174,0.18522678944359014,0.3184,1.5703517587939697
LR,52,3595,75.69804382324219,1053.977783203125,0.17005101266777123,0.28002392369991524,0.18270702504886496,0.3184,1.5703517587939697
LR,6,3596,102.59414672851562,601.779167175293,0.13612018423569489,0.46895759170674817,0.2071726242352715,0.3184,1.5703517587939697
LR,42,3597,104.62271118164062,413.02857208251953,0.1499164518450615,0.5058152690796998,0.20057234452230005,0.3184,1.5703517587939697
LR,52,3598,104.12476634979248,235.04182815551758,0.1391198225175286,0.6070133950367369,0.21215035630104842,0.3184,1.5703517587939697
LR,29,3599,99.68851089477539,437.7298889160156,0.17656041139530565,0.2736005651974991,0.1958407430341062,0.3184,1.5703517587939697
LR,20,3600,77.90463256835938,482.2459716796875,0.16531192137419176,0.514802413493959,0.23824524400216754,0.3184,1.5703517587939697
LR,18,3601,104.40571594238281,608.9678497314453,0.16999491211216602,0.35837444661242523,0.21302372274545062,0.3184,1.5703517587939697
LR,29,3602,96.69345092773438,296.7397003173828,0.21386094256973492,0.4434426171055756,0.2519450135484097,0.3184,1.5703517587939697
LR,53,3603,84.58892822265625,246.33374786376953,0.17760625948965147,0.4527826178147241,0.24691157268626288,0.3184,1.5703517587939697
LR,4,3604,101.74608325958252,237.149169921875,0.2101009870188362,0.2554477818605906,0.30532049143188317,0.3184,1.5703517587939697
LR,29,3605,79.24896240234375,543.2737274169922,0.1297672028382361,0.24776205297971518,0.16031467329704907,0.3184,1.5703517587939697
LR,53,3606,75.59428405761719,480.50494384765625,0.19974008041708782,0.4971269686278757,0.23671444917262255,0.3184,1.5703517587939697
LR,33,3607,78.5931396484375,528.6429290771484,0.12124880747355649,0.22551602465267168,0.15087177682367317,0.3184,1.5703517587939697
LR,23,3608,99.25982666015625,307.7597427368164,0.22497877945232364,0.5689245982956773,0.29775810578862155,0.3184,1.5703517587939697
LR,46,3609,95.62987470626831,353.82391357421875,0.14327169433805054,0.19304269137692154,0.2795290993562683,0.3184,1.5703517587939697
LR,45,3610,80.74017333984375,704.2959022521973,0.11713011347249115,0.359946748136849,0.16804089152251822,0.3184,1.5703517587939697
LR,20,3611,95.82553243637085,202.98223876953125,0.4010858806202454,0.616629619175942,0.5037532922408411,0.3184,1.5703517587939697
LR,50,3612,78.14166259765625,232.54827880859375,0.45518237286937513,0.7093752546791454,0.43468533432137535,0.3184,1.5703517587939697
LR,53,3613,76.21699523925781,200.4023208618164,0.11335338782069966,0.19218139872137047,0.1938858865822057,0.3184,1.5703517587939697
LR,32,3614,101.78865051269531,212.06546020507812,0.15731955687063212,0.4534153691373003,0.24412256702725701,0.3184,1.5703517587939697
LR,12,3615,83.47625732421875,203.39544677734375,0.3196824696690358,0.45630238736609474,0.343493478013173,0.3184,1.5703517587939697
LR,8,3616,99.71852493286133,297.8871726989746,0.11088435991948507,0.5001991245036612,0.2298932499252374,0.3184,1.5703517587939697
LR,23,3617,79.23178100585938,355.06004524230957,0.173643754668233,0.5995244822435982,0.24439697097936935,0.3184,1.5703517587939697
LR,28,3618,84.14479064941406,315.54053497314453,0.14165020003363485,0.38440023852333266,0.18899058554254325,0.3184,1.5703517587939697
LR,9,3619,101.31020641326904,328.3589324951172,0.09638547218766078,0.4839547339119551,0.1992040238315099,0.3184,1.5703517587939697
LR,14,3620,97.15706443786621,679.4986796379089,0.13935555962252835,0.3316056165353853,0.18372991140819778,0.3184,1.5703517587939697
LR,48,3621,102.8365478515625,662.5101852416992,0.11698162594865091,0.25714503054817495,0.14369780431956197,0.3184,1.5703517587939697
LR,29,3622,95.54595708847046,302.67144775390625,0.2669824960774051,0.4909730475052611,0.3872465602892328,0.3184,1.5703517587939697
LR,26,3623,102.99563121795654,216.31018829345703,0.3067682018903048,0.4960208781725424,0.32578342929192877,0.3184,1.5703517587939697
LR,47,3624,96.45802307128906,610.4004249572754,0.11308829378570198,0.21684479076980268,0.17262973877373794,0.3184,1.5703517587939697
LR,22,3625,96.70905351638794,213.505615234375,0.22484116588497383,0.5322911972881693,0.2942149313781354,0.3184,1.5703517587939697
LR,49,3626,79.00735473632812,405.94621086120605,0.11315276378236114,0.1887791261924166,0.1683323589106326,0.3184,1.5703517587939697
LR,53,3627,98.88018798828125,457.8422737121582,0.10278589649254659,0.16460853048901725,0.1347816238313183,0.3184,1.5703517587939697
LR,55,3628,101.58100032806396,456.2695503234863,0.17229011731968494,0.3455325779161029,0.20466567741379146,0.3184,1.5703517587939697
LR,53,3629,101.02969646453857,518.7049837112427,0.15557517593003284,0.3246220661189707,0.1914213276218083,0.3184,1.5703517587939697
LR,46,3630,79.44819641113281,214.9659423828125,0.10133966916329819,0.5307816896404145,0.34955442624754934,0.3184,1.5703517587939697
LR,44,3631,103.86691284179688,398.8781261444092,0.1654354561106636,0.3524292489405843,0.1984297135714682,0.3184,1.5703517587939697
LR,4,3632,103.33143615722656,501.8561096191406,0.29943902275588885,0.474165818868747,0.32181976684129915,0.3184,1.5703517587939697
LR,11,3633,95.39694547653198,706.6711025238037,0.14479440010692537,0.3715538238887684,0.18738364516863368,0.3184,1.5703517587939697
LR,41,3634,100.95985889434814,225.8967170715332,0.2293443026153925,0.43699953050042506,0.29457252415411755,0.3184,1.5703517587939697
LR,39,3635,80.53800964355469,474.17411613464355,0.10595250875705463,0.5277370863432282,0.17235637539610862,0.3184,1.5703517587939697
LR,54,3636,98.01359558105469,1099.3318634033203,0.16242475340306986,0.4009089243690965,0.1999088249977721,0.3184,1.5703517587939697
LR,31,3637,75.04443359375,324.82415771484375,0.2334974658207972,0.3321146732674952,0.24240048814039683,0.3184,1.5703517587939697
LR,23,3638,102.01544189453125,444.4229431152344,0.17177161974654925,0.3520374675165592,0.20770077726844996,0.3184,1.5703517587939697
LR,32,3639,82.906005859375,618.0473937988281,0.12196702631802404,0.20848887636683103,0.15877005329110117,0.3184,1.5703517587939697
LR,17,3640,77.78363037109375,261.2769775390625,0.22152834152556986,0.5845587934304249,0.3366580518563773,0.3184,1.5703517587939697
LR,12,3641,101.65071105957031,327.0356979370117,0.16369649616312248,0.4984587306267004,0.2139997799309896,0.3184,1.5703517587939697
LR,48,3642,80.10195922851562,255.47760009765625,0.23741339446783413,0.40787886457032513,0.2763274058046037,0.3184,1.5703517587939697
LR,13,3643,83.15798950195312,266.26902770996094,0.26639180556214215,0.580395352465916,0.3617604211491317,0.3184,1.5703517587939697
LR,50,3644,95.68522548675537,454.0819625854492,0.17091763897814985,0.5410328568884942,0.2579178128564591,0.3184,1.5703517587939697
LR,17,3645,79.80079650878906,478.1556091308594,0.2034409768679049,0.48285913195837277,0.2650140955190533,0.3184,1.5703517587939697
LR,0,3646,100.83016967773438,476.4030303955078,0.1610651998868242,0.2749951036557206,0.1870789186046069,0.3184,1.5703517587939697
LR,29,3647,96.49161672592163,208.81964111328125,0.2886711204963442,0.5052327073933869,0.5393994826051343,0.3184,1.5703517587939697
LR,32,3648,83.61204528808594,602.7201232910156,0.1346712485736171,0.43933366529171264,0.1820007848686027,0.3184,1.5703517587939697
LR,55,3649,79.56257629394531,534.372386932373,0.12209387212334362,0.4631354595117516,0.17920165425982928,0.3184,1.5703517587939697
LR,18,3650,97.4708423614502,267.4881286621094,0.09265011533061876,0.15253410971570058,0.14762940501459615,0.3184,1.5703517587939697
LR,30,3651,98.12948608398438,557.8394393920898,0.24873718698728495,0.5253421470972383,0.27620632696728453,0.3184,1.5703517587939697
LR,16,3652,101.8487548828125,527.4898071289062,0.17114262009898357,0.4011731886928306,0.19877406627121222,0.3184,1.5703517587939697
LR,9,3653,78.90260314941406,297.38067626953125,0.15578730912769448,0.20673378908832507,0.19987371186817107,0.3184,1.5703517587939697
LR,37,3654,100.71318054199219,275.65325927734375,0.06708806048640746,0.3410687724331673,0.25971578362749775,0.3184,1.5703517587939697
LR,31,3655,101.39907169342041,463.02195739746094,0.09218611202159223,0.14682323725812194,0.12152095599908284,0.3184,1.5703517587939697
LR,44,3656,96.83023071289062,367.86090087890625,0.1659500327894164,0.22644184059441316,0.2447612461648404,0.3184,1.5703517587939697
LR,38,3657,84.94354248046875,724.4092864990234,0.13163592788649076,0.4077234486990117,0.17990955454785473,0.3184,1.5703517587939697
LR,50,3658,101.31020641326904,230.92399048805237,0.14971868232957924,0.2659385231568289,0.2154424605372578,0.3184,1.5703517587939697
LR,2,3659,77.90464782714844,298.61597633361816,0.10053281958762021,0.16060721269191067,0.14430540133717434,0.3184,1.5703517587939697
LR,51,3660,82.78337097167969,779.9016265869141,0.15267350179230257,0.285121517390259,0.1859356253442973,0.3184,1.5703517587939697
LR,16,3661,75.86793518066406,379.0946350097656,0.1251309166880998,0.3602605113855535,0.15920690901879625,0.3184,1.5703517587939697
LR,51,3662,100.82310104370117,228.8072509765625,0.12906024391064508,0.451244970234617,0.2600599625463415,0.3184,1.5703517587939697
LR,33,3663,97.56769180297852,206.810546875,0.19241467950310862,0.4808533712533577,0.42009522426315243,0.3184,1.5703517587939697
LR,43,3664,98.20929050445557,411.9412841796875,0.10694637578383753,0.2319379953678179,0.15912217339409285,0.3184,1.5703517587939697
LR,35,3665,101.57556819915771,401.9650115966797,0.11044047587972655,0.18498364597458758,0.13619964122072406,0.3184,1.5703517587939697
LR,50,3666,83.27389526367188,512.7443389892578,0.11424562562836953,0.3947429343453942,0.17719098403761757,0.3184,1.5703517587939697
LR,42,3667,95.43952941894531,219.069580078125,0.22832001343663536,0.44267344831468625,0.2648768692788554,0.3184,1.5703517587939697
LR,54,3668,96.52496337890625,954.8673629760742,0.1378550806505813,0.4132060623291048,0.17713722926019324,0.3184,1.5703517587939697
LR,44,3669,104.5362491607666,212.73845672607422,0.15863791529782872,0.48727617577717286,0.2496597022656176,0.3184,1.5703517587939697
LR,23,3670,95.41979122161865,215.5054931640625,0.1000765801679831,0.502508347618725,0.2580949840468299,0.3184,1.5703517587939697
LR,29,3671,79.954833984375,209.968505859375,0.1865167541132033,0.2675821049230882,0.23400633419233915,0.3184,1.5703517587939697
LR,11,3672,81.15867614746094,291.8800964355469,0.05656924177771043,0.6046085893534013,0.5147989930667072,0.3184,1.5703517587939697
LR,51,3673,99.91631698608398,355.9447326660156,0.21414105026930882,0.488934133181896,0.26265025731827246,0.3184,1.5703517587939697
LR,13,3674,84.2080078125,464.56912994384766,0.2434986988855437,0.5557065878640939,0.30368593786476766,0.3184,1.5703517587939697
LR,45,3675,82.35003662109375,275.5887565612793,0.16434134037113388,0.3980515801902631,0.22653397778714549,0.3184,1.5703517587939697
LR,12,3676,100.34478282928467,338.42156982421875,0.33709754932133446,0.5141545372338454,0.40962048840487536,0.3184,1.5703517587939697
LR,8,3677,78.22433471679688,422.28656005859375,0.22690263509482728,0.37657623341973867,0.25100708563426927,0.3184,1.5703517587939697
LR,25,3678,99.48587417602539,309.8197021484375,0.21675301970973754,0.3096523578363518,0.2561048331905232,0.3184,1.5703517587939697
LR,55,3679,103.58729553222656,253.3982696533203,0.11838871620639768,0.1895178057239295,0.18984361756781654,0.3184,1.5703517587939697
LR,15,3680,75.25453186035156,571.1513671875,0.13971989071681745,0.21962833244127894,0.19334262300510008,0.3184,1.5703517587939697
LR,52,3681,100.56801319122314,317.03350830078125,0.2716882252642506,0.5142777709626926,0.3856634716909532,0.3184,1.5703517587939697
LR,10,3682,100.28347778320312,588.4521484375,0.1514636792955696,0.4003878488698168,0.19323464672436386,0.3184,1.5703517587939697
LR,51,3683,84.29022216796875,356.45948791503906,0.11838944671292871,0.44624690273056045,0.18019026776811695,0.3184,1.5703517587939697
LR,55,3684,99.71298313140869,239.70263671875,0.32450798923145,0.48017267997832636,0.34870766935295355,0.3184,1.5703517587939697
LR,31,3685,83.21180725097656,691.9323883056641,0.1324505676585378,0.4360388326956129,0.1923804053753495,0.3184,1.5703517587939697
LR,16,3686,96.77487707138062,718.3592834472656,0.14279743722524516,0.3652027414834691,0.18478967510404729,0.3184,1.5703517587939697
LR,47,3687,99.95440864562988,506.1676940917969,0.11790210153917856,0.19829441424565036,0.13571270670666277,0.3184,1.5703517587939697
LR,1,3688,96.63172721862793,544.5498600006104,0.13007624952193034,0.5472147587304872,0.21665144922924154,0.3184,1.5703517587939697
LR,50,3689,96.68612480163574,479.97772216796875,0.1973683680963087,0.40690248169671694,0.23526318779234007,0.3184,1.5703517587939697
LR,28,3690,100.86863136291504,569.0699729919434,0.13098427577103763,0.36502827480864347,0.1811561006393071,0.3184,1.5703517587939697
LR,43,3691,75.4637451171875,280.43137073516846,0.17347707657390685,0.33990690560441245,0.2312556097966071,0.3184,1.5703517587939697
LR,54,3692,100.28680419921875,879.2436981201172,0.12918994421610797,0.3507142289746425,0.16171491687624784,0.3184,1.5703517587939697
LR,39,3693,83.25909423828125,231.56072998046875,0.3077331089681758,0.5061116067689941,0.3210411331115232,0.3184,1.5703517587939697
LR,16,3694,80.4107666015625,520.5797119140625,0.24333099568134323,0.44945403051370986,0.2667757381281281,0.3184,1.5703517587939697
LR,12,3695,75.67559814453125,498.9722213745117,0.14046926742798901,0.48728182727391295,0.19394406266217254,0.3184,1.5703517587939697
LR,31,3696,83.83062744140625,345.3992919921875,0.2462713592307297,0.4347644853509077,0.2740515315933713,0.3184,1.5703517587939697
LR,28,3697,99.03561592102051,294.42138671875,0.2430336857032944,0.3349931909416009,0.2837855508394924,0.3184,1.5703517587939697
LR,5,3698,98.74565124511719,546.8690719604492,0.15673478209989322,0.26345997501119855,0.18501208155018264,0.3184,1.5703517587939697
LR,15,3699,81.36090087890625,460.75379943847656,0.1317719943475279,0.2420779823192628,0.1600787786645782,0.3184,1.5703517587939697
LR,1,3700,96.16218280792236,242.32366943359375,0.1659983928945208,0.3729488866328672,0.21240070468387667,0.3184,1.5703517587939697
LR,12,3701,102.62905883789062,339.14278411865234,0.15179452042142902,0.40761248739659767,0.19731741230860267,0.3184,1.5703517587939697
LR,50,3702,83.66061401367188,906.2266309261322,0.16428571454750282,0.2715989094616888,0.20026256821602964,0.3184,1.5703517587939697
LR,13,3703,78.0882568359375,334.6770935058594,0.2579926753995871,0.4555362987291253,0.2928134487937903,0.3184,1.5703517587939697
LR,38,3704,104.56758117675781,206.11669921875,0.23535925602590316,0.7362062267173068,0.4243383456932906,0.3184,1.5703517587939697
LR,25,3705,95.5267333984375,295.60113525390625,0.22852674690097988,0.4415444611410465,0.25860670865283586,0.3184,1.5703517587939697
LR,18,3706,97.76448059082031,371.571044921875,0.11851218413042242,0.44777738665727146,0.20596239845125083,0.3184,1.5703517587939697
LR,4,3707,100.37577819824219,364.5110778808594,0.2817820806651365,0.4084894820866643,0.3381328080156241,0.3184,1.5703517587939697
LR,44,3708,80.27267456054688,215.9306640625,0.07270407953708698,0.5856577133200429,0.3740887572932442,0.3184,1.5703517587939697
LR,47,3709,95.02328681945801,215.20751953125,0.14035846370341873,0.46882444151752145,0.24971726112888787,0.3184,1.5703517587939697
LR,36,3710,100.61967468261719,279.8846969604492,0.18882585649326844,0.6287660199636869,0.28760771683161906,0.3184,1.5703517587939697
LR,18,3711,84.00190734863281,513.9713134765625,0.13301248656377926,0.2882377715585234,0.1745283122943134,0.3184,1.5703517587939697
LR,10,3712,95.06282043457031,365.00450134277344,0.11642532324105957,0.178763159988934,0.20219367647015,0.3184,1.5703517587939697
LR,28,3713,83.48837280273438,354.46934509277344,0.11530624926065387,0.4715273435729439,0.23797675519050404,0.3184,1.5703517587939697
LR,42,3714,77.89041137695312,495.1991195678711,0.19182782470456497,0.5034967674773821,0.23491014983952097,0.3184,1.5703517587939697
LR,11,3715,80.18093872070312,470.8871307373047,0.12109341197644624,0.48659365917603203,0.2532775021217591,0.3184,1.5703517587939697
LR,29,3716,84.42860412597656,697.5773086547852,0.12329294156541303,0.4539239894313039,0.1771595456622305,0.3184,1.5703517587939697
LR,53,3717,78.95352172851562,315.4460754394531,0.2115517491398937,0.26982019742183666,0.2882019103952957,0.3184,1.5703517587939697
LR,28,3718,98.29067993164062,328.40013885498047,0.17608461255170826,0.4634861423221474,0.21907792627680647,0.3184,1.5703517587939697
LR,14,3719,102.86370086669922,306.62176513671875,0.0991006475470256,0.1616441729149064,0.14498094016981947,0.3184,1.5703517587939697
LR,30,3720,81.11346435546875,219.62579345703125,0.2649799211765355,0.34811482884434036,0.29189610728079873,0.3184,1.5703517587939697
LR,12,3721,78.68978881835938,355.9945316314697,0.20076318643502605,0.529891517342553,0.2622497614363201,0.3184,1.5703517587939697
LR,38,3722,79.28681945800781,464.4043731689453,0.10863001609301974,0.35666913828471797,0.15341120423962631,0.3184,1.5703517587939697
LR,44,3723,84.58378601074219,248.74984741210938,0.24360335807307518,0.5601145553343323,0.3194816763219814,0.3184,1.5703517587939697
LR,52,3724,99.06375312805176,645.4865951538086,0.13614230095366733,0.293169372505264,0.16567916281814513,0.3184,1.5703517587939697
LR,27,3725,97.55836153030396,317.5264892578125,0.2584612573658826,0.40229308080216664,0.2940963357227176,0.3184,1.5703517587939697
LR,48,3726,82.02560424804688,699.1560974121094,0.1740660814029228,0.29601636342504867,0.19171278555649077,0.3184,1.5703517587939697
LR,29,3727,82.85183715820312,265.21434020996094,0.1815820044676255,0.440853032912019,0.24639401541418154,0.3184,1.5703517587939697
LR,37,3728,76.09326171875,447.6451721191406,0.27325990004820666,0.5579100863854177,0.3764452241337302,0.3184,1.5703517587939697
LR,27,3729,96.29156494140625,679.4630279541016,0.1751157697730358,0.41636277545211425,0.21318712995035913,0.3184,1.5703517587939697
LR,17,3730,100.1091480255127,362.9367980957031,0.10984739003853641,0.35631649110111896,0.18989454883693488,0.3184,1.5703517587939697
LR,19,3731,81.87051391601562,486.4415740966797,0.29944936194838423,0.4717557679089296,0.30811760066868665,0.3184,1.5703517587939697
LR,39,3732,76.27151489257812,354.43417739868164,0.11573083663573722,0.4477228246822358,0.18927336143623227,0.3184,1.5703517587939697
LR,18,3733,97.8868350982666,348.13037109375,0.20651629457802917,0.5846501115052725,0.29295959495183566,0.3184,1.5703517587939697
LR,39,3734,76.7730712890625,432.1269836425781,0.10454034576452136,0.4929736770713898,0.2480152773389375,0.3184,1.5703517587939697
LR,55,3735,82.60671997070312,292.20587158203125,0.1743801898460205,0.4901481653071642,0.27271571310969345,0.3184,1.5703517587939697
LR,23,3736,83.66061401367188,430.4571838378906,0.30373461442932104,0.47164561126349636,0.3112082696584343,0.3184,1.5703517587939697
LR,42,3737,80.67678833007812,352.6653747558594,0.09152310455250091,0.31771631297288405,0.1503071810169164,0.3184,1.5703517587939697
LR,10,3738,76.57693481445312,249.55905151367188,0.204349703817119,0.27469250469537326,0.2544775990162493,0.3184,1.5703517587939697
LR,52,3739,80.36274719238281,810.2430572509766,0.14681678884790159,0.2589383806037663,0.17875660574158994,0.3184,1.5703517587939697
LR,25,3740,101.0198450088501,215.21139526367188,0.2550442366676749,0.4709400121016974,0.3671995096308491,0.3184,1.5703517587939697
LR,51,3741,83.81787109375,901.3320126533508,0.1680911487933243,0.28076852121579376,0.19731425259146929,0.3184,1.5703517587939697
LR,29,3742,102.71450805664062,285.7908020019531,0.12150229280092083,0.3453893608992616,0.16869074110030824,0.3184,1.5703517587939697
LR,29,3743,78.25392150878906,391.62744140625,0.08483837696192102,0.47391557786955835,0.18214911266563807,0.3184,1.5703517587939697
LR,25,3744,99.00433349609375,315.85218048095703,0.22045684109596947,0.3796620605652297,0.2560244181255421,0.3184,1.5703517587939697
LR,39,3745,98.32505989074707,200.63739013671875,0.10644638245374541,0.5620772189353905,0.2130367362292532,0.3184,1.5703517587939697
LR,10,3746,95.97075700759888,243.08880615234375,0.3573623455550809,0.5629377571927028,0.3933925690213054,0.3184,1.5703517587939697
LR,39,3747,80.80374145507812,308.93100357055664,0.20627866673935757,0.5913509700865925,0.28842861943406267,0.3184,1.5703517587939697
LR,31,3748,96.09505414962769,268.7209777832031,0.22864211824323288,0.29430911551528544,0.3688439694005453,0.3184,1.5703517587939697
LR,24,3749,100.61967468261719,642.3675308227539,0.12910778952375712,0.4661662089152012,0.17486564950070083,0.3184,1.5703517587939697
LR,32,3750,103.80893516540527,313.6815185546875,0.12925381543797004,0.23523562201765877,0.15446611103667307,0.3184,1.5703517587939697
LR,18,3751,80.79780578613281,298.0956726074219,0.2201918206149783,0.5501074461938589,0.27771569017117614,0.3184,1.5703517587939697
LR,46,3752,83.80439758300781,689.5263519287109,0.14353368800004862,0.26482438542085324,0.17022628962214506,0.3184,1.5703517587939697
LR,33,3753,95.80592346191406,312.522123336792,0.10298419542232187,0.4233465361965766,0.1768380459978188,0.3184,1.5703517587939697
LR,50,3754,76.52093505859375,237.46405029296875,0.22807024653223862,0.5543223961580369,0.29846551724466824,0.3184,1.5703517587939697
LR,31,3755,99.117431640625,240.90017700195312,0.21559930709027922,0.28996027277431624,0.27725833422152557,0.3184,1.5703517587939697
LR,40,3756,102.70799160003662,556.2081604003906,0.1390102204087334,0.38515302423952685,0.19384194408003944,0.3184,1.5703517587939697
LR,47,3757,99.32321834564209,246.791748046875,0.1348033922082674,0.553212397223619,0.26557700072255247,0.3184,1.5703517587939697
LR,44,3758,76.70025634765625,520.0797424316406,0.13213036248980814,0.25027449226833604,0.16230906229583383,0.3184,1.5703517587939697
LR,7,3759,75.2012939453125,821.5539855957031,0.1154843030531239,0.19322656640372712,0.1683701969037845,0.3184,1.5703517587939697
LR,35,3760,99.05028247833252,507.11724853515625,0.0859261402151161,0.1340101082584833,0.14354515637270518,0.3184,1.5703517587939697
LR,27,3761,102.16450500488281,466.5859680175781,0.18020220024228878,0.535291517366033,0.2432362599328961,0.3184,1.5703517587939697
LR,46,3762,98.71421813964844,228.37640380859375,0.157414270032402,0.5574844642377805,0.25423312593206054,0.3184,1.5703517587939697
LR,48,3763,99.117431640625,271.131591796875,0.19341058585042195,0.5505339357933237,0.2615833654834058,0.3184,1.5703517587939697
LR,41,3764,95.79198694229126,571.0001525878906,0.14447069024470355,0.3707939508833475,0.1881032356256706,0.3184,1.5703517587939697
LR,33,3765,98.12947845458984,305.66778564453125,0.13816218500132266,0.23290682515409242,0.16429199015316895,0.3184,1.5703517587939697
LR,19,3766,75.27667236328125,295.98211669921875,0.16843070492032552,0.3767309379291859,0.2409765064195614,0.3184,1.5703517587939697
LR,34,3767,103.6609992980957,557.0342864990234,0.13786308968554015,0.3089684047948464,0.1763915740403905,0.3184,1.5703517587939697
LR,43,3768,95.23667812347412,550.7419013977051,0.12810349454342626,0.2102577728192318,0.1556546098170693,0.3184,1.5703517587939697
LR,22,3769,95.49151611328125,558.5295753479004,0.19644187394295579,0.4476726430016102,0.24807470362563194,0.3184,1.5703517587939697
LR,25,3770,81.59405517578125,260.5357360839844,0.39401980297787437,0.5900996046485414,0.42079337953825163,0.3184,1.5703517587939697
LR,38,3771,80.055908203125,417.58801651000977,0.14313765528505779,0.5130967083207295,0.21383727891872287,0.3184,1.5703517587939697
LR,15,3772,104.4084119796753,591.7913093566895,0.1675540732181517,0.40741545322068634,0.21704326490404338,0.3184,1.5703517587939697
LR,19,3773,83.19172668457031,512.7834625244141,0.13075420788953396,0.24260828078350197,0.15497641156792924,0.3184,1.5703517587939697
LR,30,3774,95.0123291015625,207.421142578125,0.09562725024040594,0.6422599558171095,0.20388443537018278,0.3184,1.5703517587939697
LR,40,3775,75.6282958984375,531.6894683837891,0.1220480884094694,0.5125066065991849,0.27827053736587576,0.3184,1.5703517587939697
LR,30,3776,82.67098999023438,606.2688980102539,0.13882760604425223,0.21807365091078207,0.19308712819908472,0.3184,1.5703517587939697
LR,21,3777,99.35705852508545,447.1756362915039,0.12202713221439086,0.21554693424046464,0.15080724397559614,0.3184,1.5703517587939697
LR,54,3778,82.06509399414062,500.9296875,0.12069368214502078,0.3748468481789113,0.18826992692911104,0.3184,1.5703517587939697
LR,6,3779,98.63288879394531,214.08251953125,0.3804438165653948,0.5568814959754407,0.4918393079847831,0.3184,1.5703517587939697
LR,30,3780,77.30645751953125,417.0048522949219,0.12469124192278438,0.2060272171966561,0.17123054027222076,0.3184,1.5703517587939697
LR,37,3781,81.22268676757812,207.38177490234375,0.14035457676430557,0.5285797830366321,0.25417956287549087,0.3184,1.5703517587939697
LR,29,3782,99.53291320800781,442.7202606201172,0.23760353812058593,0.38864995087106347,0.24398833594106653,0.3184,1.5703517587939697
LR,40,3783,102.42669677734375,247.00177001953125,0.2953399547105343,0.3564497799664139,0.32914009969674185,0.3184,1.5703517587939697
LR,36,3784,97.99682807922363,345.50083923339844,0.28862358419540346,0.5079481130861295,0.37119793146577196,0.3184,1.5703517587939697
LR,24,3785,83.250244140625,553.6320343017578,0.14000409455513763,0.27830269697157267,0.16988647111483074,0.3184,1.5703517587939697
LR,51,3786,103.43553352355957,291.8359680175781,0.11968823512603732,0.1937196732966292,0.16297114643405725,0.3184,1.5703517587939697
LR,26,3787,101.17813110351562,201.6954574584961,0.2603204590262524,0.5174086675978656,0.3349647310663033,0.3184,1.5703517587939697
LR,10,3788,103.07497119903564,604.3766326904297,0.13981904677598062,0.49351085454085325,0.19456460199648404,0.3184,1.5703517587939697
LR,10,3789,98.31706237792969,463.5757141113281,0.22495740610317633,0.47934271704714343,0.25628725061141266,0.3184,1.5703517587939697
LR,29,3790,102.3355941772461,200.845703125,0.15511260397332818,0.4914445085189041,0.21879161319140533,0.3184,1.5703517587939697
LR,18,3791,100.28347778320312,278.4070281982422,0.13063627885638932,0.6099444718582675,0.21711949011774437,0.3184,1.5703517587939697
LR,51,3792,101.92126274108887,232.2245626449585,0.13681339408262877,0.37420570287597343,0.20919473285513832,0.3184,1.5703517587939697
LR,47,3793,97.05708837509155,522.388427734375,0.14590558465674003,0.5379548892306448,0.20956489532207012,0.3184,1.5703517587939697
LR,11,3794,97.52311038970947,706.9329986572266,0.13664862175373274,0.38443987815355757,0.1798891096782495,0.3184,1.5703517587939697
LR,17,3795,101.43062210083008,215.45098876953125,0.11560606057576689,0.4430206767657856,0.17597019651571394,0.3184,1.5703517587939697
LR,22,3796,98.95060729980469,530.7202606201172,0.153391753945525,0.5487494571776955,0.21077680253799128,0.3184,1.5703517587939697
LR,50,3797,84.29022216796875,439.5961227416992,0.09165897735527963,0.5025789047694932,0.18888689484568807,0.3184,1.5703517587939697
LR,20,3798,104.22759628295898,347.00035858154297,0.24250337437166378,0.3524186210696386,0.2605494366901041,0.3184,1.5703517587939697
LR,51,3799,102.48886108398438,295.70977783203125,0.27202705501977753,0.5767723201794244,0.370437612993336,0.3184,1.5703517587939697
LR,10,3800,77.22361755371094,347.1841125488281,0.3500441564212035,0.5702070018686554,0.30518406773506584,0.3184,1.5703517587939697
LR,31,3801,75.80728149414062,543.0603904724121,0.14197103975764433,0.49114230406331283,0.1919914359519342,0.3184,1.5703517587939697
LR,46,3802,101.31020641326904,439.7911376953125,0.284594216842863,0.5015923287678401,0.3351015030618862,0.3184,1.5703517587939697
LR,20,3803,104.39531230926514,578.7613143920898,0.1412744934636215,0.42376449677335576,0.20774320481637942,0.3184,1.5703517587939697
LR,21,3804,77.39901733398438,228.6878662109375,0.07698733504206401,0.6505475824550919,0.5255903004663607,0.3184,1.5703517587939697
LR,32,3805,101.25172424316406,337.1527404785156,0.22803908437001214,0.3553016804215666,0.24284448321868787,0.3184,1.5703517587939697
LR,26,3806,100.39918518066406,357.1426696777344,0.13979586385175055,0.42432975509007803,0.19766270913040251,0.3184,1.5703517587939697
LR,52,3807,96.2201452255249,341.7800598144531,0.10569962528212438,0.3225579421645656,0.165432039856587,0.3184,1.5703517587939697
LR,18,3808,83.78157043457031,509.6573486328125,0.1344955585277616,0.2629397925648427,0.1764105739902786,0.3184,1.5703517587939697
LR,15,3809,96.76539468765259,650.2527227401733,0.12465546635128714,0.4786238505965144,0.17659493343086777,0.3184,1.5703517587939697
LR,11,3810,77.12403869628906,380.36376953125,0.13685308776982785,0.5725494612807587,0.19760732921391513,0.3184,1.5703517587939697
LR,53,3811,84.356201171875,371.4386291503906,0.17187069090615115,0.5433240760055583,0.2803368383454416,0.3184,1.5703517587939697
LR,37,3812,102.58851432800293,397.7562255859375,0.10903249603751355,0.19657371333263554,0.14785946584983614,0.3184,1.5703517587939697
LR,17,3813,104.17967224121094,306.3840026855469,0.08609491623455867,0.26749045750191847,0.2743379292355004,0.3184,1.5703517587939697
LR,35,3814,77.58181762695312,466.5191955566406,0.17233703994058222,0.5056257739575092,0.2698724417209107,0.3184,1.5703517587939697
LR,55,3815,98.5204496383667,309.4057312011719,0.2245345572075427,0.4770428329115772,0.2609476309577468,0.3184,1.5703517587939697
LR,6,3816,83.66061401367188,287.45627212524414,0.1348788903556075,0.23708856894616012,0.1739971954159969,0.3184,1.5703517587939697
LR,38,3817,84.95834350585938,682.0165557861328,0.12789313598980243,0.39128406399586857,0.17478536812629944,0.3184,1.5703517587939697
LR,45,3818,104.60020446777344,380.1385383605957,0.15705916498226707,0.28733755461015514,0.18364474894654786,0.3184,1.5703517587939697
LR,22,3819,95.5267333984375,485.5824432373047,0.17390134527151685,0.4530502283146869,0.23415610694479735,0.3184,1.5703517587939697
LR,51,3820,80.6309814453125,202.1947021484375,0.28587608832998607,0.4728371374989603,0.39520020857367505,0.3184,1.5703517587939697
LR,48,3821,102.38148403167725,501.96905517578125,0.11293863003843099,0.19214746871518923,0.14380892857740885,0.3184,1.5703517587939697
LR,47,3822,76.24957275390625,641.0098114013672,0.11507699562314237,0.48527196762197466,0.21843550724787833,0.3184,1.5703517587939697
LR,15,3823,101.40902996063232,209.38604736328125,0.13229501843208374,0.4370018941181224,0.20432311853809823,0.3184,1.5703517587939697
LR,51,3824,77.47039794921875,363.8949890136719,0.11974426064786625,0.19038179501028335,0.17937290001795025,0.3184,1.5703517587939697
LR,43,3825,77.10528564453125,466.3396224975586,0.08900101272624056,0.42573245077903565,0.22342079730960399,0.3184,1.5703517587939697
LR,19,3826,79.07038879394531,472.8531494140625,0.12481741507971317,0.23447999660912486,0.15597243621976387,0.3184,1.5703517587939697
LR,51,3827,104.69065856933594,350.6103515625,0.22532986622518136,0.45822869009755357,0.27067015162859903,0.3184,1.5703517587939697
LR,26,3828,78.85690307617188,368.6264190673828,0.10813701035208606,0.5115122964502766,0.2874109340847378,0.3184,1.5703517587939697
LR,7,3829,98.55501174926758,279.8160095214844,0.11252383297183,0.2116926667572443,0.18892610663858508,0.3184,1.5703517587939697
LR,39,3830,77.8887939453125,327.37192153930664,0.1768428130760719,0.39215189776201376,0.22374797851657757,0.3184,1.5703517587939697
LR,45,3831,96.06098079681396,219.26420974731445,0.16200887397999575,0.43127138006842386,0.22730931492497716,0.3184,1.5703517587939697
LR,10,3832,96.7352294921875,479.3592109680176,0.20477574805564802,0.2930982677841938,0.23391113490821616,0.3184,1.5703517587939697
LR,51,3833,80.59957885742188,576.7912445068359,0.12363176851002733,0.4614030544020928,0.18594089618887327,0.3184,1.5703517587939697
LR,44,3834,96.51900815963745,344.4576721191406,0.1490498938080844,0.32501204934977307,0.18667113330329052,0.3184,1.5703517587939697
LR,19,3835,83.49183654785156,345.80934143066406,0.239137607311243,0.358614331718252,0.2631946588634898,0.3184,1.5703517587939697
LR,46,3836,97.14954042434692,559.5670776367188,0.13432431561658,0.35344361122983986,0.17463780048930613,0.3184,1.5703517587939697
LR,43,3837,78.29899597167969,726.9615058898926,0.10287186803691564,0.15679780757911746,0.17281446152946725,0.3184,1.5703517587939697
LR,28,3838,76.71720886230469,573.2066078186035,0.12349171008785506,0.18973064531100842,0.20811762685490115,0.3184,1.5703517587939697
LR,7,3839,77.8551025390625,220.59393310546875,0.251982424847254,0.41765447865006494,0.2570600145704999,0.3184,1.5703517587939697
LR,29,3840,104.62271308898926,241.34426879882812,0.35468126816754225,0.42837113319099335,0.4180145466860304,0.3184,1.5703517587939697
LR,4,3841,83.77496337890625,308.356969833374,0.2019311112455523,0.5653370303635674,0.2667766529101247,0.3184,1.5703517587939697
LR,7,3842,104.08543014526367,433.9141387939453,0.22365756050942626,0.3500632697172139,0.23459288624951508,0.3184,1.5703517587939697
LR,38,3843,78.86697387695312,259.2041320800781,0.12415607109291198,0.5998050028525351,0.2576115259648644,0.3184,1.5703517587939697
LR,22,3844,79.21563720703125,262.572265625,0.12333397041890719,0.38399338410432776,0.18427709573869597,0.3184,1.5703517587939697
LR,25,3845,76.44151306152344,485.150390625,0.12165665585444087,0.32664825165049555,0.15822500347954085,0.3184,1.5703517587939697
LR,44,3846,98.65702533721924,316.24615478515625,0.2934836471935158,0.5335869739333123,0.4276942233637832,0.3184,1.5703517587939697
LR,53,3847,104.57603454589844,308.3344421386719,0.35851916138273954,0.5735366705454649,0.4502827441420827,0.3184,1.5703517587939697
LR,47,3848,76.42828369140625,248.89276123046875,0.2030414014671757,0.45227141352073713,0.25590238124095777,0.3184,1.5703517587939697
LR,41,3849,82.77642822265625,429.09305572509766,0.13665862360349335,0.22849134991386658,0.16312937696308272,0.3184,1.5703517587939697
LR,27,3850,79.44818115234375,537.7475280761719,0.12795644334693648,0.4709196834618499,0.1962996826813966,0.3184,1.5703517587939697
LR,1,3851,102.05734539031982,449.9549102783203,0.1594670231283323,0.33605746408025094,0.2000196798349523,0.3184,1.5703517587939697
LR,26,3852,97.95687866210938,318.7469177246094,0.2391147059038821,0.4155623513733707,0.2638394334665568,0.3184,1.5703517587939697
LR,36,3853,84.76852416992188,369.4431838989258,0.11551647660610474,0.23741661088279187,0.17006535116405155,0.3184,1.5703517587939697
LR,12,3854,78.68978881835938,386.8190460205078,0.12682343872318255,0.4895039444339798,0.19674850089521342,0.3184,1.5703517587939697
LR,29,3855,77.92413330078125,231.8115234375,0.16967797127228854,0.2601488843270759,0.21903137914348955,0.3184,1.5703517587939697
LR,31,3856,99.72325134277344,437.4890441894531,0.15501105877400237,0.253375017295067,0.1757876792703542,0.3184,1.5703517587939697
LR,3,3857,78.0233154296875,409.3048095703125,0.12353222784036093,0.3010825236879427,0.17340165079994033,0.3184,1.5703517587939697
LR,53,3858,79.69525146484375,390.8988342285156,0.16231031268597748,0.4001111441816154,0.21859081505683672,0.3184,1.5703517587939697
LR,12,3859,78.84512329101562,387.86524963378906,0.13646725958405653,0.4792461170105772,0.19770282858130184,0.3184,1.5703517587939697
LR,35,3860,79.36520385742188,475.95994567871094,0.15239129501856527,0.42307355523439355,0.2207689399439009,0.3184,1.5703517587939697
LR,42,3861,80.01835632324219,380.29248046875,0.10935806745880394,0.49187537506543394,0.16914394954274123,0.3184,1.5703517587939697
LR,30,3862,97.47502136230469,563.2831115722656,0.19675892817152166,0.46093543297712636,0.23794148608856025,0.3184,1.5703517587939697
LR,33,3863,79.7779541015625,470.55409049987793,0.11120232611943742,0.45645158205719377,0.1862390323297738,0.3184,1.5703517587939697
LR,53,3864,103.34042358398438,685.1310272216797,0.14068014082842567,0.24823030642559277,0.16408133215625995,0.3184,1.5703517587939697
LR,21,3865,81.05770874023438,613.4191780090332,0.10356122816930723,0.16136196373241593,0.16243881842814945,0.3184,1.5703517587939697
LR,17,3866,98.70170593261719,730.7668151855469,0.12185438974333256,0.21716311652595566,0.15927142393406002,0.3184,1.5703517587939697
LR,5,3867,98.71092224121094,605.4897308349609,0.13091116512718456,0.3435051759308115,0.1874155383742088,0.3184,1.5703517587939697
LR,50,3868,82.02053833007812,295.55028533935547,0.19552644638413816,0.5255146140084642,0.2767341972580127,0.3184,1.5703517587939697
LR,45,3869,99.81101989746094,212.40838623046875,0.15450411323965554,0.4984838604710244,0.23813395391150138,0.3184,1.5703517587939697
LR,29,3870,96.94520044326782,299.1819763183594,0.19335861880153063,0.4460392776694156,0.2560530163009389,0.3184,1.5703517587939697
LR,4,3871,103.64424800872803,599.7268981933594,0.12101013941265437,0.31453904044269804,0.161278120105747,0.3184,1.5703517587939697
LR,54,3872,79.27365112304688,742.7098159790039,0.13250964892103104,0.23006301446973876,0.14836807694469578,0.3184,1.5703517587939697
LR,49,3873,97.14954042434692,604.5210266113281,0.13126489601977745,0.24359647545949298,0.15433027372113992,0.3184,1.5703517587939697
LR,10,3874,103.08018493652344,246.36024475097656,0.26026113581257304,0.5227967373593173,0.4020465510348917,0.3184,1.5703517587939697
LR,45,3875,84.69987487792969,408.2472686767578,0.11197819780904614,0.5546842784486751,0.25318043527710216,0.3184,1.5703517587939697
LR,38,3876,80.82232666015625,393.4799499511719,0.3145365993109273,0.4071151443683632,0.4111980453886809,0.3184,1.5703517587939697
LR,25,3877,104.61030578613281,338.5207710266113,0.19880857211879333,0.3122855972422807,0.227874145389365,0.3184,1.5703517587939697
LR,21,3878,81.39739990234375,245.37591552734375,0.16059258264478152,0.38883350071707795,0.2162228931191561,0.3184,1.5703517587939697
LR,32,3879,98.99879455566406,238.02429294586182,0.1588049372683007,0.3602729083809333,0.20991548342922509,0.3184,1.5703517587939697
LR,4,3880,100.00779724121094,297.8706588745117,0.16783571482033458,0.5651430134005333,0.2363556527986598,0.3184,1.5703517587939697
LR,24,3881,95.02328491210938,280.73272705078125,0.29284674571767455,0.34570204253962306,0.30809058026950226,0.3184,1.5703517587939697
LR,19,3882,83.80439758300781,587.2167053222656,0.11497882479518974,0.21292526306230075,0.1570048040156594,0.3184,1.5703517587939697
LR,53,3883,102.65340805053711,266.9201354980469,0.1361557522077458,0.29432839933660104,0.18339552799723183,0.3184,1.5703517587939697
LR,31,3884,76.96977233886719,482.1293487548828,0.12099463366413532,0.3547788554757719,0.1590728908783361,0.3184,1.5703517587939697
LR,47,3885,83.3873291015625,387.5191650390625,0.2558023864145156,0.49675690379813686,0.28740908042941804,0.3184,1.5703517587939697
LR,13,3886,76.67428588867188,401.6500701904297,0.14509023482996428,0.43612315617376224,0.19702189779332116,0.3184,1.5703517587939697
LR,42,3887,84.4732666015625,474.85182189941406,0.14100298359821214,0.3361763951204669,0.19463309591679057,0.3184,1.5703517587939697
LR,22,3888,102.26544761657715,595.7102966308594,0.1553992532100337,0.4694801863481274,0.20749644467579495,0.3184,1.5703517587939697
LR,32,3889,79.508544921875,552.9346618652344,0.11280675794303269,0.17777924642493606,0.16361809401534821,0.3184,1.5703517587939697
LR,33,3890,100.968017578125,239.333251953125,0.1558337186716662,0.578153001510924,0.24256012047383466,0.3184,1.5703517587939697
LR,23,3891,76.58642578125,402.90016174316406,0.1186607280001005,0.206945539797218,0.1549661803338225,0.3184,1.5703517587939697
LR,52,3892,78.17803955078125,241.09541702270508,0.17235421361971098,0.478469552758657,0.23395672031087153,0.3184,1.5703517587939697
LR,4,3893,104.48649597167969,525.5606994628906,0.27929958067441657,0.49422261918983756,0.301239989753915,0.3184,1.5703517587939697
LR,37,3894,81.27438354492188,280.21044158935547,0.2604225446784288,0.43800219154061387,0.3103380822836359,0.3184,1.5703517587939697
LR,48,3895,99.21063232421875,390.73950958251953,0.16562419984359256,0.2832758888470189,0.1945792505226728,0.3184,1.5703517587939697
LR,52,3896,78.5069580078125,296.3269805908203,0.1610065771886588,0.3421715273749069,0.212322458786611,0.3184,1.5703517587939697
LR,50,3897,101.31020641326904,332.68298721313477,0.10076076247376874,0.38768755302230634,0.16816488182976355,0.3184,1.5703517587939697
LR,43,3898,97.88247728347778,210.88568115234375,0.1699219621815877,0.3584197252583936,0.20550633009073102,0.3184,1.5703517587939697
LR,27,3899,76.73553466796875,504.5265350341797,0.12498921775339417,0.30020511491167473,0.15992927488003889,0.3184,1.5703517587939697
LR,26,3900,78.2581787109375,321.30979919433594,0.14224853778119137,0.3472824943120887,0.18355499431932207,0.3184,1.5703517587939697
LR,13,3901,95.47656345367432,277.8243713378906,0.11009351777462616,0.40495832823217176,0.17668910018713643,0.3184,1.5703517587939697
LR,2,3902,81.5294189453125,656.1263732910156,0.13848494268342365,0.26255934124990427,0.18988995106699794,0.3184,1.5703517587939697
LR,41,3903,104.25167846679688,395.07470703125,0.11454303061653504,0.3113809602306775,0.147070325818793,0.3184,1.5703517587939697
LR,2,3904,79.47222900390625,580.2720031738281,0.14324498234799837,0.28283736612497873,0.1842765427979096,0.3184,1.5703517587939697
LR,35,3905,80.89309692382812,296.861328125,0.13366873638135937,0.4604603135346267,0.2667055021598415,0.3184,1.5703517587939697
LR,50,3906,95.26159620285034,443.05072021484375,0.12564136879629045,0.34138753668673055,0.18881323571244518,0.3184,1.5703517587939697
LR,3,3907,97.37303972244263,211.6385498046875,0.12640761996971772,0.44196295541333774,0.21305167113201492,0.3184,1.5703517587939697
LR,46,3908,83.53097534179688,263.32047271728516,0.18526874991307035,0.5821657717860977,0.2887005109470518,0.3184,1.5703517587939697
LR,1,3909,98.12948608398438,242.8592529296875,0.08674241056114931,0.5556713255649725,0.28256857132677315,0.3184,1.5703517587939697
LR,19,3910,81.5294189453125,471.3643035888672,0.12882556885779664,0.2363806319417683,0.14724311069103213,0.3184,1.5703517587939697
LR,17,3911,102.18154907226562,341.6568374633789,0.15822632050521712,0.4764572505631842,0.21302742057552188,0.3184,1.5703517587939697
LR,25,3912,101.99138927459717,594.1256241798401,0.12457142224626705,0.41295680383709327,0.18691150668871898,0.3184,1.5703517587939697
LR,16,3913,103.57173156738281,393.4384002685547,0.10040073136969228,0.3674991380606149,0.17339402188897002,0.3184,1.5703517587939697
LR,7,3914,103.63530158996582,639.5070610046387,0.14776837342608357,0.3038045916825554,0.18531442968416018,0.3184,1.5703517587939697
LR,2,3915,80.36274719238281,428.00286388397217,0.1196668116844909,0.35112343834457693,0.17441453664517678,0.3184,1.5703517587939697
LR,27,3916,79.27549743652344,426.1058654785156,0.1426114841735791,0.3531107080547565,0.19111771761820465,0.3184,1.5703517587939697
LR,27,3917,98.59855651855469,723.9771499633789,0.12127727480951186,0.20976278979743673,0.162906432841047,0.3184,1.5703517587939697
LR,4,3918,84.37013244628906,484.3867950439453,0.15462216210566035,0.48902327636307047,0.20950542934495836,0.3184,1.5703517587939697
LR,24,3919,103.27179145812988,575.5624389648438,0.1280479564495594,0.3288507822749047,0.17293331658511396,0.3184,1.5703517587939697
LR,32,3920,81.76498413085938,417.785400390625,0.3263135043306684,0.5949063468113638,0.44317332005229026,0.3184,1.5703517587939697
LR,24,3921,75.51980590820312,420.69970703125,0.2757326010032552,0.5281555659812899,0.2843231468135279,0.3184,1.5703517587939697
LR,4,3922,99.78216552734375,524.5774841308594,0.2757632796227675,0.45640864761925354,0.292922959665451,0.3184,1.5703517587939697
LR,12,3923,104.1859130859375,320.2528076171875,0.15203087489123945,0.5683389550474877,0.277342449210358,0.3184,1.5703517587939697
LR,26,3924,97.05154752731323,682.7100830078125,0.13429984046565513,0.3998314251451659,0.18411896551116852,0.3184,1.5703517587939697
LR,49,3925,78.4244384765625,342.20375061035156,0.21630226799491523,0.5077357411482616,0.26675565183480704,0.3184,1.5703517587939697
LR,29,3926,102.48624229431152,406.63108682632446,0.1588411774411604,0.5273548275525756,0.2506580247098273,0.3184,1.5703517587939697
LR,25,3927,99.40042686462402,280.47625732421875,0.21611042418586449,0.4275749697715285,0.25253755020640706,0.3184,1.5703517587939697
LR,54,3928,79.84585571289062,280.8603515625,0.37812090435805396,0.5373516531099531,0.32768010379670753,0.3184,1.5703517587939697
LR,8,3929,79.58219909667969,378.03260040283203,0.20483051426655788,0.5547751474546414,0.27549776843818163,0.3184,1.5703517587939697
LR,21,3930,96.25579833984375,566.1846008300781,0.1261873541134714,0.21250598916659336,0.16047405916999113,0.3184,1.5703517587939697
LR,32,3931,97.37991333007812,532.9756164550781,0.19092810325493123,0.3638809941405823,0.21921977442397103,0.3184,1.5703517587939697
LR,41,3932,98.33685684204102,440.79933166503906,0.0909241546324717,0.28459918448497784,0.14256908667590118,0.3184,1.5703517587939697
LR,3,3933,98.99489212036133,532.2567138671875,0.18904386227985043,0.5299198165318922,0.2419475147612113,0.3184,1.5703517587939697
LR,0,3934,81.06089782714844,314.13285064697266,0.16728208214386797,0.26633625517568743,0.21383122468328494,0.3184,1.5703517587939697
LR,14,3935,77.92413330078125,496.27564239501953,0.14551849055634639,0.3771972716307917,0.19968214637880355,0.3184,1.5703517587939697
LR,55,3936,104.96874237060547,355.1786880493164,0.09307871482864916,0.27544393110875975,0.1559888983023822,0.3184,1.5703517587939697
LR,25,3937,95.85867309570312,599.77392578125,0.1783294546895457,0.43561531908544565,0.21642235287971234,0.3184,1.5703517587939697
LR,40,3938,96.54549837112427,282.39788818359375,0.1755932819772142,0.48458230507680927,0.24045845607795296,0.3184,1.5703517587939697
LR,11,3939,97.48017072677612,307.78411865234375,0.12944042262636096,0.23852154798448041,0.24876879653867084,0.3184,1.5703517587939697
LR,52,3940,99.08984375,457.50205993652344,0.14464288368013897,0.4916857107969633,0.22073225459817375,0.3184,1.5703517587939697
LR,0,3941,97.8348560333252,205.44692993164062,0.2770668053027461,0.37452635099065873,0.3187534464736539,0.3184,1.5703517587939697
LR,52,3942,79.93559265136719,741.6090393066406,0.14269050368897035,0.28988441330561987,0.1849744122163104,0.3184,1.5703517587939697
LR,5,3943,102.88914775848389,640.1229095458984,0.1456087463673037,0.3942765570764555,0.19125452425113915,0.3184,1.5703517587939697
LR,27,3944,76.38186645507812,263.22794342041016,0.09275400748390447,0.139586683276673,0.16086639640029965,0.3184,1.5703517587939697
LR,3,3945,97.70680236816406,224.89682006835938,0.26879726173658236,0.4072174927218564,0.3550504747199829,0.3184,1.5703517587939697
LR,3,3946,95.88163614273071,309.59954833984375,0.22333731583621494,0.5251474496295092,0.311751650107323,0.3184,1.5703517587939697
LR,38,3947,79.28681945800781,368.99501037597656,0.1343559894986035,0.3550537684994809,0.17907642917356015,0.3184,1.5703517587939697
LR,32,3948,99.53631591796875,451.4963836669922,0.23411799700234648,0.4525988875396873,0.25693218006280805,0.3184,1.5703517587939697
LR,51,3949,81.66921997070312,309.20416259765625,0.24634927236862025,0.522512769479713,0.3002269642738199,0.3184,1.5703517587939697
LR,10,3950,75.59158325195312,465.0072021484375,0.14096983802023463,0.5178081207108233,0.19917517056912865,0.3184,1.5703517587939697
LR,1,3951,84.92117309570312,359.2243461608887,0.19507859963299148,0.3477751641483993,0.21704541985233466,0.3184,1.5703517587939697
LR,20,3952,97.31828594207764,592.7335059642792,0.11460456213235193,0.220543423591675,0.15643432128164206,0.3184,1.5703517587939697
LR,44,3953,81.68545532226562,256.10626220703125,0.3221606141318624,0.4566820025829806,0.3745838118868334,0.3184,1.5703517587939697
LR,51,3954,104.82843017578125,586.0241565704346,0.1324809410427003,0.23404913187352122,0.17167707082693018,0.3184,1.5703517587939697
LR,17,3955,99.37173461914062,257.17543029785156,0.08223185906915986,0.34769909873098015,0.22304872950268811,0.3184,1.5703517587939697
LR,53,3956,98.5188684463501,399.78468322753906,0.11499951626720945,0.185881620895682,0.13676318685531497,0.3184,1.5703517587939697
LR,20,3957,100.12452602386475,602.962194442749,0.13160220849672521,0.3075047532511471,0.18008252969415495,0.3184,1.5703517587939697
LR,13,3958,84.71072387695312,444.6729736328125,0.10938797499613764,0.5015490902009273,0.1899717790890558,0.3184,1.5703517587939697
LR,31,3959,96.4927306175232,559.2330627441406,0.09633150150835659,0.15879493306755252,0.13240848030288438,0.3184,1.5703517587939697
LR,0,3960,99.87537479400635,574.2188930511475,0.15162102751727308,0.2893823174211396,0.18454995318133294,0.3184,1.5703517587939697
LR,47,3961,104.31271743774414,226.76238250732422,0.1801164308240929,0.3432351996250011,0.22011118606877142,0.3184,1.5703517587939697
LR,55,3962,82.96113586425781,523.5167846679688,0.19445878815795295,0.39912459572087505,0.22264872172574726,0.3184,1.5703517587939697
LR,14,3963,82.51983642578125,464.5784606933594,0.1994757334313384,0.39859878576666513,0.24426254983049533,0.3184,1.5703517587939697
LR,11,3964,101.67920684814453,411.32884979248047,0.12238754779964431,0.43659075221314936,0.1792148724684898,0.3184,1.5703517587939697
LR,54,3965,83.612060546875,294.0337219238281,0.20640732223272013,0.4610219166851382,0.25037205479300184,0.3184,1.5703517587939697
LR,17,3966,95.92377281188965,265.9463806152344,0.1603318352666708,0.23251301397142876,0.19142478415870756,0.3184,1.5703517587939697
LR,41,3967,99.84559154510498,401.10520935058594,0.11503573370805883,0.2757986600892608,0.15031863988177285,0.3184,1.5703517587939697
LR,41,3968,99.61943340301514,446.78680419921875,0.11147181244691019,0.18387358980563598,0.14610488439023783,0.3184,1.5703517587939697
LR,53,3969,76.1990966796875,536.2507629394531,0.1719328239401836,0.5335282404369512,0.23845020572578537,0.3184,1.5703517587939697
LR,53,3970,96.91045761108398,225.25048828125,0.16592790463630286,0.5142678184050455,0.22736311214501156,0.3184,1.5703517587939697
LR,54,3971,97.95687866210938,932.81103515625,0.13294506535932774,0.4093298125794993,0.1761681632024649,0.3184,1.5703517587939697
LR,25,3972,76.10734558105469,471.0348815917969,0.11969535384046585,0.3637933982407564,0.1613669840465871,0.3184,1.5703517587939697
LR,30,3973,103.4078598022461,229.38128662109375,0.20357535529699958,0.3589800823340213,0.24186394969675076,0.3184,1.5703517587939697
LR,22,3974,104.09150314331055,540.3501625061035,0.13828457796193408,0.25655314225823717,0.16879243274266242,0.3184,1.5703517587939697
LR,20,3975,84.80636596679688,295.58681869506836,0.22198164693499597,0.5802346110471498,0.2770687930462747,0.3184,1.5703517587939697
LR,43,3976,79.12269592285156,359.9532165527344,0.09767355808443284,0.1484281145631748,0.1435856628844402,0.3184,1.5703517587939697
LR,17,3977,78.46876525878906,448.7414245605469,0.1280171062132017,0.34633465859044793,0.16438862577051075,0.3184,1.5703517587939697
LR,47,3978,97.9568738937378,453.21240234375,0.31959311661192824,0.537410301877737,0.3371909982187065,0.3184,1.5703517587939697
LR,51,3979,84.8529052734375,328.3737487792969,0.23810379432944362,0.6004625896952929,0.2983857999383666,0.3184,1.5703517587939697
LR,40,3980,80.68560791015625,402.0044136047363,0.17567613079385017,0.4754789499024112,0.24407170828919844,0.3184,1.5703517587939697
LR,52,3981,96.04328441619873,484.48661041259766,0.14709917083744647,0.4659712829255662,0.21289908484884187,0.3184,1.5703517587939697
LR,13,3982,101.48932552337646,637.3296850919724,0.14103287683844634,0.3588145882267791,0.1836643890447388,0.3184,1.5703517587939697
LR,28,3983,80.10195922851562,445.6315460205078,0.15916905263797984,0.40273293184985165,0.2032948948488127,0.3184,1.5703517587939697
LR,30,3984,100.66038513183594,214.86431884765625,0.14014270942303095,0.3655971716130645,0.20516286074200074,0.3184,1.5703517587939697
LR,14,3985,96.2250247001648,659.8267259597778,0.12286549913774233,0.29240240985591276,0.1686593756873055,0.3184,1.5703517587939697
LR,51,3986,100.15412902832031,1018.5299530029297,0.11458855736149957,0.178123085323166,0.1578893823616865,0.3184,1.5703517587939697
LR,30,3987,80.83807373046875,517.9889373779297,0.12963322789182338,0.435286743386946,0.17672004399907137,0.3184,1.5703517587939697
LR,24,3988,101.76874828338623,374.6698455810547,0.09975671165318446,0.16408712575183068,0.13328634025096855,0.3184,1.5703517587939697
LR,51,3989,83.90074157714844,1231.183837890625,0.18484144469760277,0.31241526657255825,0.21388997496176293,0.3184,1.5703517587939697
LR,12,3990,95.35502624511719,691.0755920410156,0.13385098703417214,0.21867175309046713,0.17977516086377832,0.3184,1.5703517587939697
LR,41,3991,100.38174247741699,394.39862060546875,0.1119942852415942,0.3024225426573196,0.15004074544095836,0.3184,1.5703517587939697
LR,45,3992,100.17538166046143,208.10394287109375,0.15070737174441898,0.5654587171277767,0.2499194256507055,0.3184,1.5703517587939697
LR,5,3993,78.59521484375,617.328498840332,0.13652554593393265,0.4900420511714777,0.19073341937271734,0.3184,1.5703517587939697
LR,24,3994,104.296875,336.2830810546875,0.18618646681873732,0.5307324762147267,0.25089256094740525,0.3184,1.5703517587939697
LR,45,3995,76.38894653320312,351.0761489868164,0.1412827982919482,0.27452324086344637,0.16852106993916718,0.3184,1.5703517587939697
LR,36,3996,104.50552368164062,613.8656158447266,0.2142781237489389,0.37993938494384444,0.2354618479773705,0.3184,1.5703517587939697
LR,41,3997,79.23178100585938,215.39892578125,0.3276321942789063,0.5240441129467351,0.3812787838056401,0.3184,1.5703517587939697
LR,31,3998,75.76107788085938,221.5867919921875,0.13892567104808703,0.5572484030694531,0.23262515452330057,0.3184,1.5703517587939697
LR,18,3999,84.7384033203125,275.99254608154297,0.39124691024202524,0.483425640287841,0.6874388683588482,0.3184,1.5703517587939697
