series,slice_index,roi_idx,orientation_deg,delta_hu,mtf50,mtf10,auc,pixel_spacing_mm,nyquist
SR,2,0,11.48931884765625,490.62657165527344,0.23135879857247704,0.5521303696808789,0.2866446972697687,0.1592,3.1407035175879394
SR,14,1,174.8726043701172,317.216064453125,0.4544156230214571,0.8013832249345051,0.504939542307013,0.1592,3.1407035175879394
SR,11,2,172.35003662109375,424.6003952026367,0.24816346275420562,0.939886528599712,0.35547194155738204,0.1592,3.1407035175879394
SR,7,3,10.40765380859375,353.05351638793945,0.2551205618996442,0.6786299168967376,0.33055435582281995,0.1592,3.1407035175879394
SR,2,4,9.53631591796875,274.0508894920349,0.29759549128773055,0.5159053822199119,0.3681776371793868,0.1592,3.1407035175879394
SR,9,5,169.86233520507812,296.68341064453125,0.2310356545444453,0.4156104993069914,0.28958883874782887,0.1592,3.1407035175879394
SR,0,6,11.496917724609375,314.67731857299805,0.29525337963359544,0.9546432035406709,0.41250236804512835,0.1592,3.1407035175879394
SR,10,7,167.60385131835938,439.5714111328125,0.2768576288539613,0.525383505187391,0.33569328950386934,0.1592,3.1407035175879394
SR,14,8,168.68978881835938,221.16984939575195,0.5257954911211637,0.7209212981475351,0.6408866655915724,0.1592,3.1407035175879394
SR,2,9,174.753662109375,501.5123977661133,0.4351055199817748,0.7554069476482158,0.49934795599219606,0.1592,3.1407035175879394
SR,14,10,166.90704345703125,246.60943603515625,0.22808843215388663,0.42166856800388913,0.2800592186183015,0.1592,3.1407035175879394
SR,4,11,165.77239990234375,289.6707763671875,0.24405667578192977,0.4972741284095978,0.28998411405735347,0.1592,3.1407035175879394
SR,11,12,8.714218139648438,269.1295471191406,0.42203922716715325,0.6253910127451298,0.48485209424769377,0.1592,3.1407035175879394
SR,8,13,166.14715576171875,237.2171630859375,0.2888795690692069,0.6687681393044527,0.3635651384556056,0.1592,3.1407035175879394
SR,6,14,170.02813720703125,386.69775390625,0.334808135997204,0.8235411427596994,0.4250217519407514,0.1592,3.1407035175879394
SR,12,15,12.750923156738281,228.96903896331787,0.25294212020733636,0.6133269978314088,0.3207662530486464,0.1592,3.1407035175879394
SR,8,16,167.299560546875,269.60971450805664,0.40983678963878195,0.7746539030696887,0.4879271228907129,0.1592,3.1407035175879394
SR,6,17,165.0993194580078,348.39427185058594,0.3771307461161071,0.7161153265135751,0.4521717301717006,0.1592,3.1407035175879394
SR,8,18,7.4107666015625,207.21331787109375,0.32967595049844295,0.5478513008768935,0.36547477084332514,0.1592,3.1407035175879394
SR,11,19,7.3603515625,697.1991729736328,0.27429403800370655,0.6616518173151488,0.3500098000814665,0.1592,3.1407035175879394
SR,2,20,11.64215087890625,608.7602691650391,0.23359943853943282,0.6861764929870686,0.31486154073343575,0.1592,3.1407035175879394
SR,3,21,165.20130920410156,523.2343139648438,0.2302966571593462,0.7338610531385817,0.3151141448887843,0.1592,3.1407035175879394
SR,15,22,6.339385986328125,257.4093933105469,0.45848312898967053,0.6123421821871269,0.5341657678989795,0.1592,3.1407035175879394
SR,14,23,9.87762451171875,442.25018310546875,0.2087278916924174,0.3344879738218329,0.2495579597898221,0.1592,3.1407035175879394
SR,2,24,8.053779602050781,673.1996917724609,0.2316804627556383,0.4333261393078673,0.27312042657194513,0.1592,3.1407035175879394
SR,4,25,8.33685302734375,649.8776016235352,0.31751534093251577,0.7855070800760748,0.3959715814657576,0.1592,3.1407035175879394
SR,4,26,166.04399871826172,253.22848510742188,0.23227299396659687,0.4278283713044125,0.3219795405527462,0.1592,3.1407035175879394
SR,12,27,170.03182983398438,225.40411376953125,0.29460534944497874,0.5297726657884745,0.37023356923951656,0.1592,3.1407035175879394
SR,14,28,168.46501922607422,212.85205078125,0.39116478681485406,0.706739310135904,0.4133417349239333,0.1592,3.1407035175879394
SR,6,29,166.15786743164062,398.3359680175781,0.24038285292246353,0.9827079943569257,0.3567189955147891,0.1592,3.1407035175879394
SR,3,30,165.87049865722656,278.04931640625,0.38005719113337466,0.5353865921207022,0.42338649406368095,0.1592,3.1407035175879394
SR,13,31,14.860595703125,608.3641662597656,0.2461284843225785,0.6709342086904653,0.3069499560562196,0.1592,3.1407035175879394
SR,15,32,11.592559814453125,301.6649475097656,0.3257619058671111,0.45732455277709383,0.40139211019987814,0.1592,3.1407035175879394
SR,7,33,170.46368408203125,777.6394577026367,0.30803569233465755,0.5879468705162965,0.3428117555420466,0.1592,3.1407035175879394
SR,4,34,13.57171630859375,487.5519256591797,0.400755983945813,0.7633507340636018,0.4526893109923823,0.1592,3.1407035175879394
SR,3,35,168.3102035522461,215.8128662109375,0.44067351489987644,0.6008500399558183,0.5037423589833704,0.1592,3.1407035175879394
SR,4,36,12.71026611328125,562.7167663574219,0.22204386993024455,0.3772035019565815,0.25779415388921667,0.1592,3.1407035175879394
SR,6,37,171.99591064453125,261.5300178527832,0.3811291889763459,0.5958202207123726,0.4184948933534863,0.1592,3.1407035175879394
SR,4,38,171.17413330078125,382.1371154785156,0.32598412414118233,0.6931107605823197,0.41974404895205486,0.1592,3.1407035175879394
SR,11,39,10.9051513671875,581.9396123886108,0.2655156577773895,0.5898160438350588,0.31572738869306416,0.1592,3.1407035175879394
SR,7,40,173.3682861328125,342.2017858028412,0.498593125383666,1.0795921135617201,0.5585873472383224,0.1592,3.1407035175879394
SR,1,41,173.23460388183594,200.81683349609375,0.44258726460966635,0.9288316269420487,0.5174835549306825,0.1592,3.1407035175879394
SR,7,42,12.5682373046875,324.0841064453125,0.21187269341187115,0.33966430182764346,0.24793825260398328,0.1592,3.1407035175879394
SR,7,43,169.20040893554688,297.44757080078125,0.21779318592824087,0.6116226674703449,0.2921746361141629,0.1592,3.1407035175879394
SR,7,44,12.725250244140625,275.8494567871094,0.24100615006384807,0.43229195015121613,0.2959147051987928,0.1592,3.1407035175879394
SR,5,45,174.35256958007812,614.5387420654297,0.23675498470371953,0.5890163449266895,0.3088477839339623,0.1592,3.1407035175879394
SR,7,46,8.914459228515625,247.9908447265625,0.36186858304240144,0.739366612419536,0.4228326631150526,0.1592,3.1407035175879394
SR,6,47,7.08251953125,397.0886535644531,0.22845164270975063,0.39046536460113285,0.2591648383864439,0.1592,3.1407035175879394
SR,1,48,173.66060638427734,249.56295776367188,0.7323518337004264,1.7538627994330915,0.9375098529950382,0.1592,3.1407035175879394
SR,6,49,166.7861328125,250.50010681152344,0.19248876782270766,1.0374126077503378,0.3932121080880511,0.1592,3.1407035175879394
SR,3,50,11.310211181640625,432.6707305908203,0.2552713599749472,0.5224934110506955,0.3319686257969834,0.1592,3.1407035175879394
SR,4,51,172.93402099609375,355.64923095703125,0.30264417315780073,0.6132116463607583,0.37130277349608337,0.1592,3.1407035175879394
SR,12,52,13.17364501953125,469.7366027832031,0.2060162989925391,0.6919142341906133,0.27705919061035406,0.1592,3.1407035175879394
SR,13,53,8.762664794921875,592.0021514892578,0.26956128041773153,0.5316902076384946,0.3143173924299342,0.1592,3.1407035175879394
SR,14,54,14.03778076171875,276.3395690917969,0.18523870857415553,0.3055792575617744,0.2630236485856585,0.1592,3.1407035175879394
SR,14,55,13.353485107421875,454.2417907714844,0.2022682592974011,0.3802886729191033,0.2646193893292662,0.1592,3.1407035175879394
SR,5,56,170.76483917236328,814.7554588317871,0.37106769863854205,0.6302099432293692,0.4019488422537921,0.1592,3.1407035175879394
SR,13,57,14.5582275390625,359.1523132324219,0.22168910167999736,0.4383868603281146,0.26501197726476006,0.1592,3.1407035175879394
SR,0,58,169.3803253173828,672.7872772216797,0.23085022716215425,0.38427282934925827,0.26645884613412013,0.1592,3.1407035175879394
SR,1,59,169.69524383544922,225.829345703125,0.27802974612008546,0.46361003662553957,0.3439406528151956,0.1592,3.1407035175879394
SR,13,60,172.30463409423828,362.6680221557617,0.674099841759337,1.0734164052706696,0.6770197646961497,0.1592,3.1407035175879394
SR,10,61,11.689796447753906,241.30654907226562,0.2891985117704957,0.5765753946718222,0.3450162890731373,0.1592,3.1407035175879394
SR,5,62,7.673789978027344,268.1940612792969,0.3427719899718203,1.0892664891120059,0.44879194265102784,0.1592,3.1407035175879394
SR,7,63,9.57391357421875,357.55577087402344,0.19662323237827425,0.3388662903462036,0.2531122530186923,0.1592,3.1407035175879394
SR,2,64,171.02783203125,287.20074462890625,0.5234677327994941,0.9815994970487806,0.6599525728581201,0.1592,3.1407035175879394
SR,6,65,12.26544189453125,366.43733406066895,0.2158248338993338,0.614845969251615,0.28817441566777346,0.1592,3.1407035175879394
SR,6,66,172.98426055908203,451.5621032714844,0.2848626772471413,0.48977873111493453,0.3503948170677103,0.1592,3.1407035175879394
SR,3,67,165.70608520507812,474.19081115722656,0.20104065867731424,0.3232164353171634,0.2621338815095158,0.1592,3.1407035175879394
SR,4,68,173.5899658203125,421.72740173339844,0.44908563985179595,1.1100565227202652,0.5309395717302495,0.1592,3.1407035175879394
SR,15,69,9.926025390625,432.07300758361816,0.2626946868269032,0.4531280014119492,0.30807848742913835,0.1592,3.1407035175879394
SR,2,70,5.388519287109375,305.0247344970703,0.23904739286792356,0.4476112733821078,0.3149461362176883,0.1592,3.1407035175879394
SR,10,71,165.96221923828125,234.08084106445312,0.20045430252635535,0.33141449911337184,0.2613112795659242,0.1592,3.1407035175879394
SR,4,72,12.89471435546875,306.8138732910156,0.20594222828543063,0.3399571254142342,0.23964231158102142,0.1592,3.1407035175879394
SR,1,73,6.237525939941406,355.1740417480469,0.33808899711247264,0.5860967655704454,0.38836264632403583,0.1592,3.1407035175879394
SR,0,74,167.77422332763672,287.86065673828125,0.4231782959720098,0.6700595964329286,0.4531335897393286,0.1592,3.1407035175879394
SR,1,75,174.50848388671875,262.2052001953125,0.4249010447962946,0.6706158383217736,0.4736198807496754,0.1592,3.1407035175879394
SR,15,76,166.26235961914062,262.6392135620117,0.22315755873535556,0.36742858817030366,0.26978355716933244,0.1592,3.1407035175879394
SR,0,77,14.157791137695312,499.4334411621094,0.32300307399259964,0.7808495088135508,0.3903015703825752,0.1592,3.1407035175879394
SR,11,78,10.0078125,420.5738220214844,0.21803802212152368,0.37863129915355087,0.26781929029229595,0.1592,3.1407035175879394
SR,8,79,8.4705810546875,623.0542297363281,0.35847325446463113,0.8290785669541658,0.42853613889582526,0.1592,3.1407035175879394
SR,4,80,11.310203552246094,238.85030364990234,0.26573948378264645,0.43967097171667757,0.32165082503620873,0.1592,3.1407035175879394
SR,15,81,12.23675537109375,573.6729888916016,0.22382213358502756,0.7182504942849285,0.31482459107152394,0.1592,3.1407035175879394
SR,0,82,7.01300048828125,321.5319175720215,0.5565960332676058,1.1719230936177536,0.6656965055683131,0.1592,3.1407035175879394
SR,12,83,171.43140411376953,312.98084259033203,0.603743136849895,1.2503707033434779,0.6834917088845351,0.1592,3.1407035175879394
SR,14,84,169.60574340820312,206.85452270507812,0.24389975386191654,0.6510314800731648,0.3237817256934309,0.1592,3.1407035175879394
SR,8,85,11.5755615234375,470.21234130859375,0.19416605771676598,0.5457601701067263,0.254019037974693,0.1592,3.1407035175879394
SR,5,86,9.688507080078125,382.0548095703125,0.3448681516483081,0.5322437038959076,0.3993825468304332,0.1592,3.1407035175879394
SR,12,87,13.31036376953125,348.79461669921875,0.22757762793521233,0.5386645914547861,0.3116074298414425,0.1592,3.1407035175879394
SR,3,88,9.461982727050781,211.3889923095703,0.22188320710337273,0.43472831557081054,0.275950682425992,0.1592,3.1407035175879394
SR,10,89,5.8731689453125,435.8370056152344,0.4564936543036257,0.6693055495392728,0.4923207303710942,0.1592,3.1407035175879394
SR,2,90,172.093505859375,411.9384765625,0.2548203843253721,0.5031461306715291,0.3354174765976422,0.1592,3.1407035175879394
SR,4,91,10.78436279296875,407.7040710449219,0.20810738322527245,0.37099038626083986,0.26402021170605927,0.1592,3.1407035175879394
SR,2,92,14.37615966796875,214.77395629882812,0.22145019333900762,0.36802766733701425,0.30806166259981405,0.1592,3.1407035175879394
SR,2,93,12.04315185546875,425.4536437988281,0.4236971036160378,1.0935748299005865,0.5002382336650628,0.1592,3.1407035175879394
SR,5,94,171.41260528564453,572.5473670959473,0.33219315744352695,0.683097249183039,0.3902835005052778,0.1592,3.1407035175879394
SR,6,95,172.875732421875,741.9478530883789,0.3259441476607101,0.6542472839649012,0.36918738488799385,0.1592,3.1407035175879394
SR,3,96,168.00860595703125,355.7307434082031,0.2365430202623972,0.5208365513490321,0.3055405858819299,0.1592,3.1407035175879394
SR,6,97,8.796913146972656,303.8179168701172,0.42630753927958615,1.3084097517498565,0.5406040724834319,0.1592,3.1407035175879394
SR,3,98,7.882476806640625,310.3360900878906,0.20386016782680305,0.3286482825888519,0.24836039319871359,0.1592,3.1407035175879394
SR,5,99,12.33978271484375,243.0381622314453,0.4342602729828181,1.0755769483429725,0.5426518961469274,0.1592,3.1407035175879394
SR,7,100,8.90850830078125,397.52552795410156,0.22315402540936685,0.35630271712542,0.2766367411987543,0.1592,3.1407035175879394
SR,7,101,13.718719482421875,247.22879028320312,0.2532478557470792,0.5354341229059065,0.33215450293114807,0.1592,3.1407035175879394
SR,2,102,8.74566650390625,346.01436614990234,0.37958702799961486,0.9894325976033645,0.503418096791644,0.1592,3.1407035175879394
SR,3,103,167.0609588623047,288.72674560546875,0.20591406647992988,0.7104623061388949,0.3393440164102654,0.1592,3.1407035175879394
SR,0,104,172.77642822265625,321.8345642089844,0.34969707249880994,0.7558061435345826,0.44009821844403046,0.1592,3.1407035175879394
SR,11,105,165.76107788085938,354.9293670654297,0.23282463665242675,0.39768981530579306,0.30687561569602023,0.1592,3.1407035175879394
SR,1,106,7.236175537109375,410.56829833984375,0.2993991618293552,0.4948642691902575,0.3283487405528991,0.1592,3.1407035175879394
SR,2,107,7.0276336669921875,255.30581665039062,0.5473038717730713,0.6923772370625729,0.7252885051681216,0.1592,3.1407035175879394
SR,14,108,168.97637939453125,279.2520294189453,0.2543713434602204,0.8073852520669904,0.3540051658827947,0.1592,3.1407035175879394
SR,12,109,6.8629150390625,743.8923282623291,0.31294485330077826,0.7821470203957057,0.4004107600236814,0.1592,3.1407035175879394
SR,9,110,168.48098754882812,212.56494140625,0.2600366461134468,1.743398878421776,0.41832625804511103,0.1592,3.1407035175879394
SR,7,111,9.566375732421875,434.5898895263672,0.2697756074910507,0.47948409797793395,0.34099504179479173,0.1592,3.1407035175879394
SR,12,112,14.5362548828125,274.4510803222656,0.17878085296980692,0.5867726902994038,0.24900407040958678,0.1592,3.1407035175879394
SR,0,113,13.62109375,576.9933166503906,0.22059103004547015,0.37116006020237696,0.2656315862065579,0.1592,3.1407035175879394
SR,10,114,10.07415771484375,329.7198486328125,0.2283045032131704,0.4088885514377284,0.2665312746359092,0.1592,3.1407035175879394
SR,1,115,167.73455810546875,262.9669876098633,0.38386424624833876,0.9754041512805153,0.5428623569685843,0.1592,3.1407035175879394
SR,8,116,171.66314697265625,548.6665534973145,0.32956564925970155,0.7554859813455148,0.398925334383279,0.1592,3.1407035175879394
SR,4,117,170.16668701171875,436.7237854003906,0.2602745079480448,0.6000496177414409,0.31628338565588365,0.1592,3.1407035175879394
SR,14,118,10.561004638671875,466.363525390625,0.207991935357342,0.3452329229622709,0.26058674848172814,0.1592,3.1407035175879394
SR,2,119,6.410041809082031,341.0051574707031,0.24514048110861333,0.7100349727469822,0.3527327334355029,0.1592,3.1407035175879394
SR,9,120,174.56048583984375,222.2137451171875,0.44654630563904646,0.6481558853430843,0.4755049574202928,0.1592,3.1407035175879394
SR,0,121,173.46865844726562,236.51791381835938,0.4417324972525772,1.0524824749120925,0.5726228945188917,0.1592,3.1407035175879394
SR,9,122,170.43362426757812,386.1282043457031,0.18980184625595992,0.7721659463289376,0.3331990758774348,0.1592,3.1407035175879394
SR,6,123,13.541229248046875,603.3188018798828,0.23116389845678356,0.4308799832573396,0.2639248032895711,0.1592,3.1407035175879394
SR,13,124,7.764495849609375,714.7123565673828,0.24901112474742879,0.7550685551793964,0.3398757530817991,0.1592,3.1407035175879394
SR,10,125,172.74754333496094,228.63622665405273,0.26567792519030337,1.128642667572721,0.6988499165770314,0.1592,3.1407035175879394
SR,12,126,166.5128173828125,374.2724914550781,0.3016369856302345,0.6215194024854578,0.3498669843679064,0.1592,3.1407035175879394
SR,2,127,7.523101806640625,267.3449821472168,0.4561052325065857,0.8866937418334392,0.49788437968231275,0.1592,3.1407035175879394
SR,4,128,171.15867614746094,296.2193489074707,0.34622807654334753,1.0557120854030884,0.5197807608531194,0.1592,3.1407035175879394
SR,10,129,11.02362060546875,239.5885009765625,0.21941801783617756,0.3375788825958244,0.2772493308523977,0.1592,3.1407035175879394
SR,2,130,173.66061401367188,637.9122543334961,0.2452167745668312,0.43287922221955916,0.2864248557872183,0.1592,3.1407035175879394
SR,5,131,13.904144287109375,255.68210411071777,0.25194267179078583,0.9739262425941859,0.42222242256282505,0.1592,3.1407035175879394
SR,2,132,11.6068115234375,413.3182439804077,0.22252331319651655,0.37853892637468967,0.275843121514971,0.1592,3.1407035175879394
SR,9,133,8.36529541015625,484.4697265625,0.21033831324775526,0.6220480767453594,0.2821520126358039,0.1592,3.1407035175879394
SR,8,134,165.42870330810547,457.8977508544922,0.24296368064620022,0.602990973925707,0.31505127398802635,0.1592,3.1407035175879394
SR,0,135,7.8526458740234375,298.26995849609375,0.2791372344822099,1.1337577536213643,0.40062457327023093,0.1592,3.1407035175879394
SR,15,136,167.42025756835938,271.4134178161621,0.4844800393164004,0.6546581155195187,0.579172895473063,0.1592,3.1407035175879394
SR,0,137,7.8348541259765625,332.22088623046875,0.25898586665678996,0.45896410000316124,0.33063690133343665,0.1592,3.1407035175879394
SR,6,138,10.548065185546875,354.8329620361328,0.22196736394802688,0.37342882254560744,0.25198898899119443,0.1592,3.1407035175879394
SR,10,139,11.82196044921875,388.23001635074615,0.26498200208449674,0.5778086105981193,0.31165636824313764,0.1592,3.1407035175879394
SR,15,140,173.5592041015625,391.18643951416016,0.4848910916697948,0.7339736218635076,0.5417513694285399,0.1592,3.1407035175879394
SR,2,141,10.243980407714844,227.82289123535156,0.28351690375793487,1.2205920617525263,0.41296187401854484,0.1592,3.1407035175879394
SR,10,142,14.71392822265625,349.4990539550781,0.22898671806482807,0.7709248436850671,0.30630902641055924,0.1592,3.1407035175879394
SR,14,143,13.524444580078125,267.8410339355469,0.26454498602080484,0.5010502438508156,0.33775255954666433,0.1592,3.1407035175879394
SR,11,144,5.65869140625,363.25502014160156,0.2733400873380153,0.46518901646407407,0.33909933089165145,0.1592,3.1407035175879394
SR,2,145,174.16131591796875,341.33173751831055,0.39175050353411484,1.3107722653997316,0.5051452398444082,0.1592,3.1407035175879394
SR,13,146,6.6199951171875,453.6074733734131,0.21808955629018584,0.7241794647406371,0.2877988867222123,0.1592,3.1407035175879394
SR,2,147,10.8856201171875,268.3572998046875,0.3794109326395583,0.770963593883449,0.4623850168287052,0.1592,3.1407035175879394
SR,0,148,173.02799224853516,440.4794464111328,0.32631537477472455,1.417880048288076,0.45723279351052637,0.1592,3.1407035175879394
SR,9,149,11.514183044433594,239.17059326171875,0.35156931956828785,0.4840149573895701,0.5064171785137723,0.1592,3.1407035175879394
SR,10,150,173.66061401367188,477.1019058227539,0.29793947700384227,0.8752284261749012,0.3766770029170544,0.1592,3.1407035175879394
SR,12,151,8.6151123046875,261.4321708679199,0.9092081285387658,1.0710785359517168,1.2226235873215647,0.1592,3.1407035175879394
SR,0,152,170.6767807006836,298.78683280944824,0.13805796729716469,0.7303261856346426,0.5935867546158715,0.1592,3.1407035175879394
SR,1,153,12.450752258300781,334.16454315185547,0.2386804767507076,0.5837832560335611,0.3303821696917381,0.1592,3.1407035175879394
SR,4,154,166.57296752929688,403.1393737792969,0.2082294196924867,0.34911025763127196,0.254563273799921,0.1592,3.1407035175879394
SR,5,155,12.653411865234375,477.2001953125,0.21252918715396726,0.5457902935497628,0.2943284909551536,0.1592,3.1407035175879394
SR,15,156,167.06640625,388.4365234375,0.29804950469940983,0.7221720067528274,0.3847180841464009,0.1592,3.1407035175879394
SR,0,157,12.52960205078125,478.4348449707031,0.20913121556627895,0.3367064685635747,0.2828195307420768,0.1592,3.1407035175879394
SR,1,158,8.590682983398438,373.5418014526367,0.4245424528990764,0.5657254900359798,0.5165838786583961,0.1592,3.1407035175879394
SR,8,159,13.449859619140625,344.50457763671875,0.21533255077718544,0.5070947997659083,0.2834546635701495,0.1592,3.1407035175879394
SR,4,160,12.031158447265625,503.5331344604492,0.375581807519972,0.7699900222725125,0.4369062049252661,0.1592,3.1407035175879394
SR,12,161,165.0876922607422,215.6363525390625,0.6701135822870734,0.9035908978945421,0.7646313721335132,0.1592,3.1407035175879394
SR,2,162,14.03778076171875,558.3569641113281,0.2293482009942784,0.3696406202955409,0.2731035055601285,0.1592,3.1407035175879394
SR,14,163,171.87052154541016,961.0406322479248,0.3492303935358257,0.6501696290892942,0.38211326899448483,0.1592,3.1407035175879394
SR,7,164,168.54092407226562,202.41448974609375,0.4568942773523492,0.8368375375421184,0.5675162486767105,0.1592,3.1407035175879394
SR,5,165,9.34429931640625,239.35810089111328,0.5599726458636585,1.335769620574136,0.6821536551605226,0.1592,3.1407035175879394
SR,4,166,171.32733154296875,220.58159065246582,0.252231239039602,1.0307849993441154,0.41586108883490647,0.1592,3.1407035175879394
SR,4,167,12.725250244140625,390.27008056640625,0.20442107695318515,0.32680961079487125,0.2685797441777529,0.1592,3.1407035175879394
SR,1,168,9.292930603027344,246.67552947998047,0.23932477575523275,0.8449880346777932,0.3631857326403424,0.1592,3.1407035175879394
SR,5,169,174.90867614746094,711.9487705230713,0.25886505697403556,0.5433745550802767,0.3089671171798713,0.1592,3.1407035175879394
SR,0,170,10.591537475585938,498.8278503417969,0.4717535740287831,0.6484376617443821,0.5310979851408353,0.1592,3.1407035175879394
SR,2,171,14.590744018554688,659.5833854675293,0.29099202901662347,0.5252976086117978,0.3369217296467331,0.1592,3.1407035175879394
SR,14,172,14.798690795898438,225.88443756103516,0.5609140979381727,1.0219745542491974,0.6651117736002752,0.1592,3.1407035175879394
SR,4,173,9.21063232421875,323.13409423828125,0.20025014783057202,0.32481302323602285,0.25641078125535105,0.1592,3.1407035175879394
SR,9,174,12.172088623046875,553.7242889404297,0.23024766808240119,0.6150487258191983,0.3089921839050269,0.1592,3.1407035175879394
SR,5,175,174.72689819335938,242.35971069335938,0.292379936417285,1.597945227043131,0.43747604905917825,0.1592,3.1407035175879394
SR,15,176,169.1497802734375,361.2617492675781,0.22015335119021218,0.3882686033405227,0.25280908029522814,0.1592,3.1407035175879394
SR,1,177,167.555908203125,408.9295349121094,0.21572732534462416,0.36687922493808495,0.2488499964541614,0.1592,3.1407035175879394
SR,4,178,6.60406494140625,369.58387756347656,0.3434886389168638,0.7089067084442867,0.41216547950755944,0.1592,3.1407035175879394
SR,9,179,172.51983642578125,214.71083068847656,0.4383538845291211,0.8145461301429676,0.5257197565939651,0.1592,3.1407035175879394
SR,11,180,13.10089111328125,367.4392395019531,0.21178475136606517,0.3470814216817439,0.2346630446079679,0.1592,3.1407035175879394
SR,13,181,9.18841552734375,458.83982849121094,0.2837168155048454,0.8992909170382257,0.3887529451436312,0.1592,3.1407035175879394
SR,5,182,172.25064086914062,391.41295623779297,0.3475185677826604,0.6893955860597247,0.42013799818174147,0.1592,3.1407035175879394
SR,13,183,172.62008666992188,552.6668853759766,0.22070682117424217,0.3704319121887126,0.2599220560703762,0.1592,3.1407035175879394
SR,14,184,9.376701354980469,780.2038421630859,0.2197140341723725,0.6414806382941954,0.30648119115251954,0.1592,3.1407035175879394
SR,2,185,9.8656005859375,322.1568145751953,0.35575227105044727,0.8980404618592215,0.5032453830165252,0.1592,3.1407035175879394
SR,10,186,168.38107299804688,598.7500762939453,0.25605344521938606,0.6829723007334021,0.3399726167126618,0.1592,3.1407035175879394
SR,15,187,10.09735107421875,348.93890380859375,0.17962222160318858,0.2910500419379643,0.2754821402799389,0.1592,3.1407035175879394
SR,2,188,167.95684814453125,501.81727600097656,0.297285401538006,0.46090432640602874,0.3542701083620958,0.1592,3.1407035175879394
SR,3,189,174.7469940185547,249.11941528320312,0.6223485532948814,1.6178201513043782,0.7812601652221014,0.1592,3.1407035175879394
SR,12,190,169.6242218017578,249.48382568359375,0.39661356926085756,0.6285218236593263,0.4228809676583547,0.1592,3.1407035175879394
SR,15,191,169.4552459716797,231.14971923828125,0.2247445274620362,0.3840221430465403,0.2943876720953208,0.1592,3.1407035175879394
SR,4,192,13.135101318359375,219.27935791015625,0.14635510262773446,0.9025763326624519,0.4322889033382075,0.1592,3.1407035175879394
SR,8,193,6.9521942138671875,415.4921417236328,0.33610124415263026,0.8973983342340849,0.42646957964147325,0.1592,3.1407035175879394
SR,13,194,5.90533447265625,553.7115325927734,0.2231870443783908,0.418056953264678,0.2598697577256036,0.1592,3.1407035175879394
SR,8,195,9.20220947265625,332.6838073730469,0.23728504274503484,0.5887766491746321,0.3168422691446516,0.1592,3.1407035175879394
SR,7,196,6.403564453125,403.61798095703125,0.23045649143388913,0.3864591748261274,0.2655429504177768,0.1592,3.1407035175879394
SR,5,197,7.968963623046875,206.60073852539062,0.5738748217993587,0.9330087117626034,0.644419513026781,0.1592,3.1407035175879394
SR,1,198,168.08432006835938,291.02642822265625,0.3059360388136684,0.6822095445507903,0.39778120417075336,0.1592,3.1407035175879394
SR,6,199,9.8656005859375,275.26556396484375,0.31189456985293906,0.5212373053665044,0.36053012465445633,0.1592,3.1407035175879394
SR,4,200,169.508544921875,267.4268798828125,0.33575220416086177,1.0939761278599938,0.4261366150022517,0.1592,3.1407035175879394
SR,14,201,168.29898071289062,285.7957763671875,0.21582285891586012,0.3435571141305174,0.27650551167073956,0.1592,3.1407035175879394
SR,14,202,171.43965911865234,397.0404300689697,0.517927363537816,1.4198543071403886,0.6620565929652503,0.1592,3.1407035175879394
SR,13,203,14.03778076171875,257.24399185180664,0.3146467868013937,0.6493582076415567,0.37705148320151355,0.1592,3.1407035175879394
SR,14,204,14.7215576171875,302.71038818359375,0.22491761046236178,0.6826156156731277,0.3112805942367427,0.1592,3.1407035175879394
SR,4,205,12.3814697265625,394.71437072753906,0.2193733152026081,0.3727018997668141,0.27719307302929647,0.1592,3.1407035175879394
SR,8,206,14.669677734375,307.71807861328125,0.20382003233581306,0.34110124119882507,0.276935615737094,0.1592,3.1407035175879394
SR,1,207,5.805908203125,349.1161346435547,0.43219245690290986,1.1762023550223852,0.5744848201161333,0.1592,3.1407035175879394
SR,9,208,5.0123291015625,471.2082977294922,0.2875319802355515,0.5141921030607012,0.3394850647790958,0.1592,3.1407035175879394
SR,5,209,171.51895141601562,414.6272277832031,0.37091089216432377,0.5864739482793979,0.4036226801420082,0.1592,3.1407035175879394
SR,5,210,14.185905456542969,772.1455764770508,0.258190367256945,0.7130664677363338,0.3255578302965869,0.1592,3.1407035175879394
SR,0,211,167.47039794921875,221.74490356445312,0.2046568540364337,0.3250893650353211,0.28577342730491706,0.1592,3.1407035175879394
SR,13,212,174.4014663696289,226.42730712890625,0.3192100618498646,0.8057468315796324,0.40586390092979313,0.1592,3.1407035175879394
SR,10,213,13.658981323242188,762.4353218078613,0.2750055404652687,0.6796345378944436,0.3417654698892673,0.1592,3.1407035175879394
SR,3,214,11.143096923828125,427.7855987548828,0.2528930533771086,0.5224241946911867,0.3313758561809444,0.1592,3.1407035175879394
SR,14,215,8.914459228515625,547.1862592697144,0.2718622914935154,0.42645470024052157,0.32154505680094425,0.1592,3.1407035175879394
SR,5,216,173.45449829101562,428.2477722167969,0.4061305987462902,0.6379460248499209,0.4310946390812283,0.1592,3.1407035175879394
SR,10,217,9.34429931640625,268.0478210449219,0.20869551508644765,0.33847099837983113,0.2746610493772434,0.1592,3.1407035175879394
SR,6,218,12.00286865234375,272.6549377441406,0.2548027789177047,0.7191103932091439,0.432460102233357,0.1592,3.1407035175879394
SR,7,219,172.01577758789062,219.63623046875,0.3783092774372209,0.5298646751380635,0.42611850607152596,0.1592,3.1407035175879394
SR,0,220,13.524444580078125,332.600923538208,0.2747267869553341,1.0315395427779706,0.4117706063409433,0.1592,3.1407035175879394
SR,10,221,10.96124267578125,331.12904357910156,0.20701084028816555,0.33994499364288483,0.23936626412570836,0.1592,3.1407035175879394
SR,6,222,167.5343017578125,207.7043685913086,0.23720762514659244,0.3977734328753904,0.3213961241985016,0.1592,3.1407035175879394
SR,9,223,167.27474975585938,269.91944122314453,0.24937256154541207,0.5990590799832192,0.32546218835933594,0.1592,3.1407035175879394
SR,6,224,12.0953369140625,293.364501953125,0.26084828739529,0.7239074279766683,0.34000873907716955,0.1592,3.1407035175879394
SR,9,225,165.66287231445312,200.23379516601562,0.5120932918020326,0.7350231630208955,0.5718850696385702,0.1592,3.1407035175879394
SR,12,226,12.49969482421875,413.84039306640625,0.2097207702029201,0.34553406728196706,0.25753764731604883,0.1592,3.1407035175879394
SR,4,227,172.01577758789062,305.85516357421875,0.3923958784012763,0.6248987478315804,0.4409357999938765,0.1592,3.1407035175879394
SR,15,228,174.88348388671875,604.4382781982422,0.348568684348878,0.7518020559821768,0.41504589164069144,0.1592,3.1407035175879394
SR,6,229,10.8773193359375,251.90847778320312,0.20353423380539115,0.3524901897285147,0.2742874427561369,0.1592,3.1407035175879394
SR,1,230,174.58892822265625,264.2212104797363,0.48975424353200986,0.7021583628536016,0.5773571566675658,0.1592,3.1407035175879394
SR,11,231,12.551048278808594,521.2143859863281,0.3010007901250722,0.63754234307158,0.371541898665732,0.1592,3.1407035175879394
SR,6,232,168.68978881835938,342.0479431152344,0.2526942405864148,0.48436390428233217,0.3077592044238331,0.1592,3.1407035175879394
SR,9,233,167.82791137695312,474.0644836425781,0.21538562495433572,0.35871290450019494,0.2582504202105133,0.1592,3.1407035175879394
SR,4,234,10.637237548828125,261.91460037231445,0.36421783317512485,0.46446113357877417,0.5424781337564099,0.1592,3.1407035175879394
SR,2,235,10.348602294921875,601.7051696777344,0.23295139843490553,0.6893683219777188,0.3185065354923448,0.1592,3.1407035175879394
SR,12,236,174.64495849609375,351.9160943031311,0.2596977746832689,0.895912944266516,0.3784311066834133,0.1592,3.1407035175879394
SR,6,237,11.834129333496094,372.7672119140625,0.3791850520274668,0.5879236918970747,0.4032180955372171,0.1592,3.1407035175879394
SR,6,238,11.310211181640625,423.1431884765625,0.30721590698687445,0.6714987259586009,0.3545216129429202,0.1592,3.1407035175879394
SR,15,239,13.571731567382812,315.7270202636719,0.210360779487791,0.4565982984170753,0.29781673804987874,0.1592,3.1407035175879394
SR,4,240,8.4705810546875,223.311429977417,0.4353697577706873,0.5981415735315505,0.49158926084779503,0.1592,3.1407035175879394
SR,2,241,173.5660400390625,877.3030281066895,0.27814859402082026,0.49647457908365367,0.31322380891651835,0.1592,3.1407035175879394
SR,7,242,166.84136962890625,628.0793037414551,0.3131525314143678,0.6386578781129509,0.36383778892535573,0.1592,3.1407035175879394
SR,5,243,168.68978881835938,246.70989990234375,0.34721295937188834,0.6242040265774481,0.4363354023027669,0.1592,3.1407035175879394
SR,9,244,12.995635986328125,664.1014938354492,0.2557150476532268,0.438641209798349,0.31537571954119703,0.1592,3.1407035175879394
SR,2,245,6.05816650390625,706.9468994140625,0.28535114135278805,0.67903959264301,0.35500816043327976,0.1592,3.1407035175879394
SR,1,246,174.54324340820312,229.57861328125,0.2512771338667111,0.6638795499472043,0.377009478074454,0.1592,3.1407035175879394
SR,13,247,170.53801727294922,206.83407592773438,0.22141576138089855,0.45348418167229243,0.2932232673720593,0.1592,3.1407035175879394
SR,13,248,169.69524383544922,528.5600280761719,0.24595793234187466,0.665057552695919,0.33525831255685634,0.1592,3.1407035175879394
SR,1,249,170.1343994140625,456.7664451599121,0.23812655362783916,0.5050195780292839,0.3179343950442722,0.1592,3.1407035175879394
SR,5,250,8.038803100585938,338.1466064453125,0.38988509931325877,0.6587393357452892,0.42494797265651724,0.1592,3.1407035175879394
SR,11,251,168.006103515625,246.98974609375,0.2165624173023189,0.3804424971682268,0.27932529204250683,0.1592,3.1407035175879394
SR,13,252,12.051361083984375,417.02784729003906,0.20462096699223747,0.3343238724342023,0.24075928633839844,0.1592,3.1407035175879394
SR,1,253,168.146484375,475.70195865631104,0.26549455431979196,0.4320054055404043,0.33264948248856774,0.1592,3.1407035175879394
SR,8,254,5.26690673828125,630.0052604675293,0.2526734922026176,0.7503891234311886,0.35321753469603506,0.1592,3.1407035175879394
SR,0,255,7.325675964355469,254.90184020996094,0.23103531848809342,0.3731021298913697,0.36694424572908524,0.1592,3.1407035175879394
SR,4,256,5.101371765136719,230.14768981933594,0.3310107181158649,0.9686095452168062,0.4259356294700702,0.1592,3.1407035175879394
SR,9,257,174.09466552734375,310.4136085510254,0.4519928635532725,1.1556860367005268,0.537934339450685,0.1592,3.1407035175879394
SR,3,258,172.03103637695312,653.7202835083008,0.26617271456108216,0.5011629965858407,0.3465789423766429,0.1592,3.1407035175879394
SR,3,259,9.9578857421875,328.40191650390625,0.23968100712583984,0.4184259531946742,0.2792297883804427,0.1592,3.1407035175879394
SR,7,260,9.78216552734375,236.55790901184082,0.4189097097802025,1.1460932098536893,0.5152908578104382,0.1592,3.1407035175879394
SR,7,261,169.6112060546875,383.3729248046875,0.42818327199001494,0.7331372303407702,0.4642748815090431,0.1592,3.1407035175879394
SR,7,262,5.3001251220703125,233.22699356079102,0.5116933091355392,0.6456028409802228,0.6414448940613419,0.1592,3.1407035175879394
SR,8,263,171.75428771972656,307.8289794921875,0.31575482233858687,0.5611132672258741,0.38909952478142845,0.1592,3.1407035175879394
SR,11,264,6.581153869628906,766.5531921386719,0.2952795468686501,0.6597854986307872,0.34213540920150504,0.1592,3.1407035175879394
SR,7,265,6.182121276855469,319.1715087890625,0.41072165203027233,0.6821527513469403,0.45628065822368724,0.1592,3.1407035175879394
SR,5,266,174.39153289794922,862.5730667114258,0.46736859162270916,0.8422861644902402,0.5142165847890775,0.1592,3.1407035175879394
SR,8,267,166.12103271484375,623.395715713501,0.37489440979272115,0.7172775651526568,0.42119734415558663,0.1592,3.1407035175879394
SR,6,268,172.64835357666016,217.46481323242188,0.24036586077305638,0.37937927410784,0.33249873780933836,0.1592,3.1407035175879394
SR,4,269,9.257156372070312,817.8967666625977,0.2853634911438422,0.4748161458414334,0.3105946429123242,0.1592,3.1407035175879394
SR,6,270,7.8526611328125,842.3969345092773,0.3538846646725562,0.7489860197468846,0.42289980964638035,0.1592,3.1407035175879394
SR,10,271,7.351654052734375,393.10862731933594,0.27750232325547314,0.801419211219679,0.37569114777137264,0.1592,3.1407035175879394
SR,4,272,9.283172607421875,811.5511703491211,0.29886704248302753,0.6867071381204397,0.35124778374876,0.1592,3.1407035175879394
SR,1,273,10.81396484375,427.7477722167969,0.46413471635112913,0.7822206985329848,0.5061688447788231,0.1592,3.1407035175879394
SR,11,274,14.1016845703125,245.59776306152344,0.41060722156615526,0.933946922813326,0.5279557454792005,0.1592,3.1407035175879394
SR,8,275,14.301948547363281,230.6320037841797,0.48819884105376715,1.0288795196288396,0.7288707303960841,0.1592,3.1407035175879394
SR,0,276,169.19552612304688,343.65289306640625,0.3889411580879979,0.9939934800184329,0.48041625422087436,0.1592,3.1407035175879394
SR,11,277,10.37579345703125,236.7015504837036,0.3739802477638627,0.56156592568233,0.40448667405783917,0.1592,3.1407035175879394
SR,0,278,13.47906494140625,339.13922119140625,0.3073227809901846,0.638434584599619,0.40728493066619836,0.1592,3.1407035175879394
SR,8,279,168.22149658203125,450.832763671875,0.2605371481325494,0.7053184682333475,0.32832078952982846,0.1592,3.1407035175879394
SR,11,280,173.66061401367188,402.4351501464844,0.29160768641667384,0.9209744076132694,0.4371828193751154,0.1592,3.1407035175879394
SR,1,281,170.83807373046875,219.9754638671875,0.30381425512209764,0.5498816691108264,0.35777898060290103,0.1592,3.1407035175879394
SR,7,282,166.9198226928711,200.690673828125,0.30192334835479906,0.8681536440849664,0.4461418054814376,0.1592,3.1407035175879394
SR,7,283,173.29095458984375,312.1872978210449,0.4203471435539728,0.8427996173244409,0.4809958953951512,0.1592,3.1407035175879394
SR,9,284,170.40716552734375,452.12066650390625,0.24376227635074765,0.4189800588565446,0.2761265170933321,0.1592,3.1407035175879394
SR,10,285,172.47689056396484,225.12849044799805,0.6841433954689885,0.8223950892662422,0.6258011305349032,0.1592,3.1407035175879394
SR,15,286,10.213851928710938,211.55843353271484,0.18521226646773534,0.4966019490544176,0.5259174549654968,0.1592,3.1407035175879394
SR,4,287,170.69832611083984,824.2493667602539,0.3589892196423308,0.6922847288301337,0.4082047417800844,0.1592,3.1407035175879394
SR,15,288,7.430694580078125,521.2237701416016,0.22813771348659911,0.39095668111964077,0.2535579409796906,0.1592,3.1407035175879394
SR,7,289,170.64017486572266,442.95819091796875,0.33897907603991273,0.7145777777550991,0.41704373761055635,0.1592,3.1407035175879394
SR,5,290,8.408340454101562,261.021240234375,0.2422536066289971,0.4101605278741265,0.3959202776465859,0.1592,3.1407035175879394
SR,9,291,172.97796630859375,384.14752197265625,0.21819076491150685,0.36786488783427274,0.2781413373421531,0.1592,3.1407035175879394
SR,11,292,5.9735107421875,851.7272338867188,0.4256558439807556,0.7286863857612814,0.45367136851779993,0.1592,3.1407035175879394
SR,14,293,12.644927978515625,274.91131591796875,0.36439472395315275,0.6127788773165388,0.40368024544372394,0.1592,3.1407035175879394
SR,10,294,5.041664123535156,383.0565719604492,0.43842205144460433,0.983524969681116,0.522434513469814,0.1592,3.1407035175879394
SR,4,295,11.75042724609375,234.12451171875,0.46141757172879333,0.612273595880294,0.5158126963917182,0.1592,3.1407035175879394
SR,13,296,165.79444122314453,254.02606201171875,0.3549835663999904,0.5579442693532479,0.39497710641265277,0.1592,3.1407035175879394
SR,1,297,5.940704345703125,362.218994140625,0.4599579085980364,0.7697274484299462,0.4970091722223963,0.1592,3.1407035175879394
SR,0,298,5.338432312011719,361.37109375,0.46363666145184645,0.6622054325371408,0.5262992893601298,0.1592,3.1407035175879394
SR,11,299,167.862548828125,261.94769287109375,0.2160665019119517,0.3614630452444043,0.2677527841092227,0.1592,3.1407035175879394
SR,4,300,167.19482421875,411.5806427001953,0.22448904611623413,0.3877197950935298,0.2795645482433771,0.1592,3.1407035175879394
SR,3,301,8.725624084472656,605.8786163330078,0.23324024907785193,0.46211620107437335,0.27883198467564735,0.1592,3.1407035175879394
SR,0,302,11.169723510742188,670.6441955566406,0.22718767132213283,0.3879013488240938,0.2859024905445213,0.1592,3.1407035175879394
SR,2,303,10.394256591796875,433.9409484863281,0.31903406614031127,0.7325790394782665,0.38360168552421026,0.1592,3.1407035175879394
SR,3,304,13.135101318359375,254.53790473937988,0.2202416893397781,0.4666366880483697,0.2732025958305452,0.1592,3.1407035175879394
SR,0,305,170.7814712524414,322.2962646484375,0.45102703303847974,0.6754231028130194,0.5061066580100345,0.1592,3.1407035175879394
SR,2,306,5.402984619140625,322.7295608520508,0.3012475813936086,0.5649850777914505,0.34176626121821285,0.1592,3.1407035175879394
SR,9,307,5.4197998046875,319.2537531852722,0.26931737053702387,0.4572291922814688,0.3654594117629748,0.1592,3.1407035175879394
SR,9,308,167.81570434570312,292.4634094238281,0.27860388153475246,0.5636507586253888,0.3754134883623846,0.1592,3.1407035175879394
SR,2,309,14.491531372070312,296.857666015625,0.3500020064795132,0.5500001059601921,0.39807567223011464,0.1592,3.1407035175879394
SR,11,310,7.124267578125,482.9300537109375,0.29626213504115784,0.6601061240667794,0.361719480199428,0.1592,3.1407035175879394
SR,4,311,169.54840087890625,320.9508972167969,0.2912196679017648,0.5956754972477909,0.3952090606507588,0.1592,3.1407035175879394
SR,14,312,170.02505493164062,449.3176727294922,0.23898789640052223,0.43209251667184156,0.27097068728588636,0.1592,3.1407035175879394
SR,15,313,168.19244384765625,226.78778076171875,0.21620845045544262,0.3530942903150873,0.29844442330462845,0.1592,3.1407035175879394
SR,15,314,166.35575103759766,239.26283264160156,0.2607317497633748,1.2793561187053146,0.47420433118568506,0.1592,3.1407035175879394
SR,1,315,171.9488067626953,281.0255126953125,0.5953415387053836,1.512219302777767,0.6553338951461634,0.1592,3.1407035175879394
SR,9,316,171.40463256835938,567.8892822265625,0.24215587137798933,0.5271740829022715,0.29740929201022415,0.1592,3.1407035175879394
SR,15,317,169.508544921875,522.8476943969727,0.2912223832339275,0.5724072254363086,0.3433535251741288,0.1592,3.1407035175879394
SR,4,318,9.712982177734375,323.81749725341797,0.3623833441763211,0.7766486542425572,0.4255085138479146,0.1592,3.1407035175879394
SR,8,319,6.339385986328125,248.97311782836914,0.4777085772687424,0.653111923551407,0.5647023603681066,0.1592,3.1407035175879394
SR,7,320,7.8526611328125,550.0526123046875,0.24126886296047556,0.4357496186650288,0.28268056576738465,0.1592,3.1407035175879394
SR,0,321,166.53353881835938,529.9207916259766,0.25391517506134936,0.4293959306427021,0.303469569372287,0.1592,3.1407035175879394
SR,13,322,174.61148071289062,509.80828857421875,0.2882657193506297,0.7396261436815966,0.3417355658177311,0.1592,3.1407035175879394
SR,3,323,165.61688995361328,283.88018798828125,0.365803665639467,0.6165527837459046,0.40214265484348793,0.1592,3.1407035175879394
SR,9,324,10.669815063476562,248.46114349365234,0.3452945465294945,0.661986989343753,0.44905664783904803,0.1592,3.1407035175879394
SR,1,325,172.2242431640625,425.4402770996094,0.2828070113912502,0.5318249642529187,0.3418486293545109,0.1592,3.1407035175879394
SR,7,326,11.310211181640625,335.7200927734375,0.22003800530277687,0.3777596233411752,0.26024578111178953,0.1592,3.1407035175879394
SR,9,327,9.34429931640625,263.0032043457031,0.25093511104929017,0.7787854370324544,0.38563126134194764,0.1592,3.1407035175879394
SR,14,328,12.461387634277344,706.105712890625,0.3910776757652668,0.6461340780309945,0.42773183226081846,0.1592,3.1407035175879394
SR,8,329,8.93011474609375,366.6197204589844,0.39089752364039215,0.6985412261577565,0.4294652575682544,0.1592,3.1407035175879394
SR,1,330,13.628326416015625,205.85205125808716,0.2867512235609203,0.9586950139955904,0.4276391092988242,0.1592,3.1407035175879394
SR,12,331,14.247245788574219,1001.0131530761719,0.3318908648829819,0.624238027756371,0.386088347602425,0.1592,3.1407035175879394
SR,1,332,169.408447265625,531.7247161865234,0.2505525615576493,0.45374534393729726,0.29836437533958815,0.1592,3.1407035175879394
SR,4,333,14.860595703125,420.617919921875,0.29237507136532326,0.525450547849277,0.32585963987487654,0.1592,3.1407035175879394
SR,14,334,172.01577758789062,229.20578002929688,0.43813447290000246,1.3313063428283276,0.5428652128733544,0.1592,3.1407035175879394
SR,10,335,5.76708984375,409.20794677734375,0.27892868849644364,0.7444543096758388,0.365692958165248,0.1592,3.1407035175879394
SR,14,336,11.4215087890625,332.2289123535156,0.22511251602461887,0.3780847234209156,0.27152467188884577,0.1592,3.1407035175879394
SR,4,337,10.561004638671875,245.605712890625,0.4658708195029359,0.620767007808255,0.5176606136225,0.1592,3.1407035175879394
SR,3,338,170.25662231445312,240.84518432617188,0.2335787941626471,0.6605933932872605,0.3270497212331828,0.1592,3.1407035175879394
SR,4,339,10.601165771484375,783.5223999023438,0.27337999909724997,0.6535241603739833,0.32734460235852975,0.1592,3.1407035175879394
SR,8,340,173.25518798828125,223.11563873291016,0.2100485513443066,1.0449807865631884,0.43759252672024,0.1592,3.1407035175879394
SR,3,341,10.0078125,231.51953887939453,0.40213271890604346,0.9087247627904325,0.49521799635511515,0.1592,3.1407035175879394
SR,9,342,14.907745361328125,303.7544250488281,0.24759402564753957,0.47750122338008777,0.29474124035439114,0.1592,3.1407035175879394
SR,8,343,174.31991577148438,880.1460952758789,0.39305928854741257,0.6814119884602967,0.4246718178442668,0.1592,3.1407035175879394
SR,11,344,174.4874038696289,440.9134643524885,0.3333878019792297,0.561695031647145,0.4152687876771939,0.1592,3.1407035175879394
SR,3,345,6.800537109375,253.67858505249023,0.28821148521384343,0.5146836141816848,0.33837486598576333,0.1592,3.1407035175879394
SR,9,346,8.060600280761719,637.4722442626953,0.2305020112676954,0.39023660903400237,0.26544222655319566,0.1592,3.1407035175879394
SR,13,347,7.097648620605469,906.7391529083252,0.24764304521791497,0.7293354821100761,0.3058717013904535,0.1592,3.1407035175879394
SR,1,348,14.03778076171875,279.7215881347656,0.16175518034432873,0.7759237214407817,0.42353939465668294,0.1592,3.1407035175879394
SR,6,349,8.53021240234375,363.1628112792969,0.2509330459931998,0.4831506080092317,0.306475239629426,0.1592,3.1407035175879394
SR,1,350,173.66060638427734,249.6128273010254,0.4258842909472733,1.0262903707285425,0.581726467019841,0.1592,3.1407035175879394
SR,8,351,10.007797241210938,481.5572509765625,0.3296824333859809,0.7280596367533302,0.4101070238967032,0.1592,3.1407035175879394
SR,11,352,5.193634033203125,761.9175186157227,0.31508723498087043,0.7604342627052919,0.394025091233958,0.1592,3.1407035175879394
SR,8,353,167.50674438476562,475.5696716308594,0.28436945071946496,0.5194195963386347,0.32816768669993934,0.1592,3.1407035175879394
SR,1,354,14.97747802734375,320.4940185546875,0.22691397910883954,0.39065334904797006,0.27893629681674964,0.1592,3.1407035175879394
SR,2,355,172.5693130493164,268.72774505615234,0.2958992294722623,0.7204210535890093,0.4053318993850662,0.1592,3.1407035175879394
SR,10,356,8.392333984375,651.4247283935547,0.26964084687759726,0.6460789977830679,0.34022813483876124,0.1592,3.1407035175879394
SR,15,357,5.035255432128906,1045.7205505371094,0.30987852902152524,0.5503363027675099,0.3495568035307326,0.1592,3.1407035175879394
SR,5,358,166.56774139404297,388.7951354980469,0.4045097549502458,0.6718670288695586,0.4195873442032238,0.1592,3.1407035175879394
SR,13,359,166.169921875,276.4281425476074,0.36122013748213966,0.5724932179341486,0.4966064534985446,0.1592,3.1407035175879394
SR,9,360,171.61734008789062,555.8059539794922,0.3079936968172323,0.7002791043705107,0.37138844506338875,0.1592,3.1407035175879394
SR,14,361,165.66287231445312,227.19741821289062,0.24299260462733072,0.7152762004585013,0.3136864083830572,0.1592,3.1407035175879394
SR,13,362,174.3701171875,840.759895324707,0.3339526640487258,0.6233926435676513,0.36458638962687284,0.1592,3.1407035175879394
SR,5,363,166.16574096679688,434.20208740234375,0.3315715537492361,0.8177829540654653,0.4278887028896001,0.1592,3.1407035175879394
SR,6,364,168.6897964477539,415.6266784667969,0.32864327253802417,0.9979895294756556,0.42371416571795767,0.1592,3.1407035175879394
SR,15,365,9.712982177734375,286.0336608886719,0.2521858845583913,0.6692536428225069,0.3119516634856451,0.1592,3.1407035175879394
SR,9,366,167.22784423828125,275.50634765625,0.21675244020524753,0.4160948071925587,0.2740363210771524,0.1592,3.1407035175879394
SR,0,367,166.03363037109375,352.34681701660156,0.33887877428173746,0.7181340124031916,0.41539381276032217,0.1592,3.1407035175879394
SR,4,368,5.062835693359375,284.4903268814087,0.4752986702669632,0.7457927428590345,0.5431274856886348,0.1592,3.1407035175879394
SR,8,369,10.799598693847656,859.2068862915039,0.39418322807630124,0.7071114184924095,0.4228698206353516,0.1592,3.1407035175879394
SR,9,370,166.57296752929688,516.6838836669922,0.3229410248995383,0.6533873417728956,0.3758968294954428,0.1592,3.1407035175879394
SR,3,371,173.2552032470703,384.8055419921875,0.38684649069954413,1.095010389921102,0.4695748179640864,0.1592,3.1407035175879394
SR,7,372,169.75601196289062,491.357852935791,0.1969324345121265,0.34153994073474236,0.2976011985915259,0.1592,3.1407035175879394
SR,6,373,6.339385986328125,369.87559509277344,0.5562153800757746,1.1186894911819463,0.6191035216070486,0.1592,3.1407035175879394
SR,1,374,171.9545440673828,590.0026702880859,0.23103995697251464,0.5977746045651071,0.27639019798008313,0.1592,3.1407035175879394
SR,14,375,170.86328125,234.98736572265625,0.4840469246616876,0.6322699564296144,0.6161095926522899,0.1592,3.1407035175879394
SR,7,376,14.231231689453125,207.3007583618164,0.3375970523071092,0.7906266764680253,0.41115982447940697,0.1592,3.1407035175879394
SR,9,377,168.04287719726562,724.0620422363281,0.2460180062254616,0.6505398852590795,0.31366298553529753,0.1592,3.1407035175879394
SR,3,378,13.70831298828125,309.3171615600586,0.3094321759533279,0.6987358910311933,0.38078449881195686,0.1592,3.1407035175879394
SR,11,379,168.14649963378906,272.69525146484375,0.5198865710003413,1.113799352161901,0.5957153597815915,0.1592,3.1407035175879394
SR,6,380,174.2264862060547,219.781982421875,0.18912547829235812,0.8753517334834205,0.3621405650947556,0.1592,3.1407035175879394
SR,2,381,13.892654418945312,246.35089111328125,0.3139674446389751,0.7254234310158117,0.41431202045723736,0.1592,3.1407035175879394
SR,2,382,171.3848876953125,415.84605407714844,0.31153853448156166,0.8516458941348432,0.4177936663571511,0.1592,3.1407035175879394
SR,5,383,174.65774536132812,382.3059620857239,0.4178662031417765,0.8924628046875477,0.47419003118677816,0.1592,3.1407035175879394
SR,14,384,167.34658813476562,252.9703369140625,0.3444893795164755,0.5637765324775386,0.3888694242671969,0.1592,3.1407035175879394
SR,14,385,8.245712280273438,393.85430908203125,0.3523008033581977,0.570780848943639,0.381019989384839,0.1592,3.1407035175879394
SR,14,386,6.91046142578125,380.1033935546875,0.2308428102420215,0.4092414602834202,0.2752148591195632,0.1592,3.1407035175879394
SR,5,387,11.42437744140625,385.89129638671875,0.20123820069880477,0.32757907659311347,0.22930910210616545,0.1592,3.1407035175879394
SR,0,388,9.141220092773438,370.5814514160156,0.3745662478526033,0.588814777953047,0.38748635332049336,0.1592,3.1407035175879394
SR,5,389,5.92669677734375,811.9998321533203,0.43641670757016215,0.7724316298936413,0.4707834261865004,0.1592,3.1407035175879394
SR,12,390,168.11083984375,518.1280498504639,0.4225775687403416,0.7339910545681946,0.4689329340802412,0.1592,3.1407035175879394
SR,0,391,166.9337158203125,530.5882568359375,0.2670800905492333,0.46604543301280965,0.29795053893422074,0.1592,3.1407035175879394
SR,4,392,12.77215576171875,559.8245391845703,0.25949078716695867,0.7102067864406639,0.33838384649183956,0.1592,3.1407035175879394
SR,14,393,6.7216949462890625,370.4841003417969,0.35696137600385525,0.5705080874021123,0.3934581711483638,0.1592,3.1407035175879394
SR,10,394,13.57171630859375,277.5732841491699,0.4717647333958719,1.0245433551559027,0.5492100663744639,0.1592,3.1407035175879394
SR,9,395,14.30194091796875,345.09144592285156,0.21956037425817954,0.6128492925791955,0.306022349430158,0.1592,3.1407035175879394
SR,13,396,5.848114013671875,210.15457153320312,0.27041430821291307,0.5888791470313465,0.3710996198930645,0.1592,3.1407035175879394
SR,5,397,170.882568359375,410.539306640625,0.41582443092099447,0.6375538619180572,0.4247173798497138,0.1592,3.1407035175879394
SR,8,398,165.4915771484375,301.9029998779297,0.2192518387096211,0.7176630120113245,0.3350081242753741,0.1592,3.1407035175879394
SR,3,399,9.903968811035156,297.79544830322266,0.44132605079479703,0.6967814562879223,0.5059227102843286,0.1592,3.1407035175879394
SR,4,400,166.7002716064453,243.94383239746094,0.23177756436443217,0.6076696196900484,0.3376240464827998,0.1592,3.1407035175879394
SR,13,401,13.162139892578125,329.758544921875,0.22245774809394886,0.43306864141839985,0.2871209442070434,0.1592,3.1407035175879394
SR,3,402,167.37982177734375,496.5432586669922,0.21307709084114085,0.36835265543662177,0.24222316547802525,0.1592,3.1407035175879394
SR,2,403,8.706855773925781,451.7123718261719,0.39214939237688884,1.1921609024876116,0.500566532550761,0.1592,3.1407035175879394
SR,15,404,14.97491455078125,243.7727813720703,0.22439550122942392,0.4779495007287341,0.36485839348702326,0.1592,3.1407035175879394
SR,0,405,167.43896484375,216.49954223632812,0.24277831433997846,0.7126802432055543,0.3321307648452123,0.1592,3.1407035175879394
SR,14,406,174.1851806640625,905.5622415542603,0.3665394481706531,0.6561581944885249,0.38972682066732833,0.1592,3.1407035175879394
SR,5,407,11.82196044921875,270.4739990234375,0.24297310997411586,0.40192852106594923,0.30198924142683636,0.1592,3.1407035175879394
SR,11,408,5.90533447265625,631.6319580078125,0.26786105785315056,0.6426271309776311,0.3277385009033108,0.1592,3.1407035175879394
SR,10,409,12.031158447265625,401.0376663208008,0.2395989404371727,0.720661813978718,0.31826242199562477,0.1592,3.1407035175879394
SR,1,410,169.35430908203125,211.9473876953125,0.31445496578108867,0.5926114700867441,0.3558966942071849,0.1592,3.1407035175879394
SR,7,411,171.35772705078125,494.4309997558594,0.31998879434819794,0.6366985488945969,0.38551847860594424,0.1592,3.1407035175879394
SR,0,412,169.87548828125,395.8589553833008,0.3988769775967373,0.9693814324461556,0.49440523464146097,0.1592,3.1407035175879394
SR,7,413,5.135589599609375,447.6542739868164,0.27360388175207906,0.4695489934352974,0.3398878719387388,0.1592,3.1407035175879394
SR,4,414,10.30474853515625,205.8509521484375,0.41251431383294024,0.7666497383406062,0.4782316148580618,0.1592,3.1407035175879394
SR,6,415,11.041107177734375,573.8094177246094,0.319622893976015,0.4927514024460395,0.33610889010044187,0.1592,3.1407035175879394
SR,11,416,173.1580047607422,460.36363220214844,0.30028504880359635,0.6845655531943624,0.38218408300606854,0.1592,3.1407035175879394
SR,0,417,6.126129150390625,343.0706605911255,0.3537226797257314,1.113178509172067,0.514930662442813,0.1592,3.1407035175879394
SR,13,418,168.7938232421875,333.48760986328125,0.44982298477595245,0.7001191595661925,0.4478422046825348,0.1592,3.1407035175879394
SR,4,419,9.782157897949219,284.4112548828125,0.17216769700881843,1.045476297396759,0.5053441469755312,0.1592,3.1407035175879394
SR,9,420,173.36827087402344,213.3930549621582,0.28250975832419967,0.4896323455568484,0.3845873882952521,0.1592,3.1407035175879394
SR,12,421,171.18011474609375,244.2744598388672,0.20060654924691118,0.3316254382110877,0.32437933117049456,0.1592,3.1407035175879394
SR,7,422,171.5019989013672,200.95416259765625,0.18115991290965835,0.9669688635475435,0.4413988134176142,0.1592,3.1407035175879394
SR,14,423,168.68978881835938,701.1065216064453,0.23806945543930685,0.6975471980504803,0.31793067479961257,0.1592,3.1407035175879394
SR,4,424,173.47295379638672,266.0808012485504,0.6364007755131917,1.5250296147330105,0.8603303278468772,0.1592,3.1407035175879394
SR,3,425,167.5849609375,217.9788818359375,0.43917122939421915,0.7020505469160198,0.5172300530720708,0.1592,3.1407035175879394
SR,10,426,174.40145874023438,641.8624954223633,0.22204281204496842,0.4100770975216216,0.28607684678023526,0.1592,3.1407035175879394
SR,5,427,174.61148834228516,290.8215274810791,0.5812386299659775,1.611366802141177,0.8114138746811964,0.1592,3.1407035175879394
SR,0,428,8.188674926757812,458.5728454589844,0.38968679184748517,0.7960964931353403,0.4415406824797292,0.1592,3.1407035175879394
SR,7,429,13.892654418945312,444.77232360839844,0.2652268296659667,0.4837698238893329,0.3716534955851761,0.1592,3.1407035175879394
SR,4,430,13.611045837402344,246.9025421142578,0.19022343494317814,0.8457725381930996,0.39066396206564696,0.1592,3.1407035175879394
SR,1,431,174.95834350585938,862.8613929748535,0.2883543265121927,0.5375343592187082,0.3419323593562927,0.1592,3.1407035175879394
SR,11,432,10.491455078125,642.5193481445312,0.25011586922329343,0.6691496602630849,0.3161462613682136,0.1592,3.1407035175879394
SR,1,433,11.76873779296875,351.4352111816406,0.24249990163665525,0.3705874205476671,0.32440716481619003,0.1592,3.1407035175879394
SR,1,434,172.27203369140625,621.0029830932617,0.3692958250735415,0.6901537060610262,0.4180895093074226,0.1592,3.1407035175879394
SR,9,435,170.19415283203125,210.7535400390625,0.25446507728140766,0.47297468302919304,0.3263055201094532,0.1592,3.1407035175879394
SR,6,436,172.83351135253906,218.8345947265625,0.26965782569916197,0.4737785128134142,0.32527585419265775,0.1592,3.1407035175879394
SR,3,437,166.03677368164062,608.2491226196289,0.3666565745387812,0.7901867614925776,0.42049034634681387,0.1592,3.1407035175879394
SR,9,438,174.4732666015625,413.33968353271484,0.2958536622308435,0.5321934365327802,0.3462264472756174,0.1592,3.1407035175879394
SR,1,439,169.3236083984375,292.0885314941406,0.2651716865133377,0.6066945191985678,0.3431523063725525,0.1592,3.1407035175879394
SR,13,440,14.1796875,279.254150390625,0.1814925881399141,0.6815131461234728,0.29378454724225667,0.1592,3.1407035175879394
SR,1,441,6.20263671875,308.8974304199219,0.48753180342125507,0.7317455704111699,0.5302095484863394,0.1592,3.1407035175879394
SR,3,442,172.30463409423828,751.9664077758789,0.3348006091814611,0.8290902581295636,0.4103193621165189,0.1592,3.1407035175879394
SR,7,443,13.286018371582031,239.17394256591797,0.31720013605614955,0.9981227176982381,0.44888685564427155,0.1592,3.1407035175879394
SR,14,444,12.693534851074219,273.6141586303711,0.5386347764051538,1.031325845828532,0.6210246206663111,0.1592,3.1407035175879394
SR,4,445,9.2457275390625,232.61953735351562,0.18731416502923118,0.2857614241034974,0.32811199705965877,0.1592,3.1407035175879394
SR,13,446,7.523101806640625,318.12718200683594,0.2448943297981302,0.5882891899807214,0.33103299052646123,0.1592,3.1407035175879394
SR,11,447,174.2630615234375,845.8815002441406,0.33822319944387946,0.6260615988154453,0.38168579151683674,0.1592,3.1407035175879394
SR,15,448,169.9921875,389.03761291503906,0.24950834844660147,0.3888475433162287,0.2941123349142369,0.1592,3.1407035175879394
SR,7,449,8.317047119140625,246.310302734375,0.3434288147644034,0.5803715414559147,0.38025555186688514,0.1592,3.1407035175879394
SR,7,450,174.44085693359375,851.1210384368896,0.4176790026668025,0.7217805434811735,0.4462955172614478,0.1592,3.1407035175879394
SR,11,451,166.2623519897461,236.20684814453125,0.3642305318477309,0.6241833058984241,0.400600065815762,0.1592,3.1407035175879394
SR,13,452,167.6912841796875,341.9547119140625,0.28931607458292563,0.6595108236742371,0.3599990120151163,0.1592,3.1407035175879394
SR,14,453,174.4732666015625,544.6272163391113,0.22338099263676336,0.3813150337602962,0.28723455476603843,0.1592,3.1407035175879394
SR,13,454,10.0078125,648.4971942901611,0.2406489257183168,0.3874368188920645,0.3097011137273438,0.1592,3.1407035175879394
SR,3,455,5.4765625,266.0829071998596,0.4726133033678945,1.4435709106262211,0.7534520804411708,0.1592,3.1407035175879394
SR,1,456,171.58587646484375,591.3573455810547,0.2570238039156676,0.5159517819736436,0.31818427217801926,0.1592,3.1407035175879394
SR,10,457,12.995628356933594,708.9725494384766,0.2429681162867039,0.7236019158665455,0.30496365621300026,0.1592,3.1407035175879394
SR,6,458,13.783004760742188,280.0735321044922,0.2675382780152729,0.4295945204838436,0.38032027589737544,0.1592,3.1407035175879394
SR,11,459,173.3682861328125,220.39166259765625,0.2834415651889734,0.9665455512915005,0.45204535693406406,0.1592,3.1407035175879394
SR,8,460,10.2220458984375,410.1855010986328,0.21941491621992615,0.7243550033914467,0.3089838601546725,0.1592,3.1407035175879394
SR,1,461,170.76708984375,257.1583251953125,0.2471383572832963,0.42905028296658276,0.3831271769101005,0.1592,3.1407035175879394
SR,3,462,168.51766967773438,234.27874755859375,0.2886480105894294,0.9369702041914882,0.4553334925255864,0.1592,3.1407035175879394
SR,7,463,167.1513671875,385.226806640625,0.42034625371290113,0.5869211690870834,0.4927742770975677,0.1592,3.1407035175879394
SR,2,464,14.124755859375,296.52284240722656,0.21779283992603643,0.3918648662805696,0.3214961017061366,0.1592,3.1407035175879394
SR,7,465,13.644256591796875,319.46826171875,0.36450607307649907,0.7521518115852365,0.4201392610539827,0.1592,3.1407035175879394
SR,0,466,170.53802490234375,487.531286239624,0.281067159860748,0.6892244802241719,0.336813241919478,0.1592,3.1407035175879394
SR,1,467,172.2085952758789,216.05999755859375,0.4118327030975624,0.6637889278029987,0.4477019745847162,0.1592,3.1407035175879394
SR,0,468,174.80636596679688,420.0012512207031,0.39805674636605276,0.6096414141632135,0.427489193082432,0.1592,3.1407035175879394
SR,15,469,9.05029296875,493.6256103515625,0.2189945350154916,0.3794525917890357,0.24651088807701887,0.1592,3.1407035175879394
SR,2,470,12.124359130859375,426.7231140136719,0.28299218740078275,0.6810826958525482,0.3790083876503842,0.1592,3.1407035175879394
SR,5,471,170.57232666015625,465.2575988769531,0.2917054754089336,0.6532976044460713,0.3578363526255669,0.1592,3.1407035175879394
SR,14,472,14.512847900390625,287.2366943359375,0.21956191395127617,0.5668500575739661,0.28952129665486054,0.1592,3.1407035175879394
SR,3,473,7.593940734863281,382.0081787109375,0.5168185304598273,0.9687714834538307,0.5501120272608784,0.1592,3.1407035175879394
SR,15,474,7.456329345703125,526.3675384521484,0.2209761919873342,0.3745626300311385,0.24525671099367008,0.1592,3.1407035175879394
SR,3,475,174.19408416748047,887.4960784912109,0.4665439835835146,0.8335985866376439,0.5011374709119168,0.1592,3.1407035175879394
SR,1,476,9.46197509765625,234.6421356201172,0.7613606868390873,1.11604699327883,0.7506314170825873,0.1592,3.1407035175879394
SR,1,477,173.08953857421875,482.84483337402344,0.30135929524470473,0.5028631931007306,0.34868603365085704,0.1592,3.1407035175879394
SR,8,478,11.938690185546875,274.2187957763672,0.18715957274530562,0.29998432486569526,0.26536080445134874,0.1592,3.1407035175879394
SR,13,479,14.45416259765625,372.69781494140625,0.28991748439911313,0.6211257777432996,0.35524820309569916,0.1592,3.1407035175879394
SR,3,480,172.9842529296875,426.28033447265625,0.3904598565112573,0.8852543335244203,0.447341414048113,0.1592,3.1407035175879394
SR,2,481,9.245719909667969,237.4938201904297,0.4704140271356843,1.7505807616913431,0.6636061617021153,0.1592,3.1407035175879394
SR,5,482,9.05743408203125,526.5745143890381,0.24941899728663955,0.4005334760769004,0.3202671535259309,0.1592,3.1407035175879394
SR,2,483,6.5920867919921875,818.490234375,0.4312088840672247,0.7565381315431539,0.4631372043670911,0.1592,3.1407035175879394
SR,6,484,172.823486328125,812.7660827636719,0.32399790307789283,0.6166375162753384,0.38583434867525207,0.1592,3.1407035175879394
SR,6,485,165.77239990234375,679.0513801574707,0.3273823473870061,0.6743997329515434,0.3828244042957504,0.1592,3.1407035175879394
SR,10,486,12.725250244140625,217.33010864257812,0.24047596052694611,0.6050283411470763,0.30278782768294343,0.1592,3.1407035175879394
SR,3,487,12.403617858886719,401.2236633300781,0.32806014285821167,0.7575750103975881,0.4033894583699293,0.1592,3.1407035175879394
SR,6,488,170.020263671875,742.4454193115234,0.3324680279081533,0.6576295806844933,0.377023185667817,0.1592,3.1407035175879394
SR,12,489,6.339385986328125,214.6023941040039,0.3871780058944489,1.0244868880107223,0.514990353814078,0.1592,3.1407035175879394
SR,4,490,171.63470458984375,212.4759292602539,0.5120804999911341,1.0133659746788994,0.7166349352893169,0.1592,3.1407035175879394
SR,15,491,7.486663818359375,248.67759704589844,0.3400533929110289,0.49090754956636845,0.3848578360968038,0.1592,3.1407035175879394
SR,9,492,8.129486083984375,374.34466552734375,0.2472032025306813,0.4505720159642935,0.30723973057448073,0.1592,3.1407035175879394
SR,6,493,14.5362548828125,201.98310470581055,0.20258720678108494,0.5712552961450929,0.3332912554963253,0.1592,3.1407035175879394
SR,13,494,173.50146484375,280.5902099609375,0.3444043375920625,0.6199722908284006,0.3850925408251307,0.1592,3.1407035175879394
SR,11,495,165.51348876953125,406.2024841308594,0.2731924957833882,0.5898823464109547,0.34227356356047983,0.1592,3.1407035175879394
SR,10,496,12.20977783203125,307.9354248046875,0.34261954503753284,0.8458473592217602,0.42814215410900913,0.1592,3.1407035175879394
SR,8,497,10.203857421875,273.64544677734375,0.22738549739245356,0.5812629215363371,0.30382106238382345,0.1592,3.1407035175879394
SR,0,498,10.933944702148438,215.18930053710938,0.20605011568368337,0.35992665609182334,0.30082597850790316,0.1592,3.1407035175879394
SR,1,499,13.75445556640625,316.70849609375,0.21344840522744038,0.36495859336947145,0.2965713268272864,0.1592,3.1407035175879394
SR,9,500,167.72291564941406,364.23313903808594,0.3943917238389046,1.1094257279272195,0.48911803572827084,0.1592,3.1407035175879394
SR,0,501,7.124267578125,623.76953125,0.2239182151085097,0.3865447379569212,0.25959170186376185,0.1592,3.1407035175879394
SR,8,502,12.30462646484375,325.5389099121094,0.21419138584170502,0.3640387267652,0.2517667407068733,0.1592,3.1407035175879394
SR,10,503,170.97732543945312,691.6623878479004,0.3679572637970842,0.6955215417850402,0.40392510755970107,0.1592,3.1407035175879394
SR,0,504,171.57360076904297,537.1492919921875,0.22725222405829337,0.38485289561473013,0.26774857785618844,0.1592,3.1407035175879394
SR,3,505,172.46564483642578,500.1601867675781,0.3419328539395015,0.6399853607070197,0.404510210135404,0.1592,3.1407035175879394
SR,3,506,12.3087158203125,334.755126953125,0.28837970564421234,0.7479753127364859,0.35795888907525303,0.1592,3.1407035175879394
SR,1,507,171.6903076171875,345.9467468261719,0.3355222299069055,0.6735030612080424,0.38887398332647993,0.1592,3.1407035175879394
SR,7,508,169.76531982421875,264.124755859375,0.2712617463792914,0.6548584713868855,0.38026672914544063,0.1592,3.1407035175879394
SR,8,509,9.66839599609375,456.3971862792969,0.27931584234129875,0.48586966083160055,0.34472984645900906,0.1592,3.1407035175879394
SR,5,510,13.135101318359375,250.3623504638672,0.2813774933289465,0.6878557430631248,0.35491544732033625,0.1592,3.1407035175879394
SR,13,511,165.5942840576172,630.7799682617188,0.2211184043655306,0.7108495717767495,0.29017741009747666,0.1592,3.1407035175879394
SR,11,512,173.7183074951172,367.3638000488281,0.4270908718039049,0.6582787609384675,0.45160778751582176,0.1592,3.1407035175879394
SR,12,513,9.36614990234375,342.4759521484375,0.19164569973007306,0.3005562821324626,0.27433966027470963,0.1592,3.1407035175879394
SR,10,514,8.129478454589844,272.2964782714844,0.24071291669911465,0.902607974292102,0.3832206912467433,0.1592,3.1407035175879394
SR,0,515,169.21563720703125,320.15599822998047,0.34147492893707626,0.6159350761707063,0.3934171357985946,0.1592,3.1407035175879394
SR,5,516,171.5019989013672,232.33663940429688,0.27929149624316457,0.8115733252775397,0.3865480435185541,0.1592,3.1407035175879394
SR,8,517,9.183502197265625,467.0773468017578,0.28910631964839545,0.46333190337568986,0.34284444936289665,0.1592,3.1407035175879394
SR,2,518,9.65155029296875,458.4596252441406,0.26896960377077006,0.7020703549778305,0.3366543475278751,0.1592,3.1407035175879394
SR,3,519,174.9876708984375,337.47155570983887,0.4675016397006993,1.1991935575108246,0.5506075824050457,0.1592,3.1407035175879394
SR,9,520,173.02456665039062,448.5414276123047,0.4255131879764918,0.7805236131757592,0.4539438826090482,0.1592,3.1407035175879394
SR,7,521,13.723670959472656,646.9324645996094,0.22432679366265595,0.36493954630146885,0.26482524950168124,0.1592,3.1407035175879394
SR,1,522,5.041656494140625,800.3164825439453,0.33411919541632823,0.6974250945730576,0.3898520120874401,0.1592,3.1407035175879394
SR,7,523,9.688507080078125,355.9304504394531,0.20267247938275273,0.32691758402410287,0.23848643028561956,0.1592,3.1407035175879394
SR,14,524,7.480171203613281,508.61195278167725,0.22746368577362625,0.5839101304855628,0.3140728617539359,0.1592,3.1407035175879394
SR,0,525,6.2860870361328125,412.4440886974335,0.5449490640468546,1.0608610502245943,0.6228254752025363,0.1592,3.1407035175879394
SR,6,526,173.81219482421875,665.1935958862305,0.3108272372096588,0.5917694227981192,0.3585829014339116,0.1592,3.1407035175879394
SR,10,527,165.06658935546875,488.3705825805664,0.3621243012211612,0.6755264100831231,0.39334622635862204,0.1592,3.1407035175879394
SR,3,528,9.34429931640625,349.3943176269531,0.21483422237363173,0.375087726102158,0.2690594397452642,0.1592,3.1407035175879394
SR,6,529,168.6897964477539,272.1563320159912,0.31138496891867323,0.8245909155992605,0.3949933381965875,0.1592,3.1407035175879394
SR,10,530,10.0078125,366.3355407714844,0.3136492478638009,0.7133968925771204,0.41711689005184666,0.1592,3.1407035175879394
SR,11,531,165.79444122314453,223.56756591796875,0.2153944727130132,0.8003242362190671,0.37949263347930273,0.1592,3.1407035175879394
SR,12,532,174.62109375,492.6671142578125,0.24669320025671895,0.38743796995870416,0.30654446373915356,0.1592,3.1407035175879394
SR,0,533,5.825531005859375,303.8571014404297,0.5102034396406911,1.0298512998918194,0.5733511423743003,0.1592,3.1407035175879394
SR,7,534,9.76153564453125,385.8919372558594,0.22720226444543645,0.40819473443521087,0.2649513901097684,0.1592,3.1407035175879394
SR,7,535,8.7745361328125,436.34770506620407,0.22297075963336482,0.7501689956902385,0.2999472460247653,0.1592,3.1407035175879394
SR,11,536,172.51982879638672,334.69664001464844,0.6343637812272535,0.7615303382337093,1.0547098693006145,0.1592,3.1407035175879394
SR,1,537,173.1864242553711,220.25772094726562,0.21627030822829885,0.629167242281703,0.30089858059064095,0.1592,3.1407035175879394
SR,9,538,173.48837280273438,676.0048713684082,0.39560873732012775,0.6870954814240143,0.4215223231114039,0.1592,3.1407035175879394
SR,6,539,14.5582275390625,218.13186645507812,0.21662092945586814,0.4875157750070647,0.3193739770786444,0.1592,3.1407035175879394
SR,0,540,12.777557373046875,430.75897216796875,0.20985499755491396,0.3483856589233734,0.2659385254035204,0.1592,3.1407035175879394
SR,5,541,167.0043716430664,621.4087371826172,0.22849938800847072,0.5931961762654406,0.2793519552279352,0.1592,3.1407035175879394
SR,5,542,173.9732666015625,415.8297576904297,0.5024638504280118,1.1446858215984252,0.5919903282549387,0.1592,3.1407035175879394
SR,5,543,8.285202026367188,368.7859191894531,0.32566804952447487,0.6327909722147765,0.37483639912055305,0.1592,3.1407035175879394
SR,2,544,166.8177490234375,480.07066345214844,0.23105132236413528,0.37235646426318203,0.28929453142680256,0.1592,3.1407035175879394
SR,10,545,7.305023193359375,313.6326370239258,0.3000488080086928,0.9248928297814925,0.4350810444859107,0.1592,3.1407035175879394
SR,7,546,173.3682861328125,476.2269515991211,0.20529006317661186,0.31950694991587997,0.289437435027715,0.1592,3.1407035175879394
SR,1,547,172.12435913085938,801.1876907348633,0.26550116241617583,0.5512057114850868,0.3147336188411275,0.1592,3.1407035175879394
SR,11,548,8.026611328125,298.41336822509766,0.4578699078232023,0.7990921819512139,0.49417072869942574,0.1592,3.1407035175879394
SR,7,549,170.4701919555664,234.00692749023438,0.2437350327913728,0.8439396430326211,0.3667003970370035,0.1592,3.1407035175879394
SR,5,550,170.21783447265625,771.6554794311523,0.3330526599255923,0.5427027811531434,0.3483587858713851,0.1592,3.1407035175879394
SR,3,551,8.796905517578125,502.7832336425781,0.29337855903914734,0.6059231250839889,0.37659591063272074,0.1592,3.1407035175879394
SR,14,552,6.665863037109375,743.6372909545898,0.3449575030676688,0.6878069037914716,0.4022104874263217,0.1592,3.1407035175879394
SR,14,553,171.78472900390625,316.0158996582031,0.22594978787054115,0.37747010192499547,0.2509492141093436,0.1592,3.1407035175879394
SR,8,554,7.124267578125,313.97947692871094,0.31144314188957645,0.881032672097241,0.40439678156675574,0.1592,3.1407035175879394
SR,4,555,167.54924774169922,469.36700439453125,0.3636915440595229,0.9495789071591011,0.457894050819804,0.1592,3.1407035175879394
SR,12,556,173.56605529785156,776.792293548584,0.380942085965331,0.6449898757795405,0.3914004998053009,0.1592,3.1407035175879394
SR,7,557,171.27713012695312,521.3627471923828,0.24221330430614063,0.4375949017093073,0.3039005051464096,0.1592,3.1407035175879394
SR,5,558,167.2415771484375,654.7060089111328,0.23440641017655878,0.5744305662760375,0.29924343926270475,0.1592,3.1407035175879394
SR,4,559,168.68978881835938,805.8264503479004,0.346608410395812,0.5535134417989095,0.36125599616931114,0.1592,3.1407035175879394
SR,4,560,174.71072387695312,521.0988616943359,0.30318338450270976,0.6127377429908779,0.34388124960293026,0.1592,3.1407035175879394
SR,8,561,8.129486083984375,248.16547203063965,0.41426665461013135,0.9117030796433593,0.4900145384581904,0.1592,3.1407035175879394
SR,9,562,11.07037353515625,239.46327209472656,0.37624640767884676,1.1655117737753524,0.4857201306161063,0.1592,3.1407035175879394
SR,0,563,171.3634033203125,816.2694473266602,0.2756658423626922,0.5235211589738262,0.3114813355536006,0.1592,3.1407035175879394
SR,2,564,11.874359130859375,400.0355987548828,0.21088740638224124,0.4038464728267142,0.27222236346446993,0.1592,3.1407035175879394
SR,8,565,10.28131103515625,323.06599044799805,0.2546695807600261,0.6568432132151293,0.33630341492960664,0.1592,3.1407035175879394
SR,11,566,12.75091552734375,352.5760803222656,0.2533664113929032,0.5713001437652583,0.31714815451604444,0.1592,3.1407035175879394
SR,3,567,172.60671997070312,471.0378589630127,0.2405550161130693,0.3855616544931319,0.3171466325977747,0.1592,3.1407035175879394
SR,4,568,170.13441467285156,213.9191780090332,0.18646644948305824,1.8149309047674618,0.6657746727531542,0.1592,3.1407035175879394
SR,6,569,169.73495483398438,657.2252044677734,0.2627575179487869,0.5288842259508562,0.31740798673199966,0.1592,3.1407035175879394
SR,0,570,8.914459228515625,279.8877487182617,0.36434754126442187,0.9661202921263778,0.5052087589543799,0.1592,3.1407035175879394
SR,3,571,168.11083221435547,858.2812690734863,0.34087530100280056,0.5838897007724266,0.3642038992534733,0.1592,3.1407035175879394
SR,2,572,172.093505859375,477.66766357421875,0.2959611906966916,0.6746617406611134,0.38716864860841843,0.1592,3.1407035175879394
SR,2,573,11.12164306640625,570.551342010498,0.2644161395710715,0.6517802810795096,0.3351965054449767,0.1592,3.1407035175879394
SR,13,574,165.76107788085938,410.12583923339844,0.27853623605388056,0.4890938215175036,0.31372082386823685,0.1592,3.1407035175879394
SR,7,575,167.0043716430664,260.8482360839844,0.2114584694039041,0.40823955963232544,0.29209178672262803,0.1592,3.1407035175879394
SR,12,576,6.270263671875,607.9141082763672,0.2174669724405369,0.6481748751408664,0.3083425296457945,0.1592,3.1407035175879394
SR,6,577,9.272216796875,233.67456912994385,0.37964884526551324,0.5227174960467876,0.4514332227590236,0.1592,3.1407035175879394
SR,4,578,14.78009033203125,410.77239990234375,0.20314944398107074,0.3397842972017555,0.25237159645632395,0.1592,3.1407035175879394
SR,4,579,6.489990234375,312.0190443992615,0.3927232794706516,0.5877359650193134,0.43520614817863124,0.1592,3.1407035175879394
SR,3,580,171.69927978515625,592.726318359375,0.21794544758296022,0.36590433784063603,0.2613347584687216,0.1592,3.1407035175879394
SR,6,581,9.566375732421875,432.8425598144531,0.3421142005440978,0.7320243789999424,0.4128195127781162,0.1592,3.1407035175879394
SR,13,582,169.39883422851562,226.79301261901855,0.2922969061313179,1.0180024120523883,0.46815223717358856,0.1592,3.1407035175879394
SR,6,583,167.35699462890625,440.1889953613281,0.24736749178353373,0.487294088039692,0.30188545400476263,0.1592,3.1407035175879394
SR,12,584,13.6058349609375,291.4055480957031,0.186042593287076,0.288762739198757,0.31108883134646326,0.1592,3.1407035175879394
SR,14,585,173.92835235595703,214.79341530799866,0.43366646337680503,0.8144053773189628,0.513477703066772,0.1592,3.1407035175879394
SR,5,586,10.329605102539062,686.2642211914062,0.24258737456855053,0.566854570219086,0.28668115703852953,0.1592,3.1407035175879394
SR,8,587,13.86248779296875,224.20040893554688,0.22859303379710452,0.9446783210190559,0.37681289595913314,0.1592,3.1407035175879394
SR,13,588,12.674713134765625,276.0257387161255,0.35093789785842794,0.8101483709432359,0.45473384063974037,0.1592,3.1407035175879394
SR,14,589,7.051544189453125,539.8978424072266,0.22070641231292853,0.38316911445161317,0.24508479035277525,0.1592,3.1407035175879394
SR,3,590,173.0623779296875,683.0789642333984,0.42619206438147245,1.0018437124437491,0.5128747841297067,0.1592,3.1407035175879394
SR,2,591,172.04312896728516,375.10665130615234,0.35474459622106613,1.1732745834386684,0.47384185412893975,0.1592,3.1407035175879394
SR,14,592,168.260986328125,444.8215026855469,0.39865834423409025,0.5506959940347613,0.43585514705323947,0.1592,3.1407035175879394
SR,6,593,167.3798370361328,283.95668029785156,0.4585870031773148,0.7294714939369906,0.5159410132515249,0.1592,3.1407035175879394
SR,8,594,7.283287048339844,409.27342224121094,0.3400385924675885,0.8756057563887898,0.4305925220470459,0.1592,3.1407035175879394
SR,7,595,9.52435302734375,267.2349853515625,0.33980758972164143,1.010916597334969,0.4664586916777665,0.1592,3.1407035175879394
SR,8,596,14.408416748046875,249.6492919921875,0.2747436188863187,0.7017864025953613,0.3533787312518148,0.1592,3.1407035175879394
SR,1,597,5.1317596435546875,302.0802421569824,0.587338653766596,1.4184759618619596,0.6978442376460785,0.1592,3.1407035175879394
SR,7,598,171.11981964111328,223.89559936523438,0.27903449792575424,0.9366237703206062,0.3964511496126043,0.1592,3.1407035175879394
SR,8,599,173.66061401367188,232.84530448913574,0.47646843690714297,1.321096021897169,0.6362293342633837,0.1592,3.1407035175879394
SR,15,600,166.90704345703125,220.9038848876953,0.21588187772139364,0.366931558283242,0.31067526957193314,0.1592,3.1407035175879394
SR,6,601,5.855194091796875,324.5667247772217,0.46584394591762573,0.7449352383057892,0.5066673984219047,0.1592,3.1407035175879394
SR,7,602,11.496910095214844,334.63836669921875,0.2164559948644956,0.36854981540986087,0.28283874950770654,0.1592,3.1407035175879394
SR,15,603,11.43756103515625,660.1108551025391,0.2802388869733652,0.7770107722916014,0.3824630603140124,0.1592,3.1407035175879394
SR,13,604,10.15411376953125,371.31280517578125,0.30412086807700595,0.5956272302034974,0.36089661089181624,0.1592,3.1407035175879394
SR,7,605,6.59912109375,310.24029541015625,0.3377282694247603,0.6051236600550342,0.40633547532661174,0.1592,3.1407035175879394
SR,14,606,170.6473846435547,218.40496110916138,0.3276841374032319,0.4488337645729553,0.492741858593104,0.1592,3.1407035175879394
SR,10,607,7.86334228515625,418.36513352394104,0.21228774701798728,0.4274135184055545,0.28040141933618096,0.1592,3.1407035175879394
SR,6,608,169.2156219482422,675.0599060058594,0.2590781322850128,0.6570610951108727,0.3203389660392984,0.1592,3.1407035175879394
SR,5,609,10.692253112792969,700.14501953125,0.26222295713304,0.4314544333450743,0.3253541224730907,0.1592,3.1407035175879394
SR,4,610,8.7900390625,575.3564643859863,0.275631062855538,0.5223363533749309,0.3147838811746074,0.1592,3.1407035175879394
SR,3,611,6.880950927734375,425.604248046875,0.2553924338763485,0.49251812948297247,0.3120300889167079,0.1592,3.1407035175879394
SR,13,612,170.71682739257812,388.4822998046875,0.19541182020338652,0.6449122083562335,0.2990892923420386,0.1592,3.1407035175879394
SR,0,613,170.82232666015625,364.2655563354492,0.3703942268517284,0.5964818760786328,0.4573391914109105,0.1592,3.1407035175879394
SR,6,614,170.02506256103516,259.79730224609375,0.1939511534940759,0.7517215980740836,0.31996846934163287,0.1592,3.1407035175879394
SR,0,615,6.6317291259765625,243.4942626953125,0.2675509343398905,0.7043562167335431,0.3715380512746273,0.1592,3.1407035175879394
SR,15,616,173.7624740600586,209.52764892578125,0.4249454136349024,0.6444299609269336,0.4407662987002949,0.1592,3.1407035175879394
SR,4,617,169.64102172851562,588.8655853271484,0.2240647403303471,0.3663977862067849,0.25197896576543855,0.1592,3.1407035175879394
SR,7,618,174.68624877929688,519.7626419067383,0.28208965480141135,0.48708183914107833,0.30992083201678017,0.1592,3.1407035175879394
SR,15,619,12.8297119140625,244.13922882080078,0.16557037667763125,0.2830154902431974,0.307553966021301,0.1592,3.1407035175879394
SR,8,620,173.72647094726562,854.5018310546875,0.34210736387613744,0.6241640963352756,0.38103027883203383,0.1592,3.1407035175879394
SR,9,621,10.972381591796875,293.12310791015625,0.2581801372121039,0.5971085941624177,0.3370000270858404,0.1592,3.1407035175879394
SR,7,622,174.84521484375,568.4378051757812,0.27650839655628445,0.6332824492946896,0.33443076506443664,0.1592,3.1407035175879394
SR,4,623,9.61944580078125,252.31045532226562,0.33093615589815295,0.6112636997556563,0.4281764037599412,0.1592,3.1407035175879394
SR,12,624,10.69940185546875,296.15633392333984,0.3939504881180062,0.6127212929518735,0.4186350876199556,0.1592,3.1407035175879394
SR,9,625,8.408340454101562,220.86431121826172,0.3780231012356494,0.6079380201997521,0.48744020575245633,0.1592,3.1407035175879394
SR,4,626,166.7730712890625,431.0218200683594,0.25664350665218333,0.47305516172554174,0.3074017039027202,0.1592,3.1407035175879394
SR,6,627,6.545501708984375,395.97796630859375,0.5974664998469578,1.293370207718754,0.6417690140245501,0.1592,3.1407035175879394
SR,4,628,172.33389282226562,214.55755615234375,0.21858730542830243,0.6358515288937081,0.3063270052012767,0.1592,3.1407035175879394
SR,0,629,174.29021453857422,820.0039367675781,0.3893903386640583,0.7507617442514473,0.43963852133961673,0.1592,3.1407035175879394
SR,2,630,9.359832763671875,313.001953125,0.3749527053909494,0.8507156367822304,0.4573300188140687,0.1592,3.1407035175879394
SR,12,631,168.0233154296875,546.237663269043,0.28640079103289695,0.6225871412444229,0.34258501613632564,0.1592,3.1407035175879394
SR,13,632,169.88369750976562,575.5832672119141,0.2701682255109214,0.4641948207119256,0.3012093207670563,0.1592,3.1407035175879394
SR,7,633,12.80517578125,239.89434814453125,0.28111021966171323,0.7542421890080573,0.42350527809361854,0.1592,3.1407035175879394
SR,5,634,5.80078125,443.2712631225586,0.26499490927755864,0.5930028831867044,0.34292335328414925,0.1592,3.1407035175879394
SR,2,635,9.022682189941406,644.8522148132324,0.34177973527915917,0.5843137380085114,0.37844248633596556,0.1592,3.1407035175879394
SR,1,636,8.6365966796875,413.3823699951172,0.30632484405107613,0.8519764578836229,0.3994819819318814,0.1592,3.1407035175879394
SR,5,637,14.36627197265625,303.7220153808594,0.2082481111729413,0.3524127850048659,0.2558285570932694,0.1592,3.1407035175879394
SR,5,638,9.60491943359375,368.5767059326172,0.3066839257034046,0.6607947948953391,0.37833626539857074,0.1592,3.1407035175879394
SR,8,639,172.48593139648438,395.75457763671875,0.5384604415444627,1.238087901676203,0.6170509013873244,0.1592,3.1407035175879394
SR,0,640,7.649955749511719,490.2546691894531,0.3891354574079139,0.8090437625214795,0.44378932399017695,0.1592,3.1407035175879394
SR,3,641,167.22785186767578,435.2540054321289,0.3926566090400186,0.6127855644940016,0.4698410355641001,0.1592,3.1407035175879394
SR,9,642,9.359832763671875,353.042724609375,0.2235724797046744,0.4238400946799935,0.28611523561468044,0.1592,3.1407035175879394
SR,15,643,8.7142333984375,554.931999206543,0.32894477740474576,0.9297531994676166,0.43763083189488367,0.1592,3.1407035175879394
SR,7,644,11.864898681640625,400.4296112060547,0.27948471395776014,0.867859822103723,0.35977018079443296,0.1592,3.1407035175879394
SR,5,645,165.46375274658203,221.5692138671875,0.39221106679070367,0.6877922126690648,0.4706115494207268,0.1592,3.1407035175879394
SR,14,646,170.92893981933594,434.5965270996094,0.36169454269559037,0.7370060115584977,0.41240330478533316,0.1592,3.1407035175879394
SR,1,647,173.85418701171875,281.8164978027344,0.37538596759793164,0.5387724086130076,0.46451687204403486,0.1592,3.1407035175879394
SR,7,648,168.6897964477539,407.9178924560547,0.5478262482560929,0.6703606840270558,0.7092519035494426,0.1592,3.1407035175879394
SR,3,649,10.465301513671875,319.09412384033203,0.24402332495108484,0.7612945702330942,0.32058254206578257,0.1592,3.1407035175879394
SR,1,650,7.305023193359375,408.4460144042969,0.21641440319472152,0.3590515317828277,0.2678513247066355,0.1592,3.1407035175879394
SR,1,651,10.2220458984375,317.735595703125,0.5013871941395148,0.8351253543723565,0.5493937126415239,0.1592,3.1407035175879394
SR,14,652,8.245712280273438,242.6851806640625,0.4476574600405477,0.9831896682404321,0.5168115557120215,0.1592,3.1407035175879394
SR,5,653,167.44583129882812,278.0301208496094,0.2537847633502704,0.5134092094362779,0.3135101309197665,0.1592,3.1407035175879394
SR,3,654,172.60113525390625,251.32666015625,0.21115448911954698,0.4873286251961328,0.3195010909831722,0.1592,3.1407035175879394
SR,2,655,171.66622924804688,210.13214111328125,0.34747525960080883,0.4962474126195698,0.45959194050107294,0.1592,3.1407035175879394
SR,6,656,5.364837646484375,350.5897216796875,0.26195377687100335,0.46609161031384083,0.34565870649673874,0.1592,3.1407035175879394
SR,1,657,172.76836395263672,304.72869873046875,0.3935359767101133,0.5257708962857781,0.5881537748535803,0.1592,3.1407035175879394
SR,0,658,13.253997802734375,399.59947776794434,0.25059458690767317,0.5101812777034643,0.31089682074456154,0.1592,3.1407035175879394
SR,11,659,6.59210205078125,487.9195251464844,0.21459265626725288,0.35309150248713395,0.2442150561085752,0.1592,3.1407035175879394
SR,14,660,12.400390625,483.40687561035156,0.3539260443985473,0.5963872639234161,0.3786826516659117,0.1592,3.1407035175879394
SR,5,661,174.41357421875,489.9883117675781,0.5828279188192641,1.071685187569016,0.6225975678959303,0.1592,3.1407035175879394
SR,1,662,6.6317138671875,645.865327835083,0.29299397352513923,0.7423704591517526,0.38481586287061365,0.1592,3.1407035175879394
SR,15,663,10.12451171875,268.4515380859375,0.22530466377517502,0.8291732680710251,0.32880579544952016,0.1592,3.1407035175879394
SR,0,664,171.61734008789062,577.8068923950195,0.4150507660610943,0.6775470977455474,0.44426746505300047,0.1592,3.1407035175879394
SR,13,665,8.92352294921875,525.0767364501953,0.31022624408652133,0.5843902475829461,0.3671238829069372,0.1592,3.1407035175879394
SR,8,666,13.080169677734375,373.35594177246094,0.19997235164868912,0.6580879501853202,0.30340815489703965,0.1592,3.1407035175879394
SR,12,667,168.27444458007812,271.22216033935547,0.39451301857704113,1.091949964602354,0.5417511394497794,0.1592,3.1407035175879394
SR,4,668,173.48098754882812,524.4583129882812,0.2945917661468946,0.5662976681169174,0.3400335924595479,0.1592,3.1407035175879394
SR,0,669,169.3034439086914,293.32184982299805,0.5538624163255971,1.0947040078015478,0.5763496415170838,0.1592,3.1407035175879394
SR,3,670,171.05770874023438,503.1012420654297,0.2323381704849785,0.379059367028091,0.3041678852543244,0.1592,3.1407035175879394
SR,15,671,174.6862564086914,237.57436752319336,0.5100477921636827,1.4210274313501823,0.6336118575055667,0.1592,3.1407035175879394
SR,3,672,5.946044921875,284.3240203857422,0.3446215599422778,0.6784428664381237,0.4111327225427656,0.1592,3.1407035175879394
SR,7,673,170.0421142578125,351.9420471191406,0.3223324340544897,0.696476560356707,0.3926064480527833,0.1592,3.1407035175879394
SR,7,674,5.43951416015625,405.8315200805664,0.2697699446505123,1.0277116142256815,0.38950694673546954,0.1592,3.1407035175879394
SR,0,675,171.44500732421875,319.99720764160156,0.3767297678073743,0.9451891916797502,0.4534720674703534,0.1592,3.1407035175879394
SR,5,676,168.04757690429688,257.5428924560547,0.30640385120368735,0.8605025205395135,0.43761385487373233,0.1592,3.1407035175879394
SR,13,677,7.379913330078125,360.8214111328125,0.23198754190126142,0.4929926433177382,0.2816572155257635,0.1592,3.1407035175879394
SR,1,678,170.82232666015625,445.8019714355469,0.234351612902493,0.43283524833957077,0.2700316758819099,0.1592,3.1407035175879394
SR,7,679,6.709053039550781,329.2261962890625,0.2573239947448398,0.5929761088930499,0.3207747070989707,0.1592,3.1407035175879394
SR,6,680,167.21563720703125,661.1809539794922,0.3321949033178807,0.6629828357115376,0.3757793268018597,0.1592,3.1407035175879394
SR,13,681,174.4732666015625,465.363130569458,0.5509901581392506,1.395591827607651,0.6583524691221776,0.1592,3.1407035175879394
SR,11,682,14.224090576171875,272.6548538208008,0.20004566192010495,0.4694549523481001,0.27295311777758874,0.1592,3.1407035175879394
SR,4,683,13.537139892578125,388.3143310546875,0.23454729671030275,0.42512845018567735,0.3046959056116783,0.1592,3.1407035175879394
SR,9,684,8.042259216308594,280.51658630371094,0.4336832455903218,0.5669075964519114,0.5671572006435072,0.1592,3.1407035175879394
SR,13,685,5.946044921875,283.75189208984375,0.33182196016149046,0.876493486532618,0.40890658261678836,0.1592,3.1407035175879394
SR,1,686,173.97328186035156,247.91315460205078,0.6571039023975578,1.8940359485649074,0.7899701146317654,0.1592,3.1407035175879394
SR,7,687,8.74566650390625,815.6995811462402,0.21951866188904795,0.3588413603591816,0.27053769335724603,0.1592,3.1407035175879394
SR,15,688,13.544464111328125,238.22238159179688,0.22381320641819158,0.388046475407424,0.28052812227707274,0.1592,3.1407035175879394
SR,14,689,172.64834594726562,249.92380905151367,0.22531189030888604,0.6129328706397577,0.36682004824043224,0.1592,3.1407035175879394
SR,15,690,171.05288696289062,342.96641540527344,0.49189314744673523,0.6733426757984802,0.5059742057372332,0.1592,3.1407035175879394
SR,10,691,14.719451904296875,324.08135986328125,0.25999956014490316,0.6545197248047013,0.3372210252491275,0.1592,3.1407035175879394
SR,6,692,5.33135986328125,216.8523654937744,0.6037989061201969,1.7181698185615324,0.8126356293524537,0.1592,3.1407035175879394
SR,3,693,165.4637451171875,310.800048828125,0.3020660132677721,0.7437902575976034,0.3630742242023929,0.1592,3.1407035175879394
SR,7,694,10.728912353515625,687.6785278320312,0.33403065826019385,0.6901165574800505,0.38444520810825356,0.1592,3.1407035175879394
SR,7,695,13.393707275390625,290.5205993652344,0.2311727960276363,0.3529791785628861,0.28890518355475797,0.1592,3.1407035175879394
SR,14,696,172.36737060546875,222.355712890625,0.4249196077020244,0.7353644473607733,0.4532268321416259,0.1592,3.1407035175879394
SR,6,697,168.95352172851562,477.43505859375,0.2479772836542675,0.5347852606117329,0.298729065804796,0.1592,3.1407035175879394
SR,1,698,167.15135192871094,252.16672325134277,0.19798495645267633,0.34080818956522424,0.2673885198725369,0.1592,3.1407035175879394
SR,14,699,166.81591796875,376.99725341796875,0.25510126958435475,0.4357706966535949,0.28270625011485306,0.1592,3.1407035175879394
SR,3,700,172.62696075439453,466.7444763183594,0.35270136187496054,0.6735785163769895,0.42972428129369333,0.1592,3.1407035175879394
SR,9,701,12.772148132324219,283.3632278442383,0.27664987894690257,0.5232087678207955,0.33143326499472764,0.1592,3.1407035175879394
SR,10,702,167.33407592773438,219.08686065673828,0.5681813194385925,0.8245066236742955,0.5743419873095572,0.1592,3.1407035175879394
SR,9,703,172.95498657226562,534.2892608642578,0.5711665225098073,0.7397790035573648,0.596316888334344,0.1592,3.1407035175879394
SR,8,704,171.5115966796875,737.3156089782715,0.3670111857458386,0.6692656966848541,0.40167385749047935,0.1592,3.1407035175879394
SR,1,705,12.284637451171875,426.4665222167969,0.2900170339815149,0.7937465804117732,0.38058338878411874,0.1592,3.1407035175879394
SR,1,706,12.00286865234375,311.8545227050781,0.23463693801324106,0.43376607197828493,0.2818586911796124,0.1592,3.1407035175879394
SR,6,707,169.7653045654297,201.34128379821777,0.3363061537372059,0.6398802745609494,0.416809803690415,0.1592,3.1407035175879394
SR,12,708,14.818267822265625,341.2181396484375,0.2067326273924262,0.3608567829808427,0.24318896912198618,0.1592,3.1407035175879394
SR,1,709,9.141220092773438,290.7015209197998,0.42898089033154396,0.7600786834829264,0.48593491990129156,0.1592,3.1407035175879394
SR,1,710,172.38876342773438,286.3523712158203,0.5922292276453885,1.4711024715165888,0.6537687068661185,0.1592,3.1407035175879394
SR,5,711,7.262504577636719,222.2572021484375,0.44987204623506927,0.7332716671050445,0.5044630595866646,0.1592,3.1407035175879394
SR,15,712,171.39915466308594,771.5240955352783,0.3160625202759693,0.5435957435885083,0.3465792999588814,0.1592,3.1407035175879394
SR,0,713,174.418212890625,367.5404968261719,0.4176219244701764,0.9187793424021913,0.5010078731270848,0.1592,3.1407035175879394
SR,0,714,173.75244140625,253.27703857421875,0.23119526625606007,0.39125469543671176,0.3648898611810461,0.1592,3.1407035175879394
SR,15,715,165.10455322265625,274.1258010864258,0.1865063909360392,0.7490925749002517,0.3237127145151514,0.1592,3.1407035175879394
SR,4,716,12.75421142578125,288.2652587890625,0.24921054843258647,0.45734571357108805,0.30100343618910513,0.1592,3.1407035175879394
SR,7,717,10.594772338867188,794.2288970947266,0.24723386932245064,0.39419187706453007,0.28696417999828244,0.1592,3.1407035175879394
SR,4,718,167.90464782714844,218.33624649047852,0.26777777953246934,0.5485260464199716,0.3554639187857893,0.1592,3.1407035175879394
SR,2,719,9.51220703125,432.0854606628418,0.221366640972003,0.35530820511752476,0.29080631979945903,0.1592,3.1407035175879394
SR,0,720,9.8656005859375,559.5618438720703,0.27168446644129746,0.46071110594482617,0.3101353490934005,0.1592,3.1407035175879394
SR,8,721,12.995635986328125,329.2059631347656,0.21920698111947395,0.3658663088597729,0.24794724433020784,0.1592,3.1407035175879394
SR,3,722,10.3251953125,641.1348114013672,0.28705734315794773,0.6620201744565944,0.3560592997942036,0.1592,3.1407035175879394
SR,14,723,169.28682708740234,247.46841430664062,0.33148134071013774,0.6371805350219946,0.3890765295104368,0.1592,3.1407035175879394
SR,7,724,171.18527221679688,389.8393783569336,0.32670334631021686,0.8082103101841663,0.43457709402009725,0.1592,3.1407035175879394
SR,5,725,10.871551513671875,509.32748460769653,0.24848819478249362,0.4006122683029596,0.2840850872723134,0.1592,3.1407035175879394
SR,0,726,5.552162170410156,216.9801788330078,0.2896893978938565,0.898640800348854,0.4073869136782057,0.1592,3.1407035175879394
SR,13,727,11.82196044921875,269.8675231933594,0.22427234475469812,0.3941984346958091,0.276968800867896,0.1592,3.1407035175879394
SR,2,728,168.90609741210938,496.20481872558594,0.2464846623669966,0.5836416783819028,0.33230903289076374,0.1592,3.1407035175879394
SR,9,729,12.019561767578125,378.11431884765625,0.20013893096673926,0.32877088346890976,0.2405039438270424,0.1592,3.1407035175879394
SR,14,730,6.339385986328125,693.2931442260742,0.290472881299932,0.6838784361075362,0.359874427328518,0.1592,3.1407035175879394
SR,5,731,12.742919921875,307.2989196777344,0.2123878444262193,0.3532351511358165,0.24578154140118982,0.1592,3.1407035175879394
SR,12,732,11.706878662109375,267.5655212402344,0.4168028190132933,0.6861237644404943,0.46866032478912034,0.1592,3.1407035175879394
SR,7,733,171.607666015625,373.53785705566406,0.3577327691296388,0.6918032867589089,0.40209638665425274,0.1592,3.1407035175879394
SR,5,734,165.85930633544922,369.3533935546875,0.38837949829310436,0.6676510190298013,0.4310339580517585,0.1592,3.1407035175879394
SR,11,735,172.875732421875,241.48028564453125,0.30205596602444784,0.5525929801115257,0.3606202839839727,0.1592,3.1407035175879394
SR,7,736,8.051193237304688,265.0625705718994,0.4056380982190722,0.525826335597943,0.5531680933506948,0.1592,3.1407035175879394
SR,15,737,8.317047119140625,492.5467834472656,0.20316866459149063,0.32300184739428073,0.24138748209846575,0.1592,3.1407035175879394
SR,7,738,172.06239318847656,259.1400146484375,0.27705906052163864,1.4196963356116632,0.5473199716696618,0.1592,3.1407035175879394
SR,9,739,173.9418182373047,844.512882232666,0.3587650181577454,0.6794779714753792,0.3977010679984378,0.1592,3.1407035175879394
SR,0,740,165.5774917602539,385.91456604003906,0.33967890958863944,0.8793067892566557,0.4385362509635147,0.1592,3.1407035175879394
SR,11,741,9.896453857421875,386.6055965423584,0.2314955479301835,0.6033843244783196,0.322437303129937,0.1592,3.1407035175879394
SR,11,742,7.124267578125,603.7431488037109,0.2235416090721935,0.5900385197615691,0.3017763501976794,0.1592,3.1407035175879394
SR,13,743,167.9046630859375,206.80194091796875,0.3244291726267669,0.5512650536697811,0.3692019983197986,0.1592,3.1407035175879394
SR,2,744,6.126129150390625,336.324462890625,0.21191008632244954,0.34993011592960144,0.26020843552261114,0.1592,3.1407035175879394
SR,15,745,168.3810806274414,220.2689208984375,0.22932630898390596,0.7219449546650274,0.3097658437906633,0.1592,3.1407035175879394
SR,2,746,11.524078369140625,449.7793731689453,0.21228512763226823,0.35924473600263884,0.25360009267707717,0.1592,3.1407035175879394
SR,3,747,171.87051391601562,633.7668304443359,0.2704157548073564,0.5212549996640913,0.3554099840132506,0.1592,3.1407035175879394
SR,11,748,14.836944580078125,354.9688720703125,0.22043437639430452,0.3743107062981369,0.25271442312593384,0.1592,3.1407035175879394
SR,5,749,5.2615966796875,362.80865478515625,0.31500828983466606,0.6769781610297211,0.3776012080557829,0.1592,3.1407035175879394
SR,13,750,173.5367202758789,498.1359634399414,0.3721498063245604,0.6360040780754286,0.3924698483927353,0.1592,3.1407035175879394
SR,10,751,173.07354736328125,813.6702880859375,0.3110586036238958,0.685663966284584,0.37241862239956675,0.1592,3.1407035175879394
SR,7,752,13.94207763671875,317.8117446899414,0.24618775763508186,0.5579644176798365,0.32135118931021783,0.1592,3.1407035175879394
SR,6,753,167.73455047607422,334.6849670410156,0.2975961652782385,0.8232829864873878,0.405207797873241,0.1592,3.1407035175879394
SR,7,754,166.73800659179688,257.8270263671875,0.4023813574339629,0.5106781604767434,0.50694017617521,0.1592,3.1407035175879394
SR,4,755,14.26617431640625,255.77313232421875,0.20286499167046237,0.31711007284972953,0.2789523493068295,0.1592,3.1407035175879394
SR,8,756,7.124267578125,529.0608673095703,0.22746087095731266,0.3785565405610065,0.26914040095267294,0.1592,3.1407035175879394
SR,14,757,5.77349853515625,384.6449279785156,0.26083761011241907,0.8218992009046499,0.3672224966295522,0.1592,3.1407035175879394
SR,4,758,12.995635986328125,202.77734375,0.5024490854696297,0.7289402543755632,0.7470551850590837,0.1592,3.1407035175879394
SR,9,759,173.3341293334961,449.60301971435547,0.38102813628190463,0.6114796694628347,0.4144286977501011,0.1592,3.1407035175879394
SR,10,760,5.92376708984375,805.6957321166992,0.3145082744503437,0.8029379035249098,0.3968814597092159,0.1592,3.1407035175879394
SR,6,761,169.30059814453125,281.14971923828125,0.21074316461857673,0.34478888475067093,0.276594307512307,0.1592,3.1407035175879394
SR,11,762,173.75555419921875,905.5340366363525,0.4149186235687341,0.7976143694909547,0.45901486885499315,0.1592,3.1407035175879394
SR,6,763,171.64251708984375,770.3557891845703,0.28947828724634517,0.5778562125061235,0.34562861894950003,0.1592,3.1407035175879394
SR,11,764,6.93359375,531.1695213317871,0.2640319283321357,0.5406789739361663,0.3132791447222271,0.1592,3.1407035175879394
SR,2,765,11.634033203125,518.9386749267578,0.20945298474620722,0.3697267623331251,0.2764063478180882,0.1592,3.1407035175879394
SR,4,766,9.16192626953125,206.10785293579102,0.547738068723179,1.2464408659481916,0.6823005362696963,0.1592,3.1407035175879394
SR,13,767,12.04620361328125,787.0407066345215,0.35519241309007116,0.7281119980884556,0.40751777561496993,0.1592,3.1407035175879394
SR,0,768,13.162139892578125,258.44189453125,0.2408500652223522,0.9133059469968385,0.3607558871074767,0.1592,3.1407035175879394
SR,8,769,169.89511108398438,588.2539825439453,0.28206950013668275,0.6866761373942828,0.3623817143471482,0.1592,3.1407035175879394
SR,0,770,12.52960205078125,301.0174560546875,0.22304117131668896,0.8528505873947959,0.4685692948812206,0.1592,3.1407035175879394
SR,13,771,14.49151611328125,699.0027923583984,0.2719961182274903,0.710644354436578,0.33523627152404956,0.1592,3.1407035175879394
SR,4,772,167.82791137695312,233.78946113586426,0.32953442754588536,0.5711429698843817,0.4112940941877012,0.1592,3.1407035175879394
SR,2,773,12.918792724609375,221.61952781677246,0.26346495456851005,0.719355866854862,0.3386857773437066,0.1592,3.1407035175879394
SR,13,774,168.6897964477539,424.1911926269531,0.5391472674811123,0.7299781070693325,0.6840400229479905,0.1592,3.1407035175879394
SR,12,775,8.325057983398438,548.2118377685547,0.3218806611345194,0.8142726367006291,0.42076527823146476,0.1592,3.1407035175879394
SR,7,776,169.82461547851562,357.6416320800781,0.4230860101936353,0.6634355661954001,0.47690792283234557,0.1592,3.1407035175879394
SR,15,777,170.80374908447266,252.9790267944336,0.28070119052609566,0.5273742742012522,0.32731453400665667,0.1592,3.1407035175879394
SR,13,778,171.18011474609375,624.9324264526367,0.39110881580550144,0.750550109465473,0.4352345761494072,0.1592,3.1407035175879394
SR,15,779,7.86334228515625,473.17396545410156,0.24918327631950524,0.4879519680528545,0.3127141768053109,0.1592,3.1407035175879394
SR,11,780,172.69497680664062,238.15179681777954,0.3976001774425208,0.8612452683976664,0.48639134757791713,0.1592,3.1407035175879394
SR,6,781,172.48855590820312,301.82818603515625,0.28291662690918895,0.43550310022912714,0.32069353976989823,0.1592,3.1407035175879394
SR,2,782,11.070381164550781,365.0328369140625,0.3340381014756717,0.5310803487350509,0.40468167995942755,0.1592,3.1407035175879394
SR,3,783,9.359832763671875,302.5502700805664,0.29309489194266247,0.8079850647226863,0.3803107083787388,0.1592,3.1407035175879394
SR,14,784,174.9876708984375,282.068359375,0.14645956221660622,0.9281959135020506,0.6400184796821213,0.1592,3.1407035175879394
SR,15,785,173.199462890625,619.904670715332,0.3746967076609338,0.626345878638505,0.39369655688510896,0.1592,3.1407035175879394
SR,12,786,9.70257568359375,359.4157943725586,0.20054047880154036,0.33657789177707054,0.29845144487794567,0.1592,3.1407035175879394
SR,2,787,173.75244140625,341.8331298828125,0.24786069077997144,0.48832888129503504,0.31962852773546757,0.1592,3.1407035175879394
SR,10,788,14.520393371582031,739.9356155395508,0.193573637792729,0.6337653436552614,0.26372982231910624,0.1592,3.1407035175879394
SR,2,789,8.129486083984375,325.2037811279297,0.3182136986029813,0.8044233000261191,0.40829745886921087,0.1592,3.1407035175879394
SR,15,790,9.3380126953125,409.6547546386719,0.23078670751017366,0.4284931346895311,0.2719564434383258,0.1592,3.1407035175879394
SR,13,791,170.2516632080078,941.4047241210938,0.33351602927881385,0.6103529918129718,0.3724432626676842,0.1592,3.1407035175879394
SR,14,792,165.75489807128906,459.23231506347656,0.26884063156499166,0.7340573199832299,0.35273889048611773,0.1592,3.1407035175879394
SR,6,793,8.290672302246094,239.16234704572707,0.3255528124665453,0.5423982901270709,0.38347315989195163,0.1592,3.1407035175879394
SR,0,794,5.313751220703125,230.04046630859375,0.44211701511200757,0.6278000043177344,0.48693528336129993,0.1592,3.1407035175879394
SR,5,795,171.54165649414062,588.1254119873047,0.24778563149237987,0.4285272675897454,0.32643294820098245,0.1592,3.1407035175879394
SR,7,796,5.33135986328125,387.461669921875,0.2613571410183452,0.5793281724329826,0.32081394521408385,0.1592,3.1407035175879394
SR,12,797,170.29986572265625,453.85992431640625,0.27084212590333634,0.5064485805037122,0.3135952407027063,0.1592,3.1407035175879394
SR,2,798,167.0043716430664,536.8351745605469,0.24849494929047322,0.4811778515837459,0.30715587598563576,0.1592,3.1407035175879394
SR,12,799,171.80809783935547,335.6725769042969,0.286245640461092,0.5817253998964625,0.3466798982994827,0.1592,3.1407035175879394
SR,5,800,8.129486083984375,241.60365295410156,0.4012210525408217,0.9433562128024248,0.532696006910866,0.1592,3.1407035175879394
SR,9,801,170.92337799072266,207.04426193237305,0.26513631906334245,0.47983242454570213,0.3900125132225473,0.1592,3.1407035175879394
SR,2,802,168.6026840209961,251.67144012451172,0.26969263780680564,0.4622664409330026,0.4583754577912652,0.1592,3.1407035175879394
SR,4,803,8.9390869140625,372.4495620727539,0.20574759579551777,0.3400617559363319,0.2801398542357477,0.1592,3.1407035175879394
SR,2,804,172.22425079345703,245.51129150390625,0.576365386317245,1.0097974293967211,0.748352034879736,0.1592,3.1407035175879394
SR,8,805,170.727783203125,555.7813873291016,0.24200310913545525,0.710288282707328,0.32285010298556377,0.1592,3.1407035175879394
SR,15,806,167.9046630859375,343.4109878540039,0.3084488011824367,0.6682829900341857,0.3721939937528058,0.1592,3.1407035175879394
SR,3,807,7.08251953125,336.6852722167969,0.23786373820334172,0.39443492311094913,0.32043067770259837,0.1592,3.1407035175879394
SR,3,808,171.15869140625,451.4677963256836,0.25217566262969393,0.7660708167896365,0.3496246672831838,0.1592,3.1407035175879394
SR,4,809,13.98272705078125,488.5950622558594,0.2156675724216155,0.7276901549778121,0.3351113043012373,0.1592,3.1407035175879394
SR,5,810,169.07708740234375,414.5236511230469,0.28308002483159317,0.7165135489581758,0.36421065337136355,0.1592,3.1407035175879394
SR,2,811,174.49185943603516,903.5981216430664,0.42343920407081026,0.738416601136586,0.4538948187519283,0.1592,3.1407035175879394
SR,13,812,9.129753112792969,484.1590881347656,0.25640522029767004,0.45833556524333874,0.2906787537526656,0.1592,3.1407035175879394
SR,4,813,5.8687744140625,405.531982421875,0.5695591251711917,1.2956737309544482,0.6786359373296389,0.1592,3.1407035175879394
SR,5,814,5.193634033203125,889.6016998291016,0.3474983450109951,0.6751979251435856,0.3899947932950454,0.1592,3.1407035175879394
SR,3,815,171.7542724609375,354.2833023071289,0.2967047531598973,0.9772281036894092,0.4192895802081885,0.1592,3.1407035175879394
SR,13,816,8.411773681640625,588.4749984741211,0.25658586397505156,0.533023273858456,0.3034053464322444,0.1592,3.1407035175879394
SR,2,817,168.3102035522461,632.2170562744141,0.2506888906528813,0.48908409329267594,0.28630474639155623,0.1592,3.1407035175879394
SR,6,818,170.8198699951172,277.55230712890625,0.5570685533679457,0.6969292782625002,0.7188077812023396,0.1592,3.1407035175879394
SR,2,819,13.17364501953125,275.25128173828125,0.38602301130661776,0.678820421444016,0.4618794231481929,0.1592,3.1407035175879394
SR,14,820,11.310203552246094,260.6562747955322,0.4776617695104553,0.7457082962612112,0.4673476013609139,0.1592,3.1407035175879394
SR,7,821,9.2294921875,265.9517822265625,0.21206273914074722,1.0829234025464065,0.37073393227431883,0.1592,3.1407035175879394
SR,5,822,169.38031005859375,449.3544616699219,0.3012687736240389,0.5461433921136257,0.3608205535518703,0.1592,3.1407035175879394
SR,4,823,165.1786346435547,241.36593627929688,0.22013535710363863,0.35796870630851035,0.2723670838153266,0.1592,3.1407035175879394
SR,4,824,10.802536010742188,596.8679046630859,0.29993141468880974,0.560700339220152,0.3448597221196092,0.1592,3.1407035175879394
SR,9,825,173.81218719482422,209.59603881835938,0.2260301797809458,0.7833562982214562,0.37227478211051807,0.1592,3.1407035175879394
SR,0,826,174.23817443847656,418.7566833496094,0.3964714113753629,0.6157462204127353,0.42889313073975066,0.1592,3.1407035175879394
SR,10,827,8.36529541015625,263.4350280761719,0.4229655015531958,1.3689756863624842,0.5576852197178532,0.1592,3.1407035175879394
SR,6,828,5.25299072265625,229.1848585009575,0.21307794534858215,0.7726671056366563,0.42083250442355985,0.1592,3.1407035175879394
SR,10,829,6.5618896484375,206.92571258544922,0.1886582666038182,1.1455817994741944,0.44433484951545477,0.1592,3.1407035175879394
SR,4,830,10.270904541015625,296.39642333984375,0.29145414947356757,0.7722118272557309,0.3643457827121124,0.1592,3.1407035175879394
SR,1,831,13.474403381347656,413.7201843261719,0.22019976259262236,0.3591625200299522,0.28114049694262183,0.1592,3.1407035175879394
SR,9,832,10.561004638671875,415.0905456542969,0.3268171699680472,0.7855715241970354,0.4082741907955118,0.1592,3.1407035175879394
SR,1,833,8.4705810546875,333.8580627441406,0.39591284640030777,1.1094910127863673,0.5139351297250653,0.1592,3.1407035175879394
SR,0,834,7.124267578125,208.6432876586914,0.4441721364789079,0.7474109655936412,0.4944057527335182,0.1592,3.1407035175879394
SR,0,835,10.348602294921875,391.8769836425781,0.2743985314977919,0.7250244217721217,0.358526511162788,0.1592,3.1407035175879394
SR,4,836,171.87051391601562,404.1894226074219,0.2530088398588444,0.42377381808958015,0.3340538654783676,0.1592,3.1407035175879394
SR,7,837,14.8817138671875,271.15234375,0.3044158352523197,0.7953195720279126,0.38068511334423977,0.1592,3.1407035175879394
SR,6,838,12.995635986328125,329.1190490722656,0.2310358838944443,0.40394799040278573,0.2676173372222836,0.1592,3.1407035175879394
SR,8,839,12.995628356933594,413.55609130859375,0.22658261177404698,0.6185508901329628,0.29972157424699575,0.1592,3.1407035175879394
SR,2,840,165.83623504638672,398.72674560546875,0.3564822931631444,0.8345384173984357,0.419773524898384,0.1592,3.1407035175879394
SR,9,841,5.249473571777344,216.5885009765625,0.6071113762992049,1.1035226001198895,0.7650153900466826,0.1592,3.1407035175879394
SR,9,842,10.007797241210938,283.91046142578125,0.3793866672779319,0.5948196703017814,0.402584398248269,0.1592,3.1407035175879394
SR,9,843,13.09295654296875,221.29815292358398,0.22453088395393647,0.3879795992699294,0.2742654830751175,0.1592,3.1407035175879394
SR,6,844,11.43756103515625,383.4715633392334,0.2104092449663052,0.6242543270416994,0.28982908200181845,0.1592,3.1407035175879394
SR,12,845,5.70977783203125,498.7828063964844,0.2240336722939163,0.7117131092731994,0.32707054381730877,0.1592,3.1407035175879394
SR,1,846,167.04915618896484,253.55089569091797,0.34144349462965584,0.9026183915558955,0.4543662683103155,0.1592,3.1407035175879394
SR,7,847,6.765380859375,372.08905029296875,0.24453259875663735,0.4083091121850879,0.302363348498545,0.1592,3.1407035175879394
SR,9,848,169.6513900756836,414.3557434082031,0.3035158407536256,0.4696814902206702,0.34761924791894494,0.1592,3.1407035175879394
SR,3,849,8.3250732421875,441.1869888305664,0.41102356867101664,0.6793667241114971,0.4689866776303762,0.1592,3.1407035175879394
SR,3,850,166.1375274658203,344.9037399291992,0.25080287299622783,1.5308033280953832,0.4594585583042166,0.1592,3.1407035175879394
SR,8,851,6.4339599609375,288.3922424316406,0.26727150881550155,0.757675825086087,0.34573558064519266,0.1592,3.1407035175879394
SR,3,852,168.22433471679688,514.0613250732422,0.21412624067083535,0.6026286423091787,0.2805920411990873,0.1592,3.1407035175879394
SR,7,853,14.7454833984375,299.5499267578125,0.22108668269770565,0.3579673197003182,0.28399396079344363,0.1592,3.1407035175879394
SR,2,854,166.63482666015625,517.2614440917969,0.3201440866974689,0.5250293075898276,0.3697056150604706,0.1592,3.1407035175879394
SR,3,855,6.6317291259765625,231.37503051757812,0.17511652563914432,0.2727441635944575,0.29461746475245126,0.1592,3.1407035175879394
SR,1,856,172.42776489257812,631.5522918701172,0.27438005822624434,0.5118900092294734,0.31395729057116134,0.1592,3.1407035175879394
SR,0,857,166.79779815673828,462.566707611084,0.2669983283616586,0.38413970975359607,0.3319181538683926,0.1592,3.1407035175879394
SR,7,858,171.05770874023438,460.7939758300781,0.287046296208275,0.6116649136471338,0.3529854234215574,0.1592,3.1407035175879394
SR,8,859,165.89010620117188,416.6460266113281,0.24867252247333124,0.4851988712672687,0.3049839232969578,0.1592,3.1407035175879394
SR,10,860,174.1392822265625,649.9131240844727,0.4340665724353287,0.6750478300314786,0.47023814480799137,0.1592,3.1407035175879394
SR,12,861,7.916847229003906,414.19759368896484,0.2932689175061711,0.6669858707890628,0.36899871345704194,0.1592,3.1407035175879394
SR,5,862,10.539176940917969,321.2976989746094,0.372343386783968,0.6610722376345314,0.4190852618121059,0.1592,3.1407035175879394
SR,12,863,173.6103057861328,618.3779602050781,0.3810692234490908,0.8062372123378809,0.43984794721114695,0.1592,3.1407035175879394
SR,1,864,13.976730346679688,290.6193161010742,0.35810335833980483,1.538408309207228,0.5198692724204635,0.1592,3.1407035175879394
SR,12,865,5.388519287109375,646.3984146118164,0.30720986517945975,0.6676287430909768,0.35582335735327525,0.1592,3.1407035175879394
SR,1,866,168.92961883544922,255.3962173461914,0.28878312559030284,0.6110645064881078,0.3573826817690627,0.1592,3.1407035175879394
SR,8,867,169.8134994506836,442.0000915527344,0.33697829729750683,0.649127645875484,0.4053010985014805,0.1592,3.1407035175879394
SR,1,868,166.60629272460938,384.08740234375,0.2537293784296676,0.41845456087911626,0.3152997640280951,0.1592,3.1407035175879394
SR,6,869,13.685371398925781,265.90126037597656,0.18949634934178994,0.3125422518824146,0.3535891822929758,0.1592,3.1407035175879394
SR,3,870,6.1147003173828125,342.78277587890625,0.3177510221791037,0.8532317211841369,0.4291188605606494,0.1592,3.1407035175879394
SR,11,871,13.57171630859375,213.30218505859375,0.21225916875958653,0.34916882439130204,0.2642559498306024,0.1592,3.1407035175879394
SR,15,872,166.5501480102539,293.14080286026,0.4088154367783215,0.6276710308993873,0.49607680340895105,0.1592,3.1407035175879394
SR,1,873,165.79161071777344,342.7969741821289,0.2900140390132797,1.1990298710991043,0.4383102825716437,0.1592,3.1407035175879394
SR,2,874,174.61148834228516,260.922607421875,0.2269017781665406,0.6757942364388121,0.3485742660754725,0.1592,3.1407035175879394
SR,3,875,169.59234619140625,734.4462432861328,0.22635009404486828,0.5845872024766949,0.28590385291274073,0.1592,3.1407035175879394
SR,2,876,14.90069580078125,399.87774658203125,0.20796941264985142,0.6745796491318865,0.2929799033629581,0.1592,3.1407035175879394
SR,4,877,170.21784210205078,900.2527160644531,0.3189194307755101,0.5381253279100688,0.3446415524162898,0.1592,3.1407035175879394
SR,1,878,174.64495849609375,433.3557434082031,0.28635634154431855,0.5929003047540458,0.3370472001537491,0.1592,3.1407035175879394
SR,1,879,7.511436462402344,611.7008056640625,0.22484163995621337,0.3897979235409403,0.25345062362129595,0.1592,3.1407035175879394
SR,8,880,170.62329864501953,899.7719039916992,0.41098023139179257,0.683894270907891,0.43657586648627345,0.1592,3.1407035175879394
SR,0,881,173.35550689697266,413.3466796875,0.3975027048193708,0.6244096655600968,0.4271923798521344,0.1592,3.1407035175879394
SR,3,882,170.40337371826172,293.34132289886475,0.32525387290000574,0.8646040668458361,0.5065883501697841,0.1592,3.1407035175879394
SR,7,883,14.6375732421875,429.9386901855469,0.3225554632073733,0.5513080996483496,0.36425899095811654,0.1592,3.1407035175879394
SR,3,884,5.6298828125,305.18780517578125,0.3883479541228705,0.5312630986105781,0.4472091000733502,0.1592,3.1407035175879394
SR,15,885,173.2607421875,876.8865623474121,0.3164278987321555,0.6092254472667611,0.3582299167368062,0.1592,3.1407035175879394
SR,11,886,13.737640380859375,248.94198989868164,0.2509068819258222,0.4376805717576249,0.28764073971587867,0.1592,3.1407035175879394
SR,7,887,6.339385986328125,466.13385009765625,0.6194638859050134,1.225194371645344,0.7072412041799824,0.1592,3.1407035175879394
SR,13,888,6.2764892578125,640.7400817871094,0.2392874921274319,0.4421869104938865,0.303789047439069,0.1592,3.1407035175879394
SR,14,889,170.5877227783203,302.0869445800781,0.26391794360763227,0.4348904861982585,0.3200698145647678,0.1592,3.1407035175879394
SR,12,890,171.66622161865234,209.37069511413574,0.4087965641301722,1.0870562053133934,0.545423466809639,0.1592,3.1407035175879394
SR,7,891,8.038803100585938,268.73629570007324,0.38775114873761224,0.5173399606815624,0.5742665907472192,0.1592,3.1407035175879394
SR,15,892,12.725250244140625,547.8041687011719,0.22000909442010685,0.7028171721212345,0.3024276253684241,0.1592,3.1407035175879394
SR,5,893,13.135101318359375,325.39048862457275,0.20505377239709505,0.33805715154633303,0.3069150912395242,0.1592,3.1407035175879394
SR,4,894,170.63385009765625,249.3342981338501,0.3798145978875839,0.9862285553611978,0.4691246339914403,0.1592,3.1407035175879394
SR,2,895,9.752166748046875,244.71142196655273,0.3215715695849543,0.49959834296504235,0.3982352057359843,0.1592,3.1407035175879394
SR,1,896,169.0770721435547,403.81011962890625,0.3286079228574822,0.8513994805471155,0.44059076768535665,0.1592,3.1407035175879394
SR,9,897,12.1448974609375,500.0728302001953,0.2663220758527698,0.5725392759311985,0.3184279746196967,0.1592,3.1407035175879394
SR,14,898,170.928955078125,265.4728775024414,0.4192601025873234,0.8196195335814592,0.468764315316443,0.1592,3.1407035175879394
SR,2,899,173.50144958496094,225.01924896240234,0.21570875785784702,0.3603777093923557,0.29911750852394775,0.1592,3.1407035175879394
SR,13,900,172.46381378173828,539.3662567138672,0.4432273897073408,0.8398542929878735,0.4773418392811144,0.1592,3.1407035175879394
SR,15,901,7.210601806640625,419.6604061126709,0.30356177745780333,0.6462621342613157,0.3736005047316916,0.1592,3.1407035175879394
SR,13,902,172.16514587402344,213.86669921875,0.3774359023751306,0.7788653212008287,0.4394787610542139,0.1592,3.1407035175879394
SR,3,903,8.4544677734375,301.11146545410156,0.5185579028354135,1.0449821173861191,0.599332577978166,0.1592,3.1407035175879394
SR,6,904,173.66061401367188,453.7712059020996,0.23648535337208004,0.3873693025703803,0.33619082423866525,0.1592,3.1407035175879394
SR,13,905,170.62826538085938,209.987548828125,0.6557939544805027,1.0284142965057252,0.8359340258789759,0.1592,3.1407035175879394
SR,13,906,12.688385009765625,367.8797149658203,0.23338524221701556,0.4287637101828886,0.2984762182339309,0.1592,3.1407035175879394
SR,3,907,14.7454833984375,329.83978271484375,0.4123947830288819,0.7383118261063483,0.44757230317194646,0.1592,3.1407035175879394
SR,9,908,167.674560546875,362.2525863647461,0.19069140954455374,0.2904567733265158,0.2825627201051778,0.1592,3.1407035175879394
SR,2,909,6.86566162109375,404.4767761230469,0.2408454347174025,0.41991357848496147,0.29782648024634206,0.1592,3.1407035175879394
SR,1,910,14.5362548828125,237.63214111328125,0.2928329536093033,0.8336788190667319,0.41696725925225897,0.1592,3.1407035175879394
SR,5,911,173.5660400390625,232.36002731323242,0.48948146745260723,1.0167609638316335,0.6216154821716064,0.1592,3.1407035175879394
SR,10,912,13.549224853515625,361.1155090332031,0.212224301968438,0.34916623680774816,0.24660492253951358,0.1592,3.1407035175879394
SR,6,913,170.15911865234375,268.39662170410156,0.38148671122418204,1.0264719805596094,0.5253948119612897,0.1592,3.1407035175879394
SR,14,914,8.663604736328125,499.5460968017578,0.21756229271619373,0.3744898736172777,0.25154750504377116,0.1592,3.1407035175879394
SR,1,915,10.47198486328125,417.0115966796875,0.3696208429389086,0.6111179587076407,0.42277064384868007,0.1592,3.1407035175879394
SR,4,916,13.17364501953125,445.32098388671875,0.3183784807308427,0.6867139139921483,0.4086027050349304,0.1592,3.1407035175879394
SR,1,917,169.94583129882812,219.79844284057617,0.3110422710767061,0.5693343489097937,0.34692999576860456,0.1592,3.1407035175879394
SR,8,918,12.841621398925781,267.2116394042969,0.3456672960571475,0.6159171502812564,0.45125417734687007,0.1592,3.1407035175879394
SR,4,919,169.89085388183594,206.810546875,0.47844263991800157,0.6501380200624505,0.5565301925705156,0.1592,3.1407035175879394
SR,4,920,170.83806610107422,269.8282814025879,0.18839619136532187,0.29006053127616915,0.28975670551032934,0.1592,3.1407035175879394
SR,1,921,6.339385986328125,250.8702392578125,0.7413702775962658,1.4551328603154179,1.1707246862234892,0.1592,3.1407035175879394
SR,8,922,172.73748779296875,269.55889892578125,0.40461307762071363,0.6551564432855421,0.4463492910671352,0.1592,3.1407035175879394
SR,11,923,5.41107177734375,673.0350608825684,0.3459719978065462,0.6084950028403585,0.3928973446772715,0.1592,3.1407035175879394
SR,1,924,5.59075927734375,332.7593994140625,0.37702763779161,0.583777927422351,0.43605452236846964,0.1592,3.1407035175879394
SR,13,925,172.47689056396484,238.32562446594238,0.30818741583611664,0.8816678761529616,0.43293945694602,0.1592,3.1407035175879394
SR,4,926,169.28682708740234,201.05477905273438,0.2139947110842654,0.8517145965882125,0.39114950847198915,0.1592,3.1407035175879394
SR,2,927,6.339393615722656,332.4724884033203,0.3385688506059189,0.8191549383101762,0.43089873474512486,0.1592,3.1407035175879394
SR,15,928,169.4608154296875,441.894775390625,0.21019232472217156,0.3367413448112958,0.2519899670864764,0.1592,3.1407035175879394
SR,13,929,172.46969604492188,790.8818168640137,0.32056902532830533,0.8382019972295942,0.4087725735998399,0.1592,3.1407035175879394
SR,11,930,10.2567138671875,225.38128471374512,0.39968760121495595,0.9462732515456416,0.47194261758558415,0.1592,3.1407035175879394
SR,5,931,172.91748046875,315.3896083831787,0.43155553913848566,0.6058401769764465,0.4920846869716836,0.1592,3.1407035175879394
SR,14,932,167.32933044433594,414.80810546875,0.2578111829821976,0.7910932593027072,0.34977937653665453,0.1592,3.1407035175879394
SR,14,933,9.91253662109375,462.1672058105469,0.21144840657923886,0.3543470036254531,0.24445332064029782,0.1592,3.1407035175879394
SR,7,934,7.63262939453125,442.0490417480469,0.2240683196848886,0.36677618026572856,0.2853158702095444,0.1592,3.1407035175879394
SR,13,935,171.18527221679688,429.7525939941406,0.2782432238783477,0.6227120972409894,0.35457092707104454,0.1592,3.1407035175879394
SR,11,936,168.95889282226562,230.8493537902832,0.4558859785664792,0.6597567087509267,0.4701137457679998,0.1592,3.1407035175879394
SR,6,937,9.102203369140625,297.4878921508789,0.5672833280143404,0.9328280755484565,0.5982736991829561,0.1592,3.1407035175879394
SR,2,938,173.71602630615234,276.72141698002815,0.49396726440927846,0.6059954514484654,0.6540481455026816,0.1592,3.1407035175879394
SR,2,939,14.422515869140625,232.2918701171875,0.4029234355025958,0.9407809650184612,0.4640004766742867,0.1592,3.1407035175879394
SR,0,940,11.62628173828125,278.9435043334961,0.32418385343694306,0.7536227493460059,0.41194573717821276,0.1592,3.1407035175879394
SR,6,941,8.598548889160156,707.2843475341797,0.22589872758541857,0.3642033699853213,0.2649294136328042,0.1592,3.1407035175879394
SR,14,942,169.9581298828125,738.6484527587891,0.25406548818121805,0.701371440521041,0.3320516420053856,0.1592,3.1407035175879394
SR,5,943,7.057098388671875,622.3468475341797,0.25013968034056233,0.808169745997577,0.3439020372240689,0.1592,3.1407035175879394
SR,14,944,11.18560791015625,440.3026885986328,0.21158018597755987,0.3526643343002206,0.24054460358749205,0.1592,3.1407035175879394
SR,13,945,171.14251708984375,232.3390769958496,0.5012319390563765,0.6775391992393356,0.6379004553675266,0.1592,3.1407035175879394
SR,8,946,174.2264862060547,833.4741487503052,0.4069085937027352,0.7150911951867359,0.43385538922496436,0.1592,3.1407035175879394
SR,10,947,165.46375274658203,288.9423122406006,0.2596887843517941,0.587485714985573,0.3196266115809517,0.1592,3.1407035175879394
SR,4,948,167.6912841796875,236.60382080078125,0.5544032732698035,0.8674925102095279,0.5923577318708111,0.1592,3.1407035175879394
SR,7,949,165.96221923828125,449.6796875,0.23831700992126292,0.3926245921515079,0.2935691850896675,0.1592,3.1407035175879394
SR,6,950,165.49447631835938,379.49228286743164,0.20692159088334505,0.33499646069314953,0.2600213572155946,0.1592,3.1407035175879394
SR,6,951,168.27444458007812,502.1534652709961,0.28290274923954806,0.7493435356856399,0.3938467163799082,0.1592,3.1407035175879394
SR,14,952,5.388519287109375,284.83221435546875,0.33244929307281446,0.7562430242248078,0.42738733264654477,0.1592,3.1407035175879394
SR,9,953,172.5693130493164,957.0531005859375,0.3452456564309894,0.6226669269127092,0.37917906264916357,0.1592,3.1407035175879394
SR,7,954,168.99630737304688,388.60347747802734,0.26096593435492976,0.5036110395721808,0.3257366090531205,0.1592,3.1407035175879394
SR,10,955,171.29315185546875,506.9237365722656,0.2895870056974741,0.5909145183362896,0.3513115960450892,0.1592,3.1407035175879394
SR,1,956,166.88970947265625,462.38277435302734,0.1936931307123549,0.30310180113095775,0.25432832988362813,0.1592,3.1407035175879394
SR,15,957,5.70977783203125,586.4451522827148,0.2259288791357278,0.3922990668172289,0.25025038733351107,0.1592,3.1407035175879394
SR,4,958,166.04399871826172,249.56838524341583,0.24343106652702728,0.37070438889784363,0.32820954918715134,0.1592,3.1407035175879394
SR,7,959,14.576034545898438,373.9731903076172,0.20838405160375717,0.33363992600737347,0.27690082665068627,0.1592,3.1407035175879394
SR,2,960,10.0804443359375,252.96475219726562,0.2591977206907088,0.43968746486966015,0.29765122888959894,0.1592,3.1407035175879394
SR,8,961,7.828399658203125,628.3122711181641,0.24899277343139564,0.687342466216666,0.32587160137552185,0.1592,3.1407035175879394
SR,11,962,10.175384521484375,630.1714019775391,0.24811239487943518,0.4092324908888752,0.3232761923412104,0.1592,3.1407035175879394
SR,0,963,168.5693817138672,607.3546752929688,0.22826026775316133,0.38373264961376186,0.2568033866723385,0.1592,3.1407035175879394
SR,2,964,9.12457275390625,491.9430694580078,0.27561526790079,0.4875028181496899,0.3325716668531361,0.1592,3.1407035175879394
SR,13,965,171.2152099609375,367.67420959472656,0.5108508015148066,0.724482261956223,0.49611053108304953,0.1592,3.1407035175879394
SR,6,966,14.860580444335938,288.45147705078125,0.2722980180772173,0.7817196021233744,0.3501691123835997,0.1592,3.1407035175879394
SR,1,967,173.2647705078125,448.3502502441406,0.25041161404953716,0.5232992502473641,0.30957630121003754,0.1592,3.1407035175879394
SR,1,968,171.9488067626953,229.7137451171875,0.26272107144211004,0.7164485237362584,0.35612368768870595,0.1592,3.1407035175879394
SR,0,969,8.74566650390625,766.7551116943359,0.3246938845238274,0.7207732464901494,0.3771843783273945,0.1592,3.1407035175879394
SR,7,970,8.764617919921875,563.510856628418,0.37031589727967235,0.6598270936813676,0.4077666525787647,0.1592,3.1407035175879394
SR,9,971,7.803436279296875,441.4605712890625,0.21849764986828585,0.36376331518887933,0.2531924183953854,0.1592,3.1407035175879394
SR,12,972,174.7153549194336,863.1304702758789,0.42952308319664995,0.7769645606851271,0.4662977395429751,0.1592,3.1407035175879394
SR,3,973,167.19480895996094,782.9536880254745,0.3667345910714609,0.607620826914953,0.39352711523427036,0.1592,3.1407035175879394
SR,1,974,8.93011474609375,212.4306468963623,0.19738322948853512,0.7783171029418523,0.31582312676710445,0.1592,3.1407035175879394
SR,8,975,167.770751953125,230.59316492080688,0.4030784165069308,0.9521443002103165,0.4945690149848521,0.1592,3.1407035175879394
SR,12,976,166.50299072265625,315.47735595703125,0.2656080526013701,0.4495216232615407,0.31432010957963313,0.1592,3.1407035175879394
SR,2,977,8.88018798828125,230.29136657714844,0.4148217160985423,0.9202628504911916,0.4692305716600833,0.1592,3.1407035175879394
SR,12,978,169.35430908203125,556.2846984863281,0.22172457349461291,0.36401930134306104,0.2635672525177334,0.1592,3.1407035175879394
SR,3,979,167.82791137695312,455.70766949653625,0.3959942095594735,0.5821888945068714,0.5060022162088079,0.1592,3.1407035175879394
SR,2,980,171.19369506835938,758.7191123962402,0.3638040547102526,0.7344173896302528,0.41591518466570293,0.1592,3.1407035175879394
SR,5,981,10.341552734375,312.4471435546875,0.2431387993936081,0.5258199525810006,0.3177030991157984,0.1592,3.1407035175879394
SR,2,982,170.21783447265625,404.1654052734375,0.2430499183021307,0.5789503229191761,0.3103753929898077,0.1592,3.1407035175879394
SR,13,983,172.7337875366211,433.1641540527344,0.30642645457751394,0.669406767301772,0.4051067779658493,0.1592,3.1407035175879394
SR,0,984,11.310211181640625,203.43130493164062,0.23110790793714417,1.2140310362345827,0.42800531656353796,0.1592,3.1407035175879394
SR,14,985,171.65667724609375,332.4050598144531,0.20966266771186226,0.692233671748209,0.29235881112213774,0.1592,3.1407035175879394
SR,2,986,174.29022216796875,201.79885864257812,0.7658497389064158,1.1455736779353876,0.8985024974368462,0.1592,3.1407035175879394
SR,7,987,171.2982940673828,428.6418914794922,0.4145634454337779,0.7690910323971757,0.45393191854902093,0.1592,3.1407035175879394
SR,6,988,7.430694580078125,318.3959503173828,0.22248934528503878,0.8882113418022974,0.38256057249686337,0.1592,3.1407035175879394
SR,1,989,6.0877227783203125,418.3014678955078,0.2994126705294706,0.7690635460875972,0.3666075215861113,0.1592,3.1407035175879394
SR,6,990,174.17446899414062,267.16077423095703,0.25850545448134893,0.8870673908776734,0.37589352368786644,0.1592,3.1407035175879394
SR,13,991,5.499603271484375,408.0157661437988,0.25676351506235207,0.7650465734138305,0.34161462733652515,0.1592,3.1407035175879394
SR,2,992,169.64102172851562,309.3350524902344,0.4911099579906767,0.9257436369412815,0.5384429585036233,0.1592,3.1407035175879394
SR,5,993,166.5455322265625,348.2752380371094,0.23179837947132303,0.39013686696254074,0.27417592627441517,0.1592,3.1407035175879394
SR,4,994,166.12103271484375,243.90618896484375,0.2630211447875786,0.42454594429074377,0.31861521677286936,0.1592,3.1407035175879394
SR,3,995,6.6317291259765625,381.6059265136719,0.32075981888737704,0.4578265026926977,0.39656178173641254,0.1592,3.1407035175879394
SR,13,996,14.943885803222656,728.0524597167969,0.3973392516050702,0.6414155050464672,0.42916799516640264,0.1592,3.1407035175879394
SR,5,997,5.672210693359375,264.65566062927246,0.5027366205485863,0.6587159570296329,0.5940112015337742,0.1592,3.1407035175879394
SR,8,998,167.6439208984375,553.2515182495117,0.2848241717572823,0.6457670922231525,0.3503358399468572,0.1592,3.1407035175879394
SR,1,999,167.81570434570312,499.15472412109375,0.2842253403171043,0.47386570988286764,0.3151112561233765,0.1592,3.1407035175879394
SR,6,1000,10.0078125,516.5639877319336,0.23768285017746604,0.7459951176544217,0.333619881251677,0.1592,3.1407035175879394
SR,14,1001,174.00827026367188,465.61183166503906,0.2255741214139832,0.35468695938043754,0.31230243063814367,0.1592,3.1407035175879394
SR,3,1002,10.2567138671875,283.0273742675781,0.19392252068168614,0.3234024449019408,0.2696884349466041,0.1592,3.1407035175879394
SR,15,1003,9.08984375,709.8035697937012,0.3039691854450513,0.8388912868229972,0.41410445255998424,0.1592,3.1407035175879394
SR,8,1004,11.61187744140625,473.0810317993164,0.2843611396075946,0.4468807535314886,0.3321611054513537,0.1592,3.1407035175879394
SR,9,1005,14.22760009765625,313.09295654296875,0.24749763635676,0.4712202882586203,0.2996175263163893,0.1592,3.1407035175879394
SR,1,1006,169.82461547851562,242.32423400878906,0.2117907108776226,0.6405066166549261,0.3254151213229703,0.1592,3.1407035175879394
SR,7,1007,168.0911865234375,413.66724014282227,0.2127070088947814,0.5720335318402061,0.2997524929535634,0.1592,3.1407035175879394
SR,11,1008,12.031158447265625,704.3891792297363,0.27950569577114565,0.6802021340101055,0.3477957885644085,0.1592,3.1407035175879394
SR,2,1009,169.3150634765625,259.8594970703125,0.47496207675185803,0.8610699626489872,0.5366790022131525,0.1592,3.1407035175879394
SR,5,1010,5.5267333984375,458.4721374511719,0.2670965563688077,0.5274488943505559,0.32385606075205303,0.1592,3.1407035175879394
SR,9,1011,168.59719848632812,458.2303466796875,0.23984811494123137,0.5887109922167955,0.30083475796537684,0.1592,3.1407035175879394
SR,6,1012,12.8759765625,268.4398956298828,0.22235190399047586,0.5288761423022073,0.3128486421692241,0.1592,3.1407035175879394
SR,12,1013,5.95330810546875,522.5996017456055,0.21658301542269578,0.3733380924073929,0.2528061946147898,0.1592,3.1407035175879394
SR,5,1014,171.41693115234375,544.996826171875,0.23904605472836496,0.3923569380740635,0.26359175096866183,0.1592,3.1407035175879394
SR,4,1015,12.488861083984375,216.13247680664062,0.32136189228883955,0.47457350235173756,0.4080093298508111,0.1592,3.1407035175879394
SR,10,1016,173.55126953125,456.45269775390625,0.39660324716916656,0.774921718405141,0.4409775915039392,0.1592,3.1407035175879394
SR,8,1017,166.2734375,347.2345199584961,0.18407229050675034,0.2860344308823328,0.28246761141061183,0.1592,3.1407035175879394
SR,9,1018,165.55909729003906,252.84881591796875,0.46085668311872463,0.7901547262862062,0.5002842370496597,0.1592,3.1407035175879394
SR,11,1019,173.0972137451172,369.15447998046875,0.3892713675992169,0.6171604883073863,0.4125360545177459,0.1592,3.1407035175879394
SR,12,1020,5.09130859375,490.5382385253906,0.3739745519125712,0.7796641512262581,0.4221797272481153,0.1592,3.1407035175879394
SR,1,1021,170.31149291992188,218.2325439453125,0.2422795235286006,0.887412194723654,0.3534490326328797,0.1592,3.1407035175879394
SR,8,1022,11.4161376953125,344.52862548828125,0.21832126438072347,0.37990261824516114,0.26050963969278174,0.1592,3.1407035175879394
SR,5,1023,8.129486083984375,364.64514923095703,0.43172219847292365,0.6739359776246155,0.47183278929056055,0.1592,3.1407035175879394
SR,10,1024,14.860580444335938,279.8363494873047,0.18865950218795854,0.2885426314172079,0.266755149179023,0.1592,3.1407035175879394
SR,4,1025,14.03778076171875,285.0633544921875,0.20509168421503218,0.33503433846936836,0.23815882860302065,0.1592,3.1407035175879394
SR,12,1026,11.03265380859375,396.4930114746094,0.20775677164275383,0.3635608691560857,0.2449198843840066,0.1592,3.1407035175879394
SR,10,1027,174.80636596679688,532.2001953125,0.21972863321917385,0.9075281961040415,0.3222709106629182,0.1592,3.1407035175879394
SR,7,1028,9.79962158203125,329.3480408191681,0.18625957568554302,0.7020993654187538,0.3054998850342571,0.1592,3.1407035175879394
SR,10,1029,167.96884155273438,237.9049072265625,0.19097136571121148,0.28991732189518965,0.32797839749813884,0.1592,3.1407035175879394
SR,4,1030,173.29094696044922,261.5115394592285,0.21803413477124456,0.3557439073784799,0.2868609051838758,0.1592,3.1407035175879394
SR,2,1031,167.69876098632812,433.8860626220703,0.19630829361065572,0.7267116934355413,0.32826036443856615,0.1592,3.1407035175879394
SR,7,1032,169.796142578125,373.82247161865234,0.21129208987879033,0.44509483886110923,0.30293436382397604,0.1592,3.1407035175879394
SR,6,1033,168.31021118164062,304.91131591796875,0.2625561181455636,0.42656284650546483,0.3039250602236664,0.1592,3.1407035175879394
SR,1,1034,166.86489868164062,350.94573974609375,0.21411684150067142,0.3758633910353495,0.2807998642118896,0.1592,3.1407035175879394
SR,10,1035,10.032943725585938,735.4759063720703,0.24722065294949241,0.4076720677595124,0.27913267939167513,0.1592,3.1407035175879394
SR,6,1036,169.69524383544922,203.5825309753418,0.2574142305090007,0.44856617429181195,0.341188735373221,0.1592,3.1407035175879394
SR,0,1037,166.9603271484375,274.49481201171875,0.2046400670525114,0.32541883569135155,0.27430147018085294,0.1592,3.1407035175879394
SR,7,1038,5.456748962402344,263.2221393585205,0.5318890757529716,1.5809239840888603,0.734598292201645,0.1592,3.1407035175879394
SR,15,1039,14.810302734375,535.7815093994141,0.2550816619328263,0.6102938424235625,0.32133608059227825,0.1592,3.1407035175879394
SR,9,1040,167.1634521484375,241.353759765625,0.2180183635373426,0.3945162266848557,0.28493624053975614,0.1592,3.1407035175879394
SR,2,1041,170.53801727294922,209.96153259277344,0.3575373444344159,0.5881843575677094,0.4551327053455158,0.1592,3.1407035175879394
SR,14,1042,8.796905517578125,277.9859619140625,0.399443902250327,0.6213161867557849,0.4193195563309004,0.1592,3.1407035175879394
SR,13,1043,169.82461547851562,379.0997772216797,0.5495969413955271,1.533862136076733,0.6465167661277041,0.1592,3.1407035175879394
SR,3,1044,171.9545440673828,383.9044418334961,0.2963743075219938,0.40497949191196203,0.33875047395224606,0.1592,3.1407035175879394
SR,7,1045,13.78302001953125,325.3130874633789,0.3440292597010388,0.7488758866016141,0.40338945507929513,0.1592,3.1407035175879394
SR,4,1046,9.743377685546875,701.1956634521484,0.25482015537933717,0.4279681145911119,0.2830050947175633,0.1592,3.1407035175879394
SR,2,1047,170.60488891601562,375.7706756591797,0.29324717948021173,0.6279147291037682,0.3836594260064885,0.1592,3.1407035175879394
SR,2,1048,10.007797241210938,287.4094657897949,0.3980107340636927,0.5243289073397086,0.5191880314559418,0.1592,3.1407035175879394
SR,9,1049,13.697235107421875,339.4678497314453,0.219259142301143,0.3763582790769161,0.2602021097127408,0.1592,3.1407035175879394
SR,9,1050,7.0618438720703125,268.3929138183594,0.46333472811190085,0.9151036099456673,0.5974832731509702,0.1592,3.1407035175879394
SR,4,1051,6.339385986328125,581.6484985351562,0.2895972257969642,0.7169369080022359,0.36262482659988937,0.1592,3.1407035175879394
SR,6,1052,7.979461669921875,804.2092056274414,0.37253034907788235,0.7271339748600194,0.43595477154896123,0.1592,3.1407035175879394
SR,7,1053,171.6749267578125,355.2240905761719,0.3920031182379311,0.6056553995040792,0.4281353868285823,0.1592,3.1407035175879394
SR,9,1054,171.94622802734375,274.6307373046875,0.19434105750789693,0.3108871720695119,0.26808130684944603,0.1592,3.1407035175879394
SR,11,1055,9.7576904296875,369.7455520629883,0.19135156762862715,0.29280043172886755,0.29984769819624774,0.1592,3.1407035175879394
SR,9,1056,5.105690002441406,350.4029312133789,0.31127362144497334,1.0231452605278597,0.4308501090450755,0.1592,3.1407035175879394
SR,4,1057,166.37167358398438,661.9402923583984,0.24442962327150608,0.6971737400024087,0.32006969539353985,0.1592,3.1407035175879394
SR,5,1058,168.58633422851562,493.4127502441406,0.2677099976409224,1.0997379107945904,0.4181434399209654,0.1592,3.1407035175879394
SR,3,1059,9.782157897949219,200.18961334228516,0.23476523755900774,0.7000800713516646,0.3317737894544575,0.1592,3.1407035175879394
SR,7,1060,172.5693130493164,225.0284423828125,0.3499278382181582,0.7488822641295504,0.49919447396243044,0.1592,3.1407035175879394
SR,6,1061,6.84197998046875,499.67578887939453,0.36987746954842815,0.676016894127856,0.40111401683851855,0.1592,3.1407035175879394
SR,0,1062,9.950424194335938,217.97763061523438,0.22329291365807716,0.6729308593410037,0.3690257372411234,0.1592,3.1407035175879394
SR,12,1063,6.463287353515625,215.23974609375,0.4355803120582851,0.7334472774857568,0.46933699524569455,0.1592,3.1407035175879394
SR,7,1064,170.4173583984375,244.87188720703125,0.2552136124221805,0.8858591291475791,0.3779045798169067,0.1592,3.1407035175879394
SR,0,1065,167.31875610351562,439.1585235595703,0.34299426567877933,0.8156141193188319,0.4233832399921852,0.1592,3.1407035175879394
SR,5,1066,170.93624877929688,264.45008850097656,0.495412076900376,0.6811495018850025,0.5589889804642513,0.1592,3.1407035175879394
SR,14,1067,7.124267578125,564.276741027832,0.2868034882244628,0.47172476422483284,0.334939384483001,0.1592,3.1407035175879394
SR,14,1068,172.45128631591797,236.94057273864746,0.23048124116589286,0.5478915136740625,0.29489305688912276,0.1592,3.1407035175879394
SR,7,1069,173.234619140625,726.6836166381836,0.29700795668678587,0.7289045084102842,0.36733784137556796,0.1592,3.1407035175879394
SR,8,1070,171.79590606689453,722.1671295166016,0.30022690781656175,0.5592403134977134,0.3387122487582924,0.1592,3.1407035175879394
SR,15,1071,173.66061401367188,501.5041046142578,0.25798841916395177,0.4735797902260549,0.32154571441360214,0.1592,3.1407035175879394
SR,2,1072,13.524444580078125,425.29054260253906,0.22769881526751115,0.37139629162251064,0.2633493168379125,0.1592,3.1407035175879394
SR,6,1073,13.5137939453125,371.5320358276367,0.2123814537233667,0.6621693280799841,0.295443824691588,0.1592,3.1407035175879394
SR,1,1074,8.129486083984375,232.47995376586914,0.4715103153867016,0.7013796616049058,0.5023159436900846,0.1592,3.1407035175879394
SR,3,1075,166.84796142578125,207.2740478515625,0.21669860462022775,0.8838603343830964,0.3733159754841809,0.1592,3.1407035175879394
SR,15,1076,10.451591491699219,200.5235824584961,0.3073196397525001,1.4229714685514299,0.5124730399362836,0.1592,3.1407035175879394
SR,15,1077,167.98043060302734,298.2472038269043,0.3319075483535835,0.6174708065687353,0.3766205349047001,0.1592,3.1407035175879394
SR,10,1078,8.935150146484375,221.93267250061035,0.5032930644475181,0.698718858761316,0.5439091656722239,0.1592,3.1407035175879394
SR,0,1079,169.31504821777344,330.1494598388672,0.23191469775563478,0.8327309575497355,0.4227150276535245,0.1592,3.1407035175879394
SR,10,1080,11.82196044921875,668.6725673675537,0.20318299775433746,0.3374628209715278,0.3128571480927385,0.1592,3.1407035175879394
SR,14,1081,8.68585205078125,664.6015377044678,0.36891351914938814,0.7227939301273895,0.4243396172720012,0.1592,3.1407035175879394
SR,0,1082,8.35015869140625,599.3739624023438,0.2446033828469908,0.6729984204663088,0.3401723808940059,0.1592,3.1407035175879394
SR,13,1083,11.42437744140625,297.8793029785156,0.1791638880953499,1.0983143407722784,0.3587577575946404,0.1592,3.1407035175879394
SR,9,1084,12.5885009765625,362.2021484375,0.2155448304702603,0.349272634269531,0.25807840523810766,0.1592,3.1407035175879394
SR,7,1085,10.358978271484375,464.5778760910034,0.2558677238587145,0.44899093914373794,0.30561106331191884,0.1592,3.1407035175879394
SR,3,1086,166.90188598632812,409.7150192260742,0.2801774417227018,0.5862394250016267,0.3472698381987146,0.1592,3.1407035175879394
SR,8,1087,12.953765869140625,601.8093795776367,0.26600016813833804,0.6863463907150993,0.34826046965408475,0.1592,3.1407035175879394
SR,8,1088,5.43951416015625,301.0035095214844,0.24213837332880242,0.6596769714229175,0.32722817858160136,0.1592,3.1407035175879394
SR,5,1089,14.658599853515625,207.28805541992188,0.4295122216156085,0.587300496875336,0.5462235605417886,0.1592,3.1407035175879394
SR,13,1090,165.74371337890625,411.4762420654297,0.2812386977282777,0.5077009485521348,0.32141244135611,0.1592,3.1407035175879394
SR,3,1091,165.66019439697266,219.97052001953125,0.36737235811620167,0.6469202664476451,0.41426918078880826,0.1592,3.1407035175879394
SR,4,1092,6.14581298828125,276.68444061279297,0.5322648382675533,0.721593361047133,0.5955958897458511,0.1592,3.1407035175879394
SR,12,1093,7.63970947265625,436.14234161376953,0.3002177314950302,0.582429121390955,0.35435019965381853,0.1592,3.1407035175879394
SR,2,1094,172.40605926513672,239.83709716796875,0.35105903338756167,1.0986613423832516,0.4894488237958504,0.1592,3.1407035175879394
SR,0,1095,10.92291259765625,250.44171142578125,0.1996536371162968,0.32418526730409836,0.30135792824799484,0.1592,3.1407035175879394
SR,11,1096,170.34039306640625,224.2750244140625,0.4089321519475314,0.6302147830496558,0.4402553525292045,0.1592,3.1407035175879394
SR,0,1097,13.517837524414062,342.248291015625,0.31396206261297077,0.5551616266796572,0.3699990556193352,0.1592,3.1407035175879394
SR,4,1098,14.03778076171875,503.4220733642578,0.23320985924861656,0.41485010204698514,0.27149209515972583,0.1592,3.1407035175879394
SR,4,1099,166.60629272460938,282.2030334472656,0.48369227662537523,0.7942358472957997,0.5489914475224418,0.1592,3.1407035175879394
SR,7,1100,174.26020050048828,209.63876342773438,0.2588897724771367,1.1402034410145103,0.4703978199939402,0.1592,3.1407035175879394
SR,7,1101,13.100906372070312,226.00482177734375,0.4159505360942638,1.4584117971671418,0.6268941826566155,0.1592,3.1407035175879394
SR,4,1102,7.59393310546875,353.2328643798828,0.23054625470632978,0.38081423492465705,0.29282689468176676,0.1592,3.1407035175879394
SR,9,1103,8.762672424316406,475.7728576660156,0.36008916202245145,0.6233724696547611,0.40722064712364453,0.1592,3.1407035175879394
SR,1,1104,6.37957763671875,535.4989242553711,0.295876130737223,0.4735113657985114,0.3308386651919886,0.1592,3.1407035175879394
SR,2,1105,13.17364501953125,300.253173828125,0.21354960199169368,0.34385186561363046,0.2687678087152302,0.1592,3.1407035175879394
SR,0,1106,169.43899536132812,296.55031394958496,0.1326299422206259,0.7756246416024979,0.5326492217721548,0.1592,3.1407035175879394
SR,8,1107,172.3629150390625,689.5899143218994,0.3750409942021533,0.6708899213820351,0.4043726207257451,0.1592,3.1407035175879394
SR,1,1108,170.83806610107422,449.0338134765625,0.3078585856644531,0.725983108454619,0.39507444825948584,0.1592,3.1407035175879394
SR,15,1109,169.86233520507812,230.74856567382812,0.22277164428111312,0.37321411241180746,0.29458275742916007,0.1592,3.1407035175879394
SR,15,1110,167.03939819335938,286.14554595947266,0.4875378607413482,0.7615146847573075,0.5184674539772066,0.1592,3.1407035175879394
SR,9,1111,167.0609588623047,299.5541000366211,0.18990597230887524,0.2853909470191947,0.3478388259908063,0.1592,3.1407035175879394
SR,5,1112,174.95833587646484,404.0879211425781,0.34119560259891074,0.8204455627115079,0.42483309895106136,0.1592,3.1407035175879394
SR,10,1113,169.3460693359375,403.2405548095703,0.6013038472250457,0.8491058437059789,0.7173173731305851,0.1592,3.1407035175879394
SR,5,1114,5.023284912109375,261.29431915283203,0.5729823944341759,1.8753884705321209,0.7893466601269927,0.1592,3.1407035175879394
SR,3,1115,173.94661712646484,270.36426734924316,0.5438039634392439,1.5265516128205376,0.7318391035551943,0.1592,3.1407035175879394
SR,0,1116,11.11322021484375,270.76220703125,0.22903024936559369,0.41463532616250953,0.28492165727209734,0.1592,3.1407035175879394
SR,6,1117,9.23291015625,515.2346343994141,0.21624315531649135,0.5833087843291803,0.2807157625969711,0.1592,3.1407035175879394
SR,8,1118,170.4842987060547,224.27669143676758,0.4005843089216647,1.3553587664254065,0.5504560300579584,0.1592,3.1407035175879394
SR,7,1119,166.84796142578125,241.7319793701172,0.2684407890724818,0.6175552360170636,0.4318858375895684,0.1592,3.1407035175879394
SR,13,1120,8.218597412109375,381.93839263916016,0.3401838516304775,0.9637326473275107,0.4315162273521661,0.1592,3.1407035175879394
SR,13,1121,172.5355224609375,409.7784118652344,0.25157710942697675,0.5012759870250763,0.31699238723230505,0.1592,3.1407035175879394
SR,7,1122,14.582244873046875,285.35772705078125,0.3850047823527626,0.5616042756862967,0.47951999682600815,0.1592,3.1407035175879394
SR,5,1123,170.6112060546875,562.1170349121094,0.21523762242655234,0.7122979861071899,0.3148590158573153,0.1592,3.1407035175879394
SR,11,1124,14.7454833984375,276.43792724609375,0.23228415186446597,0.40521243882365776,0.2565389150279327,0.1592,3.1407035175879394
SR,2,1125,172.17160034179688,655.8740386962891,0.32023839341161126,0.6917875004762694,0.3712842585605244,0.1592,3.1407035175879394
SR,3,1126,11.753387451171875,208.49659729003906,0.30666640260601574,1.3080321792175376,0.4411122169206387,0.1592,3.1407035175879394
SR,5,1127,10.92291259765625,547.3796691894531,0.34268306426615036,0.576285233773652,0.38050588000031654,0.1592,3.1407035175879394
SR,13,1128,165.5279541015625,313.71031951904297,0.2563841818877731,0.6294599977450065,0.33492167323911687,0.1592,3.1407035175879394
SR,3,1129,168.22149658203125,234.103515625,0.429495724648808,0.5820100813475755,0.5064460690014518,0.1592,3.1407035175879394
SR,15,1130,5.396942138671875,498.6082730293274,0.32797829082450114,0.6436511874810524,0.37630682134330706,0.1592,3.1407035175879394
SR,10,1131,171.33990478515625,284.3905029296875,0.2067192315064896,0.3282436571419562,0.2805725609194533,0.1592,3.1407035175879394
SR,1,1132,13.393707275390625,506.8288621902466,0.21146548506838642,0.35540924152428943,0.26729524607210586,0.1592,3.1407035175879394
SR,5,1133,6.95220947265625,570.5826644897461,0.31250799412876396,0.5680854672827356,0.3534914447016892,0.1592,3.1407035175879394
SR,15,1134,169.69525146484375,527.6219177246094,0.22621607320972673,0.3897958487375715,0.27132563477767585,0.1592,3.1407035175879394
SR,2,1135,12.89471435546875,258.4998779296875,0.36761865095947216,0.6060775539094814,0.45166415763181167,0.1592,3.1407035175879394
SR,2,1136,12.396148681640625,804.6974792480469,0.39489832879529235,0.7315765368000704,0.4554116668401347,0.1592,3.1407035175879394
SR,9,1137,11.900238037109375,270.30950927734375,0.32996236456641964,0.5007349952972245,0.35944308388139345,0.1592,3.1407035175879394
SR,14,1138,12.051361083984375,459.20916748046875,0.22449016080058296,0.3855221785781149,0.2625127003122187,0.1592,3.1407035175879394
SR,2,1139,172.823486328125,298.7472839355469,0.4482760041908127,0.7315170236922706,0.4923393806796837,0.1592,3.1407035175879394
SR,6,1140,171.7292022705078,745.3854293823242,0.3102651930003628,0.7201995713623212,0.3708279958040814,0.1592,3.1407035175879394
SR,1,1141,173.85418701171875,847.3491363525391,0.28610358668698704,0.5284562661546037,0.33873806570231885,0.1592,3.1407035175879394
SR,5,1142,8.4705810546875,434.9024658203125,0.23732675114270896,0.3907286372835376,0.28992886984096045,0.1592,3.1407035175879394
SR,15,1143,169.8545913696289,200.30224800109863,0.37274796081248796,0.9375341477504685,0.4736817214991482,0.1592,3.1407035175879394
SR,2,1144,13.135101318359375,238.88323974609375,0.45131600772787633,0.6104097112462058,0.600265070990197,0.1592,3.1407035175879394
SR,7,1145,174.74298095703125,290.7456169128418,0.39304268746833804,0.5766214292908569,0.46176428605489966,0.1592,3.1407035175879394
SR,0,1146,9.78216552734375,500.34136962890625,0.2986762775758623,0.5408059228636451,0.3454776665946965,0.1592,3.1407035175879394
SR,15,1147,5.70977783203125,236.053955078125,0.5932194615702249,1.1475791719471746,0.6578143116922689,0.1592,3.1407035175879394
SR,5,1148,5.33135986328125,318.4195098876953,0.4312197078453706,0.9178297576338843,0.516547566145511,0.1592,3.1407035175879394
SR,3,1149,172.27886962890625,863.0618896484375,0.280362573793726,0.5134377451961009,0.32293551742637716,0.1592,3.1407035175879394
SR,12,1150,165.76876831054688,429.2210998535156,0.20893267054123002,0.32872026116660963,0.25804482806481577,0.1592,3.1407035175879394
SR,7,1151,9.78216552734375,412.71795654296875,0.1993824732766798,0.6440429657980776,0.26999759335634205,0.1592,3.1407035175879394
SR,9,1152,8.63909912109375,276.9560546875,0.28093295053236583,0.4970041528704217,0.3871514913336439,0.1592,3.1407035175879394
SR,11,1153,167.7784423828125,277.2398376464844,0.21992076577460853,0.3922050866628395,0.2922963259568211,0.1592,3.1407035175879394
SR,8,1154,5.504669189453125,277.09539794921875,0.501144372191627,0.6510736789290401,0.5773496472577438,0.1592,3.1407035175879394
SR,4,1155,10.09735107421875,552.9845733642578,0.19595988184002014,0.29755556776299824,0.30926215246228506,0.1592,3.1407035175879394
SR,12,1156,172.78939819335938,627.3353424072266,0.449619926449343,0.7447350116474074,0.48350204808193475,0.1592,3.1407035175879394
SR,5,1157,7.159698486328125,351.34881591796875,0.20303051057526775,0.3320229309662837,0.2710296690227678,0.1592,3.1407035175879394
SR,8,1158,171.58291625976562,752.6243896484375,0.2603509491100399,0.5970805826093027,0.3166892452442775,0.1592,3.1407035175879394
SR,5,1159,167.0043716430664,230.20953369140625,0.27115711191623615,0.522425696634328,0.3237230554242072,0.1592,3.1407035175879394
SR,10,1160,173.806884765625,526.3953857421875,0.2656731370525227,0.46849498265987094,0.2969425726240929,0.1592,3.1407035175879394
SR,2,1161,170.46368408203125,466.51800537109375,0.24108201332959628,0.44903646742689624,0.31577657151574745,0.1592,3.1407035175879394
SR,6,1162,166.60629272460938,200.6360740661621,0.23724791406852264,0.38732077299505596,0.28154382484511065,0.1592,3.1407035175879394
SR,15,1163,12.995635986328125,274.2360534667969,0.26651095220643456,0.5231714059117522,0.3156644314588644,0.1592,3.1407035175879394
SR,0,1164,174.753662109375,724.173770904541,0.46065301650584883,0.7993782154956398,0.4986929921120353,0.1592,3.1407035175879394
SR,7,1165,8.53021240234375,220.3543472290039,0.34422430764592726,0.485089202084977,0.4232757777544838,0.1592,3.1407035175879394
SR,10,1166,7.205322265625,459.9967498779297,0.2125680122611993,0.3473366494260584,0.24066629288171126,0.1592,3.1407035175879394
SR,8,1167,6.20263671875,203.8872528076172,0.33706839403010813,0.5295591875272655,0.39129242290457217,0.1592,3.1407035175879394
SR,11,1168,14.363113403320312,440.6192626953125,0.33066925553026566,0.6907595580902697,0.384065648661511,0.1592,3.1407035175879394
SR,1,1169,5.3065185546875,382.75073051452637,0.2688447361292308,0.7489062442187613,0.3602907415356571,0.1592,3.1407035175879394
SR,3,1170,9.91253662109375,282.1436653137207,0.22101459997449324,0.4579076784705134,0.32501445280127084,0.1592,3.1407035175879394
SR,4,1171,6.7653961181640625,268.30210876464844,0.20225509509008563,0.5246052230781885,0.2813297442345407,0.1592,3.1407035175879394
SR,8,1172,14.99188232421875,323.2771911621094,0.20372913746820495,0.3251711746701414,0.25819205414213064,0.1592,3.1407035175879394
SR,4,1173,173.234619140625,247.3963623046875,0.2296202192658351,0.36840436888839506,0.32471353455064067,0.1592,3.1407035175879394
SR,3,1174,9.903968811035156,214.16081619262695,0.2554024591572281,0.6134384269344414,0.37893032082988315,0.1592,3.1407035175879394
SR,4,1175,12.172088623046875,285.2427062988281,0.2151842674885784,0.3542408103193271,0.24731156454847458,0.1592,3.1407035175879394
SR,3,1176,167.50320434570312,245.94796752929688,0.20254745553000442,0.6099644064655075,0.31778315073709895,0.1592,3.1407035175879394
SR,13,1177,167.22785186767578,223.61825561523438,0.3739808239694582,0.5714485900979219,0.4593120826742887,0.1592,3.1407035175879394
SR,5,1178,174.68624877929688,292.79234313964844,0.4563537686524712,0.8391662355315873,0.5064587201184566,0.1592,3.1407035175879394
SR,12,1179,170.65570068359375,619.6616439819336,0.4200344956764905,0.6440958723183389,0.43800153306889555,0.1592,3.1407035175879394
SR,12,1180,6.0716552734375,353.90122985839844,0.3087101248120479,0.5573559463369796,0.35124735948547775,0.1592,3.1407035175879394
SR,6,1181,165.53407287597656,385.4171447753906,0.44037899563024646,0.8868890590708957,0.48926108023230724,0.1592,3.1407035175879394
SR,1,1182,9.8656005859375,367.99383544921875,0.24619450790499398,0.9432028394535376,0.39700370868545104,0.1592,3.1407035175879394
SR,9,1183,11.56048583984375,415.3417053222656,0.22821375540246627,0.3608536589255956,0.28062220296840623,0.1592,3.1407035175879394
SR,4,1184,12.301239013671875,524.0343780517578,0.21719568829634464,0.8598462407508946,0.3167987078218838,0.1592,3.1407035175879394
SR,8,1185,169.59234619140625,306.8873519897461,0.24640182473762332,0.7027651118625476,0.35987666971284205,0.1592,3.1407035175879394
SR,0,1186,8.129486083984375,724.5479049682617,0.31164487037152344,0.6945727501843743,0.3808898172015442,0.1592,3.1407035175879394
SR,6,1187,13.842132568359375,364.8419647216797,0.2400456166128015,0.6650627382557515,0.3479205121431878,0.1592,3.1407035175879394
SR,12,1188,9.91632080078125,211.7666938304901,0.40463719377505847,0.5666709057669521,0.512264306788934,0.1592,3.1407035175879394
SR,6,1189,170.02505493164062,345.72434997558594,0.44594785454628677,0.7143774479523597,0.48417392659830866,0.1592,3.1407035175879394
SR,12,1190,172.67882537841797,203.06593322753906,0.3913354864366071,0.6235129632579,0.45923587286829637,0.1592,3.1407035175879394
SR,1,1191,170.64016723632812,574.7408752441406,0.1988186592050658,0.31195852585078665,0.26197984583056344,0.1592,3.1407035175879394
SR,4,1192,168.2644271850586,374.031494140625,0.32701946825549033,0.614288405765297,0.3637708627751059,0.1592,3.1407035175879394
SR,2,1193,165.32720947265625,394.39666748046875,0.2898107323611905,0.5682259608988574,0.3495132752057122,0.1592,3.1407035175879394
SR,5,1194,9.78216552734375,326.2757873535156,0.22459785080966882,0.4068993801803657,0.28458499862188263,0.1592,3.1407035175879394
SR,15,1195,8.53021240234375,247.80573272705078,0.4595059015590835,1.3541078973445433,0.5299643882937569,0.1592,3.1407035175879394
SR,5,1196,169.28683471679688,449.30799865722656,0.225262609151273,0.6964363671992665,0.31111274173365666,0.1592,3.1407035175879394
SR,15,1197,6.28167724609375,592.4624633789062,0.23071270212126033,0.5164494325213588,0.3096347133015942,0.1592,3.1407035175879394
SR,10,1198,13.537139892578125,336.0071716308594,0.22215343476561536,0.3825812747477308,0.25191424335741364,0.1592,3.1407035175879394
SR,7,1199,169.7653045654297,211.73068237304688,0.36588439521377975,1.5102355203703717,0.6340415108464564,0.1592,3.1407035175879394
SR,4,1200,7.69537353515625,317.86399841308594,0.4921325234385076,1.0840200609527788,0.5676402699336263,0.1592,3.1407035175879394
SR,2,1201,171.2543487548828,209.8396918773651,0.18155159364124343,0.7702484440373218,0.3569622134105958,0.1592,3.1407035175879394
SR,7,1202,6.665863037109375,445.0748291015625,0.2996680546736603,0.5576431639374116,0.36993332063292517,0.1592,3.1407035175879394
SR,1,1203,168.24059295654297,745.7071075439453,0.32975286318952474,0.5585672198453145,0.35301367785708787,0.1592,3.1407035175879394
SR,15,1204,174.07330322265625,563.8361098766327,0.2742803900205,0.45489668953294304,0.32062855637345655,0.1592,3.1407035175879394
SR,1,1205,12.00286865234375,466.6928405761719,0.30881610931210934,0.5701648780831613,0.3759134769961519,0.1592,3.1407035175879394
SR,11,1206,170.83807373046875,436.23658752441406,0.31014359639745387,0.5682186733292834,0.34813174808056174,0.1592,3.1407035175879394
SR,13,1207,165.3047103881836,629.7043294906616,0.2963206212219543,0.49068100359829697,0.3173116669241247,0.1592,3.1407035175879394
SR,5,1208,173.204833984375,764.5206298828125,0.2718493213114133,0.5914896982360909,0.32922188872714225,0.1592,3.1407035175879394
SR,2,1209,14.351028442382812,239.29121780395508,0.27875965575660394,1.2342603156684173,0.4279669995060489,0.1592,3.1407035175879394
SR,4,1210,174.71072387695312,580.3477172851562,0.2632134274452698,0.609151338365238,0.32540413864885903,0.1592,3.1407035175879394
SR,11,1211,166.6595687866211,355.59051513671875,0.3115731303402818,0.4764630624229794,0.3554937256236582,0.1592,3.1407035175879394
SR,13,1212,8.6151123046875,425.79718017578125,0.25104300983604316,0.9464418340654274,0.38791659113741306,0.1592,3.1407035175879394
SR,0,1213,167.77422332763672,215.8760986328125,0.5238342207530245,0.7125413649455526,0.6407394859944638,0.1592,3.1407035175879394
SR,11,1214,13.87896728515625,396.4414520263672,0.30618585951806276,0.6048480721894722,0.3566328499133608,0.1592,3.1407035175879394
SR,8,1215,173.66061401367188,248.9423828125,0.46111789816281,0.6596632244750978,0.5247878731947525,0.1592,3.1407035175879394
SR,3,1216,10.0078125,349.9781799316406,0.20535966247585835,0.3393234966327072,0.25665434613024196,0.1592,3.1407035175879394
SR,9,1217,174.92865753173828,211.41801977157593,0.5146153482393314,1.326491472536213,0.6929407657905663,0.1592,3.1407035175879394
SR,7,1218,14.88824462890625,318.7897033691406,0.2416329722744106,0.5274906665611895,0.325448979571258,0.1592,3.1407035175879394
SR,2,1219,14.4493408203125,244.43075561523438,0.2218832900079008,0.37515583565435984,0.3065884735022236,0.1592,3.1407035175879394
SR,9,1220,13.09295654296875,325.3415832519531,0.20370165772118293,0.3392207563784057,0.26448699498533607,0.1592,3.1407035175879394
SR,1,1221,165.30081176757812,217.1751708984375,0.20941239344547397,0.5259568892799966,0.3165201258470641,0.1592,3.1407035175879394
SR,6,1222,174.31991577148438,332.5790786743164,0.42073286831268564,1.1263422745184926,0.5421539660790073,0.1592,3.1407035175879394
SR,4,1223,9.180130004882812,224.51025390625,0.21907702266587556,0.3629810099585959,0.279061328801069,0.1592,3.1407035175879394
SR,11,1224,5.047569274902344,222.01751327514648,0.3372656873105429,0.48379527095795005,0.46227668312140713,0.1592,3.1407035175879394
SR,6,1225,5.781585693359375,441.3494110107422,0.32938245214302164,0.7695772666295311,0.39684803545900305,0.1592,3.1407035175879394
SR,4,1226,7.555641174316406,250.9193115234375,0.4462393189912108,0.9780641224265127,0.5138301545668958,0.1592,3.1407035175879394
SR,11,1227,5.552162170410156,315.5747375488281,0.25461512223497484,0.39991325965980423,0.39582214417373623,0.1592,3.1407035175879394
SR,9,1228,10.0078125,318.49461364746094,0.4815511188128254,1.2553833195381814,0.5801130906940816,0.1592,3.1407035175879394
SR,13,1229,12.26544189453125,348.8474521636963,0.29011888342544356,0.5745270987581856,0.35580892481493953,0.1592,3.1407035175879394
SR,3,1230,11.689788818359375,359.71656799316406,0.34304775652029973,0.5478220518781496,0.3831638923428494,0.1592,3.1407035175879394
SR,8,1231,6.86566162109375,418.65964126586914,0.24912492986083998,0.6485926981881502,0.3306091292043177,0.1592,3.1407035175879394
SR,5,1232,6.972015380859375,396.21868896484375,0.21598872568521746,0.3851988140610151,0.2601244258169312,0.1592,3.1407035175879394
SR,1,1233,168.23125457763672,350.24017333984375,0.28564318671880473,0.785756037046011,0.392256848709763,0.1592,3.1407035175879394
SR,9,1234,14.972625732421875,242.23672485351562,0.35296027128448854,0.7244678488444054,0.4306244240133629,0.1592,3.1407035175879394
SR,14,1235,12.47589111328125,296.22088623046875,0.24193580706856493,0.6628897633742914,0.3194491328762541,0.1592,3.1407035175879394
SR,9,1236,171.59165954589844,434.2975311279297,0.3020566055543064,0.7978109002326803,0.38774031301142514,0.1592,3.1407035175879394
SR,13,1237,174.29021453857422,336.1525421142578,0.6499044524988127,0.7761205278963522,1.0723108865401703,0.1592,3.1407035175879394
SR,8,1238,168.68978881835938,267.744384765625,0.2675698225432849,0.6077835756591057,0.33193420599284634,0.1592,3.1407035175879394
SR,8,1239,170.25662231445312,340.7953338623047,0.5095881528276734,0.75649892889708,0.5408827640546483,0.1592,3.1407035175879394
SR,3,1240,9.8455810546875,490.87054443359375,0.228599418558579,0.3882094923445069,0.27496600139683725,0.1592,3.1407035175879394
SR,3,1241,7.2882080078125,221.92697143554688,0.4615162778090675,0.70175354153895,0.5117140752912718,0.1592,3.1407035175879394
SR,5,1242,169.6057357788086,239.81664276123047,0.3466214705065495,1.3323241061157458,0.5468840178613544,0.1592,3.1407035175879394
SR,8,1243,171.97824096679688,359.949951171875,0.39334769540442277,0.6691735798820407,0.4493614233526852,0.1592,3.1407035175879394
SR,5,1244,11.44537353515625,328.7067565917969,0.21868168863161763,0.3687892785388765,0.2685620375270455,0.1592,3.1407035175879394
SR,2,1245,170.1666717529297,288.009521484375,0.34837539923253885,0.5807454209828931,0.3764699805338092,0.1592,3.1407035175879394
SR,7,1246,11.634033203125,312.6421203613281,0.2279112356283686,0.4025389072714973,0.29208306361726327,0.1592,3.1407035175879394
SR,6,1247,7.03717041015625,201.8870086669922,0.4046925132562941,1.0860208297622724,0.4845902818926707,0.1592,3.1407035175879394
SR,14,1248,173.3463592529297,896.827241897583,0.3564113193695624,0.6322633686948611,0.3780645050453437,0.1592,3.1407035175879394
SR,2,1249,168.9232635498047,519.1228332519531,0.2216590780566724,0.5035663793210797,0.263198538703903,0.1592,3.1407035175879394
SR,8,1250,9.057449340820312,842.882453918457,0.2826843571463469,0.46449393247084136,0.32043568810434003,0.1592,3.1407035175879394
SR,15,1251,174.5369644165039,228.28240966796875,0.38848093752247614,0.9876485174772923,0.478171428063552,0.1592,3.1407035175879394
SR,0,1252,170.83806610107422,732.2896575927734,0.258449512576606,0.6181920468963579,0.31289134801853324,0.1592,3.1407035175879394
SR,7,1253,12.019569396972656,372.0831298828125,0.27579298443128525,0.7117331975589196,0.3785201707116594,0.1592,3.1407035175879394
SR,7,1254,168.00253295898438,442.2450866699219,0.24543337562642206,0.4911115577217237,0.29555109186781253,0.1592,3.1407035175879394
SR,2,1255,8.944915771484375,265.82737731933594,0.34574786983430134,0.5301841079680498,0.42127371639093425,0.1592,3.1407035175879394
SR,4,1256,13.45709228515625,285.2583312988281,0.3181530501308865,0.7172255968822641,0.41766868441789196,0.1592,3.1407035175879394
SR,6,1257,165.76876831054688,402.8872375488281,0.19970374269313051,0.49870431996711045,0.2678120119581127,0.1592,3.1407035175879394
SR,2,1258,172.1473388671875,222.97283172607422,0.26744036681358896,0.6052107885107607,0.38276886314533337,0.1592,3.1407035175879394
SR,6,1259,12.995635986328125,340.1199951171875,0.22956716606353067,0.5784276615329413,0.3135063525405712,0.1592,3.1407035175879394
SR,7,1260,10.080436706542969,381.1628723144531,0.2211280547677743,0.5087868924784125,0.2743638634826343,0.1592,3.1407035175879394
SR,9,1261,171.45146942138672,216.22385215759277,0.32402578908338037,0.4349564139167776,0.43595741740158794,0.1592,3.1407035175879394
SR,5,1262,170.34039306640625,384.42822265625,0.21865301027788203,0.7399558266087236,0.31889929268982997,0.1592,3.1407035175879394
SR,4,1263,174.29021453857422,245.72203826904297,0.27871565221117156,1.5721619267754936,0.4401312602494361,0.1592,3.1407035175879394
SR,7,1264,7.467384338378906,261.2851791381836,0.4319654441899452,0.6333137341017292,0.5440386420235168,0.1592,3.1407035175879394
SR,7,1265,172.38876342773438,759.4324035644531,0.38927869440709956,0.684732039630638,0.4172356383418417,0.1592,3.1407035175879394
SR,15,1266,168.34030151367188,490.66654205322266,0.3063267019582066,0.5569931211937935,0.34844151741708634,0.1592,3.1407035175879394
SR,7,1267,9.46197509765625,358.96405029296875,0.2029437937930142,0.3279822477330127,0.23752961265497685,0.1592,3.1407035175879394
SR,9,1268,10.963531494140625,354.72149658203125,0.22203802766624176,0.37975363407465057,0.25410135899093905,0.1592,3.1407035175879394
SR,5,1269,10.080436706542969,316.1444396972656,0.2852358185224817,0.5100309223881064,0.3570885666302082,0.1592,3.1407035175879394
SR,6,1270,9.637252807617188,311.21421813964844,0.25722307763975016,0.4794258051981749,0.3330761891580304,0.1592,3.1407035175879394
SR,9,1271,8.19189453125,621.3729095458984,0.35012173845607214,0.6837018187040521,0.39740152596411216,0.1592,3.1407035175879394
SR,2,1272,5.90533447265625,288.3446350097656,0.40895430378122055,0.5827160391767665,0.46076627393576647,0.1592,3.1407035175879394
SR,14,1273,8.841323852539062,379.1535830050707,0.2043573960319719,0.3225737470174403,0.2548501036119947,0.1592,3.1407035175879394
SR,12,1274,173.2251205444336,272.4268798828125,0.3768216610686357,0.5737306661468506,0.41452858814733895,0.1592,3.1407035175879394
SR,7,1275,11.842559814453125,310.40301513671875,0.38249708156237006,0.7320277156479454,0.4460906983233564,0.1592,3.1407035175879394
SR,8,1276,13.552581787109375,320.6324462890625,0.2170037337459951,0.37882566039438564,0.267589833736876,0.1592,3.1407035175879394
SR,9,1277,173.02798461914062,612.7882080078125,0.2658081206881707,0.7118029927758011,0.3681481391126839,0.1592,3.1407035175879394
SR,13,1278,168.68978881835938,342.5918884277344,0.23809253579454442,0.776418207931016,0.3277485463408467,0.1592,3.1407035175879394
SR,3,1279,174.95834350585938,359.77923583984375,0.3444634577313868,0.588838318152927,0.39839338468889063,0.1592,3.1407035175879394
SR,6,1280,170.74016571044922,607.8228302001953,0.2289183965837024,0.4218073672791899,0.2687086205367624,0.1592,3.1407035175879394
SR,8,1281,167.86807250976562,546.3910064697266,0.25581275500885753,0.42605450145019,0.3202580051975157,0.1592,3.1407035175879394
SR,0,1282,14.03778076171875,470.3998107910156,0.3733598657943491,0.6170471384102724,0.40179301820661467,0.1592,3.1407035175879394
SR,13,1283,14.745468139648438,703.9729614257812,0.2669430478703628,0.6267449574530823,0.3290842956383715,0.1592,3.1407035175879394
SR,8,1284,172.77642822265625,333.20938873291016,0.38385977829969964,0.6263582401169194,0.4130623412365182,0.1592,3.1407035175879394
SR,6,1285,171.28076934814453,218.8282346725464,0.3643911190247875,0.5036390036773204,0.4105300388403352,0.1592,3.1407035175879394
SR,10,1286,172.94290161132812,237.6573486328125,0.34545791402881115,0.6713447476050541,0.40600724956611556,0.1592,3.1407035175879394
SR,15,1287,166.26235961914062,287.83982849121094,0.19306847718529374,0.7795956472748248,0.30839090278967696,0.1592,3.1407035175879394
SR,8,1288,11.56048583984375,471.4763946533203,0.21227273236576388,0.6932052337139296,0.30146178797261214,0.1592,3.1407035175879394
SR,11,1289,11.853500366210938,469.4231872558594,0.2924499373055353,1.1295345532241148,0.430496049795976,0.1592,3.1407035175879394
SR,8,1290,8.64227294921875,689.4479274749756,0.2956547168967631,0.5865218255145661,0.34883603674913033,0.1592,3.1407035175879394
SR,13,1291,9.268836975097656,636.7011260986328,0.3695807044259961,1.1202200827883662,0.4568879267848863,0.1592,3.1407035175879394
SR,9,1292,11.79388427734375,607.9359283447266,0.22395927267449556,0.6362455620949984,0.29940279304053863,0.1592,3.1407035175879394
SR,10,1293,12.248512268066406,652.7635688781738,0.36785398991274215,0.759683010684344,0.4200626539039231,0.1592,3.1407035175879394
SR,4,1294,8.129478454589844,230.05821585655212,0.45599643319150635,0.903180479477332,0.5632588685119885,0.1592,3.1407035175879394
SR,6,1295,174.7055892944336,657.9779357910156,0.2428113940351689,0.43933193480018795,0.2821738592926827,0.1592,3.1407035175879394
SR,14,1296,169.00732421875,503.81322479248047,0.23832146563076156,0.37965863434179425,0.2848266680915337,0.1592,3.1407035175879394
SR,13,1297,9.23291015625,425.5187244415283,0.20608707344845423,0.647875179241515,0.2938885364441851,0.1592,3.1407035175879394
SR,3,1298,166.72821044921875,254.65689086914062,0.262466270049734,0.508778848182176,0.3289706443349278,0.1592,3.1407035175879394
SR,3,1299,6.817436218261719,389.8756408691406,0.3475647025781653,0.5996510360050495,0.38128208436876837,0.1592,3.1407035175879394
SR,2,1300,9.46197509765625,322.5413627624512,0.388371465102174,1.0731729608487215,0.5242250032398857,0.1592,3.1407035175879394
SR,10,1301,10.573516845703125,298.6239013671875,0.39788062107623634,0.7013919444351969,0.42604408840427704,0.1592,3.1407035175879394
SR,2,1302,9.08984375,253.83245849609375,0.4247083081180987,0.7034710473614539,0.46163378499100804,0.1592,3.1407035175879394
SR,8,1303,167.931640625,406.2915344238281,0.24629414108599967,0.46228890563591096,0.30857313572939243,0.1592,3.1407035175879394
SR,12,1304,7.39886474609375,268.0152940750122,0.44953343991217604,0.6376186235036065,0.5252387410251483,0.1592,3.1407035175879394
SR,7,1305,9.893707275390625,453.2193603515625,0.2228879931007496,0.43352553996139825,0.2853235945160542,0.1592,3.1407035175879394
SR,8,1306,172.3338851928711,318.3969192504883,0.25212367735318114,0.6923286220795448,0.35135349376950803,0.1592,3.1407035175879394
SR,6,1307,7.057090759277344,385.82835388183594,0.2370639195878629,0.7429623568204028,0.3306900859328078,0.1592,3.1407035175879394
SR,6,1308,7.236175537109375,415.9014892578125,0.21972736441728113,0.3875413209594184,0.25868718634840987,0.1592,3.1407035175879394
SR,13,1309,174.62109375,263.03826904296875,0.4572634605009147,0.7341150110960087,0.5405044749526285,0.1592,3.1407035175879394
SR,7,1310,14.332763671875,382.2449493408203,0.267472937814988,0.8559737958122894,0.3472283005702131,0.1592,3.1407035175879394
SR,15,1311,167.00436401367188,717.5653018951416,0.3481118568376624,0.619730106252605,0.38800399974819233,0.1592,3.1407035175879394
SR,8,1312,5.97076416015625,688.8538475036621,0.3070368083272329,0.7192879654302876,0.3787672264922946,0.1592,3.1407035175879394
SR,12,1313,172.43231201171875,560.0479202270508,0.2096734072823643,0.7418542701588854,0.3071636476407141,0.1592,3.1407035175879394
SR,1,1314,8.53021240234375,308.8727226257324,0.2424136242502558,0.8261440741153799,0.3562173493155021,0.1592,3.1407035175879394
SR,3,1315,8.251922607421875,245.64990234375,0.3136882229072889,0.8476830165493503,0.42703076602566997,0.1592,3.1407035175879394
SR,3,1316,12.172088623046875,500.6599884033203,0.2016351219319633,0.5941475566521631,0.2737821049224258,0.1592,3.1407035175879394
SR,11,1317,9.733978271484375,660.6312942504883,0.2819186770812764,0.5752082455009795,0.3256377287434405,0.1592,3.1407035175879394
SR,8,1318,167.55413818359375,352.9222412109375,0.4062151077307154,0.6420072598617864,0.4869325908913566,0.1592,3.1407035175879394
SR,7,1319,10.064407348632812,681.3472595214844,0.23594488869107164,0.39859928512016174,0.278986037676132,0.1592,3.1407035175879394
SR,10,1320,168.68978881835938,402.4382629394531,0.24475584803168954,0.41496692450079636,0.2896152093410421,0.1592,3.1407035175879394
SR,1,1321,174.65371704101562,296.6952199935913,0.4879523763438798,0.6350815234241575,0.6748861665416265,0.1592,3.1407035175879394
SR,11,1322,8.045455932617188,450.7150049209595,0.2884356863546195,0.7196188170457437,0.36197148226014336,0.1592,3.1407035175879394
SR,0,1323,8.031005859375,543.1773376464844,0.22649258769767366,0.6404365340275431,0.301901697717246,0.1592,3.1407035175879394
SR,7,1324,170.6112060546875,310.47499084472656,0.48365897181200335,1.0672281379857338,0.5481541430257055,0.1592,3.1407035175879394
SR,3,1325,8.568603515625,248.53440856933594,0.5899266683197433,0.9310946800961664,0.641593283194997,0.1592,3.1407035175879394
SR,3,1326,11.929840087890625,225.92120361328125,0.5156248634332211,0.6743343452433364,0.5882987851458635,0.1592,3.1407035175879394
SR,7,1327,8.4705810546875,269.845703125,0.28734717517363934,0.8334322445600267,0.3681724262317782,0.1592,3.1407035175879394
SR,2,1328,174.86102294921875,286.0445556640625,0.37115065133670794,0.6253047446131559,0.46245594507556564,0.1592,3.1407035175879394
SR,2,1329,6.7527923583984375,203.06078720092773,0.30259353593915705,0.7742914070641502,0.42197863118262047,0.1592,3.1407035175879394
SR,0,1330,174.9876708984375,428.68206787109375,0.340792633754106,1.0224127692221399,0.44241218539405297,0.1592,3.1407035175879394
SR,4,1331,174.35256958007812,424.0704345703125,0.21254158294376155,0.4423395693016553,0.2741105416034268,0.1592,3.1407035175879394
SR,5,1332,173.83782958984375,275.0986328125,0.3722156925391157,0.656060524429476,0.4410749703247027,0.1592,3.1407035175879394
SR,10,1333,10.465301513671875,602.5589318275452,0.22644745414752873,0.4784705194628212,0.30551037438747347,0.1592,3.1407035175879394
SR,10,1334,13.45709228515625,212.4801025390625,0.5110152085812296,0.6821248448509154,0.6773066582642588,0.1592,3.1407035175879394
SR,3,1335,7.329017639160156,781.9330749511719,0.33797343375417044,0.5801153933461829,0.36486301170916524,0.1592,3.1407035175879394
SR,10,1336,171.77780151367188,357.3873977661133,0.37254468052268996,0.6848518190671143,0.4246651083327496,0.1592,3.1407035175879394
SR,7,1337,168.90968322753906,352.89068603515625,0.3792980040031719,0.7805055956733434,0.46093628386083235,0.1592,3.1407035175879394
SR,2,1338,173.92835235595703,881.3778686523438,0.4168634941423934,0.7212578527896497,0.43359629895701973,0.1592,3.1407035175879394
SR,0,1339,171.79339599609375,613.2398681640625,0.2542086045878005,0.5553777864310098,0.31108065169846016,0.1592,3.1407035175879394
SR,4,1340,7.7259368896484375,757.3173828125,0.43413703169957224,0.710133540687556,0.4617846411404675,0.1592,3.1407035175879394
SR,8,1341,174.75897979736328,258.12579441070557,0.45387056854857755,0.6525858358651117,0.536020687370603,0.1592,3.1407035175879394
SR,0,1342,173.5592041015625,347.6234130859375,0.3632966449170521,0.8801644722034309,0.4691826435744625,0.1592,3.1407035175879394
SR,3,1343,165.13941955566406,523.6712951660156,0.21557581279239996,0.34988714435877566,0.24759677500294658,0.1592,3.1407035175879394
SR,7,1344,173.01227569580078,216.19476318359375,0.29524879396427456,1.4472155243530063,0.569972716536298,0.1592,3.1407035175879394
SR,13,1345,6.84197998046875,634.837598323822,0.22570451929982716,0.3679764179301619,0.3115947769420108,0.1592,3.1407035175879394
SR,9,1346,172.40606689453125,237.46380615234375,0.371629581110569,0.6245128898361604,0.4526368727271057,0.1592,3.1407035175879394
SR,14,1347,171.7696304321289,318.01155853271484,0.27691703033047627,0.6165520700781608,0.33531108228496337,0.1592,3.1407035175879394
SR,5,1348,168.917236328125,287.2192077636719,0.21093799564332966,0.3430319678224605,0.24215554603230416,0.1592,3.1407035175879394
SR,3,1349,166.54290771484375,463.84190368652344,0.24282548688587843,0.7807895242569014,0.333339280838465,0.1592,3.1407035175879394
SR,6,1350,171.74807739257812,327.5072937011719,0.3526755806490272,1.2964944646765661,0.5032075609252482,0.1592,3.1407035175879394
SR,10,1351,170.67678833007812,392.78382873535156,0.2784498437822753,0.8049707178317912,0.4122946039895204,0.1592,3.1407035175879394
SR,1,1352,5.5267333984375,448.5374755859375,0.3003133582125921,0.5219428375281046,0.35797113544426395,0.1592,3.1407035175879394
SR,13,1353,172.74755859375,279.126708984375,0.2258957143185177,0.4111327821757732,0.26396899323770956,0.1592,3.1407035175879394
SR,7,1354,13.2138671875,361.7256393432617,0.24065440391541237,1.1248604966039397,0.3875116768293667,0.1592,3.1407035175879394
SR,5,1355,5.4765625,221.93590545654297,0.2728861622848407,0.9945876260521302,0.4053277226563323,0.1592,3.1407035175879394
SR,13,1356,7.198486328125,200.2967529296875,0.3729231081139464,0.5780151381439378,0.39701494144775373,0.1592,3.1407035175879394
SR,11,1357,14.383110046386719,200.2476806640625,0.22919778291653853,0.8766876782427221,0.3794728495015636,0.1592,3.1407035175879394
SR,6,1358,174.40145874023438,354.44256591796875,0.2712985172027288,0.48537447731492755,0.3949236643211635,0.1592,3.1407035175879394
SR,9,1359,173.4188461303711,228.14559936523438,0.2323333733578721,0.4004651489692331,0.3102160979635035,0.1592,3.1407035175879394
SR,15,1360,168.57562255859375,437.9389190673828,0.28112422524445413,0.5051201627361182,0.31834390248337535,0.1592,3.1407035175879394
SR,3,1361,9.2457275390625,575.7372779846191,0.2967466908739366,0.6922025594010762,0.3588056985228749,0.1592,3.1407035175879394
SR,2,1362,171.11153411865234,225.90181732177734,0.41409936599759367,1.1842347286548154,0.5394330502492984,0.1592,3.1407035175879394
SR,11,1363,6.720245361328125,516.3514404296875,0.25945798439024426,0.5330386655469697,0.3358752218990039,0.1592,3.1407035175879394
SR,5,1364,172.83721923828125,540.9940795898438,0.25837744748767694,0.5476017638114495,0.33761991116121154,0.1592,3.1407035175879394
SR,3,1365,5.193634033203125,437.09828186035156,0.2237253101317459,0.6153504628960197,0.309100349241547,0.1592,3.1407035175879394
SR,5,1366,5.193634033203125,442.8875274658203,0.32917840966513756,0.6113538846243697,0.39419755117321875,0.1592,3.1407035175879394
SR,14,1367,7.882476806640625,308.64635848999023,0.2354024749107925,0.3836111732920857,0.27481179542757045,0.1592,3.1407035175879394
SR,13,1368,173.45449829101562,381.91219329833984,0.29768777035962296,0.8524311339881169,0.3996880279108648,0.1592,3.1407035175879394
SR,8,1369,167.30645751953125,375.96602630615234,0.273706320371876,0.4307486968408062,0.33552373590291656,0.1592,3.1407035175879394
SR,14,1370,9.501861572265625,336.7649841308594,0.3203976141183714,0.6349450111031504,0.38077953178260066,0.1592,3.1407035175879394
SR,12,1371,170.87542724609375,661.0792770385742,0.2525955432542409,0.6514515405909699,0.3202344109397118,0.1592,3.1407035175879394
SR,15,1372,172.3338851928711,206.47397994995117,0.40404813580398274,0.8545523156568243,0.47179992353407907,0.1592,3.1407035175879394
SR,2,1373,8.129478454589844,228.66351318359375,0.3323911047369408,0.5459762404229163,0.37632902649648936,0.1592,3.1407035175879394
SR,7,1374,5.77349853515625,550.9564819335938,0.24096577666994312,0.5037550896238553,0.29219863452581835,0.1592,3.1407035175879394
SR,3,1375,173.5660400390625,250.64898681640625,0.48334638281516323,0.6774372873369439,0.561361720698626,0.1592,3.1407035175879394
SR,10,1376,13.135101318359375,626.932918548584,0.32040268614951667,0.6840146452034674,0.37918884172815076,0.1592,3.1407035175879394
SR,4,1377,8.275299072265625,331.33641815185547,0.36654946855751375,0.803263440893897,0.44536042133499465,0.1592,3.1407035175879394
SR,15,1378,14.03778076171875,327.6764678955078,0.30052023446667847,0.48120548605015623,0.3662954944746929,0.1592,3.1407035175879394
SR,0,1379,8.714218139648438,205.87353515625,0.35451538196610843,0.6382649980944092,0.39447714515513305,0.1592,3.1407035175879394
SR,6,1380,9.854225158691406,786.3177032470703,0.3359040303843227,0.6382476671843492,0.37665194976576444,0.1592,3.1407035175879394
SR,14,1381,166.8569107055664,906.4518356323242,0.2956568267988132,0.6601434627872979,0.3538728530506133,0.1592,3.1407035175879394
SR,13,1382,5.321952819824219,773.3400115966797,0.32586363038894717,0.8881322759086419,0.41049226939920375,0.1592,3.1407035175879394
SR,13,1383,174.80636596679688,332.4366226196289,0.4352836219360855,0.6169390740834033,0.4621642463818679,0.1592,3.1407035175879394
SR,1,1384,11.056587219238281,211.7625732421875,0.20434884951704102,0.3394479394652581,0.2652673600406806,0.1592,3.1407035175879394
SR,2,1385,166.91983032226562,391.34150314331055,0.2681815250301225,0.5069936573749366,0.32999708186545473,0.1592,3.1407035175879394
SR,2,1386,170.36273193359375,309.4499206542969,0.30584717642182035,0.4549026500743228,0.3329143895935524,0.1592,3.1407035175879394
SR,0,1387,5.11322021484375,693.6606750488281,0.47427838631883223,0.9715236780873128,0.5087219427942138,0.1592,3.1407035175879394
SR,12,1388,13.032188415527344,212.33318901062012,0.374118147224103,0.7089442605594587,0.42493115280884736,0.1592,3.1407035175879394
SR,4,1389,5.79840087890625,741.2409133911133,0.3289155099367248,0.6931893188842008,0.38829854436049965,0.1592,3.1407035175879394
SR,5,1390,7.593940734863281,661.8983459472656,0.23355363417489447,0.38805969081564834,0.2564991340724515,0.1592,3.1407035175879394
SR,7,1391,173.02456665039062,572.0341949462891,0.22476218108602525,0.3824766519759505,0.27090060285815565,0.1592,3.1407035175879394
SR,2,1392,10.175384521484375,358.7976608276367,0.3907266179907267,1.059354162129808,0.48666284170970503,0.1592,3.1407035175879394
SR,15,1393,14.59075927734375,286.2125549316406,0.24410968148126366,0.418261262071111,0.2834890490054415,0.1592,3.1407035175879394
SR,14,1394,12.01202392578125,628.5487594604492,0.24657249353958643,0.4847042169102294,0.2967357937020678,0.1592,3.1407035175879394
SR,14,1395,9.87762451171875,459.3632507324219,0.20931000571098987,0.3449417298464605,0.2467918495230649,0.1592,3.1407035175879394
SR,5,1396,171.46978759765625,237.73272705078125,0.2286502086682599,0.7658654647892714,0.32061071464678986,0.1592,3.1407035175879394
SR,0,1397,8.53021240234375,283.60643768310547,0.5750760267846634,1.2495891759098992,0.622016623264925,0.1592,3.1407035175879394
SR,2,1398,11.524078369140625,266.3064498901367,0.43983731356828976,1.141086816484709,0.5584078541171185,0.1592,3.1407035175879394
SR,7,1399,8.3250732421875,355.2748260498047,0.3270582683538684,0.79703606010766,0.44705710499886725,0.1592,3.1407035175879394
SR,1,1400,5.1419677734375,346.72896575927734,0.2582620424545742,0.8042867561043238,0.3624030088858992,0.1592,3.1407035175879394
SR,3,1401,166.2169952392578,210.54430389404297,0.2323051737567413,0.8523693923105331,0.3686479581873887,0.1592,3.1407035175879394
SR,3,1402,171.3848876953125,251.49951171875,0.4708217256845944,0.6572971974299644,0.5190145197020545,0.1592,3.1407035175879394
SR,2,1403,11.041107177734375,351.51190185546875,0.3564905910506015,0.7011914401821316,0.4072132329136951,0.1592,3.1407035175879394
SR,11,1404,14.120498657226562,261.47083282470703,0.2697933130944817,0.4053290261795935,0.344278993710686,0.1592,3.1407035175879394
SR,5,1405,166.30276489257812,216.13512182235718,0.4834632638907956,0.7369524959767073,0.5346071338863112,0.1592,3.1407035175879394
SR,0,1406,171.16707611083984,354.6191635131836,0.523114503779138,1.3188945527297102,0.6203017526320251,0.1592,3.1407035175879394
SR,2,1407,171.00119018554688,578.5320281982422,0.27399047364700463,0.5435677119199468,0.31051429988709317,0.1592,3.1407035175879394
SR,5,1408,165.7825164794922,318.064697265625,0.3822102252569273,1.3397329609827389,0.4714453964664988,0.1592,3.1407035175879394
SR,13,1409,170.50009155273438,619.6623382568359,0.41303929894684066,0.7749738781207071,0.45400115723808554,0.1592,3.1407035175879394
SR,1,1410,10.243988037109375,463.6814270019531,0.4164852668685575,0.6154164831542142,0.4691010573293882,0.1592,3.1407035175879394
SR,5,1411,172.09349822998047,873.3789443969727,0.32959048413705744,0.6681024067885526,0.37531209099184,0.1592,3.1407035175879394
SR,3,1412,169.21563720703125,239.2859616279602,0.34639221249256025,0.5812208351560619,0.4223316865141009,0.1592,3.1407035175879394
SR,12,1413,5.041656494140625,459.7757291793823,0.3604729331069229,0.7470617272234521,0.425618743051859,0.1592,3.1407035175879394
SR,4,1414,5.4244384765625,398.1651916503906,0.23113571416769807,0.4327857325479411,0.2835723465630591,0.1592,3.1407035175879394
SR,6,1415,168.95889282226562,586.8593788146973,0.39153977176691246,0.6354364432102846,0.40366720105024123,0.1592,3.1407035175879394
SR,4,1416,9.395111083984375,450.0394592285156,0.32803348958109424,0.6325016544812812,0.384285946376768,0.1592,3.1407035175879394
SR,1,1417,171.87051391601562,300.67266845703125,0.295142185907261,0.4485616648607887,0.397421613000111,0.1592,3.1407035175879394
SR,12,1418,9.598602294921875,252.5861358642578,0.5214431883756476,0.6672323167262867,0.5145541590582297,0.1592,3.1407035175879394
SR,7,1419,172.017333984375,378.2358093261719,0.37889322844010864,0.7085682227570712,0.42895743324915375,0.1592,3.1407035175879394
SR,10,1420,10.2220458984375,385.9308166503906,0.2061563696441061,0.339416728086854,0.23848738653474746,0.1592,3.1407035175879394
SR,4,1421,13.27178955078125,479.72706604003906,0.20657642833870432,0.5944951628152287,0.2677607947466023,0.1592,3.1407035175879394
SR,3,1422,5.4765625,432.1001739501953,0.22148243823663374,0.37072789155241337,0.2531569530836707,0.1592,3.1407035175879394
SR,12,1423,12.923126220703125,297.64923095703125,0.22909812005165608,0.4166687834912597,0.2635509790981365,0.1592,3.1407035175879394
SR,3,1424,10.353240966796875,361.3905334472656,0.21164898386857198,0.36228417975013444,0.2681302277010926,0.1592,3.1407035175879394
SR,4,1425,166.73553466796875,401.3047409057617,0.2720773055245482,0.4642545832454398,0.3002282026948216,0.1592,3.1407035175879394
SR,13,1426,12.418182373046875,272.3826313018799,0.31119333379677755,0.8253784653164175,0.42846688978641934,0.1592,3.1407035175879394
SR,6,1427,166.4282684326172,291.11676025390625,0.41691859419213695,0.9104455186856277,0.48484152308565753,0.1592,3.1407035175879394
SR,7,1428,172.95498657226562,596.0390005111694,0.24826993481873166,0.42170903977342516,0.26801817002432005,0.1592,3.1407035175879394
SR,0,1429,174.92864990234375,424.8821258544922,0.42147227520273617,1.1016388145926441,0.5035109751218411,0.1592,3.1407035175879394
SR,4,1430,6.339385986328125,294.67315673828125,0.31421048768514603,0.7214594606582206,0.39837545338385133,0.1592,3.1407035175879394
SR,5,1431,172.56930541992188,413.4689636230469,0.23278379295054516,0.4340072667464133,0.30163357817642766,0.1592,3.1407035175879394
SR,2,1432,174.09466552734375,874.8803596496582,0.2797601000880731,0.5018915624707156,0.31804406232674115,0.1592,3.1407035175879394
SR,15,1433,168.13510131835938,239.1156997680664,0.368049792339001,0.536885156497209,0.42258967058197827,0.1592,3.1407035175879394
SR,4,1434,6.126129150390625,690.4673156738281,0.337115875665681,0.6553945348100583,0.4071559021610652,0.1592,3.1407035175879394
SR,15,1435,170.18093872070312,771.3108062744141,0.2912262483534977,0.6927952319673436,0.3554998625191392,0.1592,3.1407035175879394
SR,12,1436,170.25662231445312,718.3969573974609,0.2680215624113177,0.6608833758910437,0.3313531065763545,0.1592,3.1407035175879394
SR,4,1437,12.1448974609375,264.6514358520508,0.36030329270911576,0.8631740765326622,0.5342962795660255,0.1592,3.1407035175879394
SR,5,1438,174.80636596679688,764.1960296630859,0.31414015927932204,0.6415905979756656,0.35757439614534076,0.1592,3.1407035175879394
SR,9,1439,13.87896728515625,317.32647705078125,0.20841518423188812,0.49923319998951743,0.28470881924152497,0.1592,3.1407035175879394
SR,3,1440,172.8372039794922,459.7893981933594,0.3588389412351905,0.7335303081026917,0.44181878114266593,0.1592,3.1407035175879394
SR,14,1441,165.51646423339844,313.63602447509766,0.20457417308929576,0.32645653304383343,0.2553622630215952,0.1592,3.1407035175879394
SR,0,1442,10.551803588867188,598.7321472167969,0.27916629614005156,0.6716045056221037,0.3443561190442093,0.1592,3.1407035175879394
SR,13,1443,7.739654541015625,501.92352294921875,0.2228828558282193,0.38896412311577516,0.2507709865568728,0.1592,3.1407035175879394
SR,9,1444,165.69805908203125,258.8767890930176,0.23829101040900127,0.6041599476872502,0.31422023613830136,0.1592,3.1407035175879394
SR,11,1445,6.131416320800781,208.2499876022339,0.2056952948243993,0.5483491521413572,0.26947452261540555,0.1592,3.1407035175879394
SR,4,1446,167.22035217285156,302.2332077026367,0.21038058339326385,1.1638448733682156,0.3798869581611992,0.1592,3.1407035175879394
SR,7,1447,12.0618896484375,321.4728469848633,0.33142968256375555,0.7557892674976417,0.403010251455216,0.1592,3.1407035175879394
SR,3,1448,167.84442138671875,262.7039794921875,0.3654223203802194,0.5878807529669282,0.4217169219341325,0.1592,3.1407035175879394
SR,7,1449,14.1295166015625,530.3068542480469,0.22744788005842748,0.4233731107077738,0.28172310763995173,0.1592,3.1407035175879394
SR,13,1450,10.713165283203125,526.4295349121094,0.28516019184653707,0.4820548455332378,0.33230066220317,0.1592,3.1407035175879394
SR,6,1451,166.54290771484375,289.2394714355469,0.2183833538175985,0.36135089724909475,0.28054375603396364,0.1592,3.1407035175879394
SR,3,1452,166.5335464477539,503.86944580078125,0.2708782767142549,0.737934970567216,0.3622687837382751,0.1592,3.1407035175879394
SR,7,1453,170.8702392578125,481.46697998046875,0.24207176469207334,0.47783684296849105,0.284463343536547,0.1592,3.1407035175879394
SR,1,1454,173.510009765625,232.25616455078125,0.4151063202361918,0.582519741198644,0.45657900964261205,0.1592,3.1407035175879394
SR,8,1455,9.5091552734375,469.21889877319336,0.3043009367389182,0.8516865249729866,0.39322658454721154,0.1592,3.1407035175879394
SR,9,1456,166.82635498046875,428.18946838378906,0.5901669397874553,0.7657206214967833,0.6017858812532236,0.1592,3.1407035175879394
SR,9,1457,173.79097747802734,750.547721862793,0.30461997803516255,0.6293826999133977,0.35384725836149816,0.1592,3.1407035175879394
SR,5,1458,169.43899536132812,377.8931884765625,0.42938089141647634,0.6192673720729837,0.4569435120389408,0.1592,3.1407035175879394
SR,8,1459,174.23291015625,366.3834228515625,0.23218147234652128,0.7257183126489908,0.31834145123519275,0.1592,3.1407035175879394
SR,9,1460,166.42828369140625,264.4045352935791,0.33002888748994214,0.5828057283719577,0.3881456019490227,0.1592,3.1407035175879394
SR,9,1461,170.81649017333984,209.61996150016785,0.33275580997902443,0.43939570141078593,0.41818753990225355,0.1592,3.1407035175879394
SR,4,1462,173.2177276611328,849.3683929443359,0.42995102982932043,0.7585641641603041,0.4617215721618183,0.1592,3.1407035175879394
SR,1,1463,173.9283447265625,304.156494140625,0.2267738659453234,0.38744142066516946,0.29944327910578145,0.1592,3.1407035175879394
SR,6,1464,168.34030151367188,444.56707763671875,0.3966991920042922,0.5850289372966057,0.43828199271609336,0.1592,3.1407035175879394
SR,7,1465,170.61883544921875,334.0433654785156,0.47130038700054794,0.6348863435567305,0.5472849924120252,0.1592,3.1407035175879394
SR,3,1466,173.43203735351562,766.8726806640625,0.2882440953081752,0.5272856789834564,0.32853521513139117,0.1592,3.1407035175879394
SR,6,1467,166.24554443359375,739.9121704101562,0.3001822810728637,0.6189565059155373,0.34212812509728635,0.1592,3.1407035175879394
SR,1,1468,7.623504638671875,518.6213912963867,0.21621445297677314,0.353802011464539,0.2662376528636531,0.1592,3.1407035175879394
SR,7,1469,165.1817398071289,246.58203125,0.3579644837123986,0.891771500334678,0.5833866561804816,0.1592,3.1407035175879394
SR,15,1470,166.23782348632812,208.8222255706787,0.5352941642195922,0.8856848738762892,0.5869213136472569,0.1592,3.1407035175879394
SR,6,1471,8.378082275390625,348.0650405883789,0.3497643225559091,0.5207241503407326,0.3875109146819473,0.1592,3.1407035175879394
SR,15,1472,168.50308227539062,316.62095642089844,0.29071440016579847,1.3041217106700276,0.44151848079999384,0.1592,3.1407035175879394
SR,0,1473,170.1343994140625,205.16204833984375,0.22159522072111615,0.4029622071093118,0.2879137896320457,0.1592,3.1407035175879394
SR,2,1474,169.76531982421875,544.2078704833984,0.26087861618368985,0.479743516632704,0.3325993377038502,0.1592,3.1407035175879394
SR,11,1475,173.85418701171875,506.75282287597656,0.2780428700677079,0.4653832508026685,0.3134241438857685,0.1592,3.1407035175879394
SR,0,1476,8.85150146484375,268.3472595214844,0.20393853380511082,0.3426986517663252,0.3125269539846136,0.1592,3.1407035175879394
SR,4,1477,168.16273498535156,286.43535327911377,0.2482943575988824,0.37690443732029544,0.33498678186246716,0.1592,3.1407035175879394
SR,3,1478,5.3065185546875,610.5928955078125,0.26467534260761877,0.4619424600807264,0.3089361622077737,0.1592,3.1407035175879394
SR,6,1479,174.53695678710938,841.377311706543,0.32202653055056635,0.6106552894647371,0.366007970750154,0.1592,3.1407035175879394
SR,7,1480,9.865585327148438,213.05266571044922,0.23662369257971622,0.595323428932724,0.32759035696759914,0.1592,3.1407035175879394
SR,6,1481,11.310211181640625,353.394775390625,0.2258720529651351,0.38519265934535196,0.25100333105504224,0.1592,3.1407035175879394
SR,7,1482,11.9447021484375,594.9108200073242,0.2723810595546681,0.6294082607034741,0.34297332275119463,0.1592,3.1407035175879394
SR,8,1483,173.32089233398438,281.36767578125,0.410294091057373,0.6476465036345513,0.4556583890784414,0.1592,3.1407035175879394
SR,11,1484,5.987335205078125,212.81230926513672,0.505812914914565,0.6354963988784423,0.6145212196612768,0.1592,3.1407035175879394
SR,4,1485,166.05792236328125,777.3849716186523,0.2261599155983787,0.3861387202102092,0.2682410045213946,0.1592,3.1407035175879394
SR,12,1486,7.364013671875,497.55702209472656,0.34989736891770906,0.6824535478880936,0.3894399974593745,0.1592,3.1407035175879394
SR,12,1487,165.67559814453125,267.51002502441406,0.2304514179002899,0.4928336879600281,0.325184174567337,0.1592,3.1407035175879394
SR,7,1488,168.92961883544922,762.063232421875,0.32262717587357,0.5985229185408542,0.3626374887770811,0.1592,3.1407035175879394
SR,1,1489,167.19482421875,402.4287567138672,0.21607218599389016,0.3827497740222535,0.28464572992492887,0.1592,3.1407035175879394
SR,11,1490,14.860595703125,350.4065399169922,0.2167398835858831,0.3672286766816605,0.2385634104656167,0.1592,3.1407035175879394
SR,15,1491,11.12939453125,551.3491287231445,0.2271939385114319,0.3721083754242135,0.3104472131813214,0.1592,3.1407035175879394
SR,1,1492,12.5682373046875,452.4748229980469,0.3098566560744088,0.5907209075193577,0.39122663526801654,0.1592,3.1407035175879394
SR,7,1493,172.04312133789062,485.3098449707031,0.23309659144724876,0.46987921760127915,0.29221587753989237,0.1592,3.1407035175879394
SR,14,1494,167.0043716430664,255.06240844726562,0.2142049185739521,0.42751687916454123,0.35341950229968144,0.1592,3.1407035175879394
SR,2,1495,169.0770721435547,554.6482772827148,0.24918817050790495,0.4795953018747315,0.2890020221173874,0.1592,3.1407035175879394
SR,1,1496,7.523101806640625,342.1393508911133,0.39715148814636153,1.1289438375492553,0.5040116046980051,0.1592,3.1407035175879394
SR,2,1497,10.6922607421875,209.42864990234375,0.49920602525553426,0.8317868740275226,0.5789720722788303,0.1592,3.1407035175879394
SR,9,1498,6.339385986328125,257.640380859375,0.38027615243497515,0.8006752694310867,0.4690006443611744,0.1592,3.1407035175879394
SR,4,1499,10.09735107421875,596.3506164550781,0.36142606746281186,0.721287202174037,0.40878556040722597,0.1592,3.1407035175879394
SR,9,1500,171.45146942138672,475.52264404296875,0.3335366495251137,0.724866185288558,0.40515036031211277,0.1592,3.1407035175879394
SR,2,1501,11.634040832519531,592.061767578125,0.22329571774097184,0.3916317365226486,0.25600351535506166,0.1592,3.1407035175879394
SR,14,1502,174.38323974609375,623.6049194335938,0.26691365218403706,0.503904245503634,0.306720700503699,0.1592,3.1407035175879394
SR,1,1503,5.598541259765625,499.15411376953125,0.2088144458654172,0.8180524134475256,0.35362137703432106,0.1592,3.1407035175879394
SR,2,1504,165.8957977294922,484.66497802734375,0.2669618545417273,0.7594124342255214,0.3445248590130301,0.1592,3.1407035175879394
SR,0,1505,172.09349822998047,274.4914245605469,0.22264966448902027,0.7826731675208507,0.32247729676549824,0.1592,3.1407035175879394
SR,1,1506,7.205322265625,601.0140991210938,0.28675840943584285,0.48857158968298414,0.32504496639421854,0.1592,3.1407035175879394
SR,6,1507,14.5362548828125,225.94101774692535,0.3334358255006159,0.6688370804685542,0.4171354536156651,0.1592,3.1407035175879394
SR,1,1508,5.74334716796875,397.4048614501953,0.551321550487381,1.038452389276217,0.6051476965187441,0.1592,3.1407035175879394
SR,7,1509,8.129486083984375,273.6905975341797,0.29845322683856085,0.7642947291769272,0.38768724203033683,0.1592,3.1407035175879394
SR,13,1510,6.448738098144531,576.408935546875,0.24282557055838572,0.6214783889991042,0.3023041677697071,0.1592,3.1407035175879394
SR,5,1511,165.17156982421875,430.9768524169922,0.33260491173058393,0.8260218008776704,0.4319957458652818,0.1592,3.1407035175879394
SR,7,1512,11.75714111328125,360.44854736328125,0.21972281911826466,0.38020344744896517,0.2507656439153455,0.1592,3.1407035175879394
SR,0,1513,173.29095458984375,207.27796936035156,0.6221508362260326,0.8977266252180859,0.7151966503132181,0.1592,3.1407035175879394
SR,9,1514,5.84375,240.9336395263672,0.23838210227486423,0.4045693507163286,0.32234311512736935,0.1592,3.1407035175879394
SR,3,1515,10.222053527832031,642.8018646240234,0.2574034689010948,0.5275410399630908,0.31596156776544576,0.1592,3.1407035175879394
SR,1,1516,166.1471405029297,249.7917938232422,0.25324018816704985,0.37365674803307963,0.40547001881533107,0.1592,3.1407035175879394
SR,6,1517,174.16131591796875,756.2727966308594,0.2946820533844772,0.7427560465003192,0.3740502616074539,0.1592,3.1407035175879394
SR,14,1518,13.58941650390625,364.45841217041016,0.2884807098065734,0.5149353502072053,0.35358920893797136,0.1592,3.1407035175879394
SR,9,1519,172.48312377929688,426.1027374267578,0.33541403767679656,0.7307586612090023,0.4197202412143639,0.1592,3.1407035175879394
SR,4,1520,11.5755615234375,276.45989990234375,0.30828286921839937,0.7494755072531039,0.3784433523668754,0.1592,3.1407035175879394
SR,15,1521,14.282760620117188,679.8691291809082,0.2860886387172401,0.5864613764103176,0.33906932085712704,0.1592,3.1407035175879394
SR,14,1522,12.579742431640625,360.5848751068115,0.39884843713661794,1.4381947986063484,0.5815006048423261,0.1592,3.1407035175879394
SR,7,1523,171.02783203125,389.6670379638672,0.2356111381256572,0.44589091633730404,0.3275499801559785,0.1592,3.1407035175879394
SR,7,1524,9.38116455078125,237.7115478515625,0.41063243588739945,0.7440170171995513,0.4452995877480719,0.1592,3.1407035175879394
SR,3,1525,174.86102294921875,284.28765869140625,0.4631199366323899,0.7113672645563406,0.5254323215337338,0.1592,3.1407035175879394
SR,11,1526,172.07373046875,403.37107849121094,0.310549704482624,0.7168724487140019,0.4000956996331745,0.1592,3.1407035175879394
SR,5,1527,10.699386596679688,474.45216369628906,0.2095060196916816,0.34004532123222597,0.2522264543101607,0.1592,3.1407035175879394
SR,10,1528,167.08120727539062,377.93914794921875,0.23863664997288386,0.38831274907179725,0.2822631559047752,0.1592,3.1407035175879394
SR,1,1529,12.18927001953125,273.7099723815918,0.20099163757486166,0.5985186049083047,0.32203750159891537,0.1592,3.1407035175879394
SR,11,1530,6.8629150390625,457.2484436035156,0.21042928390241217,0.3527662119660792,0.23870518254543224,0.1592,3.1407035175879394
SR,8,1531,10.581642150878906,435.9718017578125,0.3780436451856771,0.616544268620419,0.3997533982310323,0.1592,3.1407035175879394
SR,0,1532,10.561004638671875,257.1939697265625,0.40919881243526607,0.6315117972426851,0.4719625049897811,0.1592,3.1407035175879394
SR,15,1533,166.60629272460938,268.5970458984375,0.3733730642066216,0.8817871222779592,0.44347856203616226,0.1592,3.1407035175879394
SR,2,1534,168.17803955078125,705.7094917297363,0.4152823987874904,0.7346145285794942,0.45152251905119334,0.1592,3.1407035175879394
SR,1,1535,172.30463409423828,265.9642276763916,0.4301308351354162,0.8646819524257465,0.5293912384436751,0.1592,3.1407035175879394
SR,1,1536,173.23460388183594,208.97503662109375,0.26427438237053913,1.4672560981851719,0.5250804280703092,0.1592,3.1407035175879394
SR,10,1537,10.771514892578125,390.5528106689453,0.20799027610270723,0.3407165810443827,0.23894379693554388,0.1592,3.1407035175879394
SR,6,1538,5.25299072265625,588.4115142822266,0.2414300716816551,0.6050256189367108,0.3112198469375585,0.1592,3.1407035175879394
SR,15,1539,13.2138671875,648.4817543029785,0.3019157195137546,0.8221214085187836,0.39009702644094724,0.1592,3.1407035175879394
SR,3,1540,9.46197509765625,368.8940658569336,0.14056879818188128,0.9764300591787731,0.5586245500505435,0.1592,3.1407035175879394
SR,5,1541,6.42266845703125,237.09117126464844,0.6936558207440853,1.2209517812526145,0.8516600196093003,0.1592,3.1407035175879394
SR,5,1542,13.86248779296875,295.67291259765625,0.21205648507938357,0.3545853555065847,0.2539823489584235,0.1592,3.1407035175879394
SR,0,1543,7.4124755859375,632.6682586669922,0.37911925032263055,0.6490848244284014,0.4142107060837971,0.1592,3.1407035175879394
SR,2,1544,174.04669189453125,285.1899108886719,0.23557090420279847,0.6837914685226465,0.3360190834857677,0.1592,3.1407035175879394
SR,4,1545,13.19171142578125,321.5460510253906,0.2965373857935766,0.721815005102642,0.39156489636562997,0.1592,3.1407035175879394
SR,10,1546,8.867782592773438,213.2054443359375,0.6367560540131997,1.5392198734445943,0.7628107381441709,0.1592,3.1407035175879394
SR,1,1547,169.27365112304688,365.56982421875,0.25039364220066385,0.43146940147741586,0.31573309300727115,0.1592,3.1407035175879394
SR,2,1548,174.74298095703125,733.8364853858948,0.24670444429861038,0.42602860311578067,0.27706279486016167,0.1592,3.1407035175879394
SR,12,1549,173.59927368164062,481.54400634765625,0.24903769727212693,0.3879856429217356,0.29633980645014535,0.1592,3.1407035175879394
SR,14,1550,166.2734375,246.78997802734375,0.20451759347513687,0.5110868794672081,0.26021969600393574,0.1592,3.1407035175879394
SR,11,1551,173.55126953125,234.1072597503662,0.5257540342931453,1.0250837501150907,0.6790677537140084,0.1592,3.1407035175879394
SR,4,1552,172.51982879638672,505.5971221923828,0.2926339139089164,0.675780429089764,0.36309221601853703,0.1592,3.1407035175879394
SR,6,1553,13.4871826171875,299.9966125488281,0.21293186176038567,0.36084978148214575,0.2856653934109478,0.1592,3.1407035175879394
SR,10,1554,167.79022216796875,602.1310424804688,0.2826485172716669,0.7558012309249157,0.3662886211170199,0.1592,3.1407035175879394
SR,10,1555,5.855194091796875,216.56557655334473,0.2642480192359735,0.4552544038277522,0.297547087770063,0.1592,3.1407035175879394
SR,15,1556,14.97491455078125,531.3462829589844,0.2806189043997558,0.735634532168889,0.35633969801623167,0.1592,3.1407035175879394
SR,4,1557,165.10455322265625,616.8915557861328,0.23239482250575913,0.701852000068369,0.306399478617936,0.1592,3.1407035175879394
SR,12,1558,10.980796813964844,224.43144130706787,0.27641734700633597,0.5088711642432616,0.32356819457305197,0.1592,3.1407035175879394
SR,10,1559,12.8486328125,355.8302307128906,0.20959563944640824,0.34148586264433733,0.24358831172380926,0.1592,3.1407035175879394
SR,15,1560,172.5326156616211,450.07820892333984,0.4151563768349675,0.6325769870401444,0.44329822281066633,0.1592,3.1407035175879394
SR,1,1561,13.571731567382812,295.67933654785156,0.3210123882154535,1.2205858788053388,0.4923428297212497,0.1592,3.1407035175879394
SR,7,1562,169.69524383544922,214.48922729492188,0.22106544952144508,0.9158915254029744,0.35204464246766953,0.1592,3.1407035175879394
SR,0,1563,6.16937255859375,494.10376739501953,0.2926273334489845,0.48047669076502936,0.35113629400344026,0.1592,3.1407035175879394
SR,12,1564,170.06610870361328,270.9255065917969,0.30717179313187926,0.9095369203971673,0.422283739141708,0.1592,3.1407035175879394
SR,9,1565,173.53097534179688,266.2516326904297,0.683110082930968,0.8183412686494478,1.2379605308451207,0.1592,3.1407035175879394
SR,10,1566,11.9766845703125,331.36837005615234,0.26980245245586365,0.655968135770259,0.3503368300620943,0.1592,3.1407035175879394
SR,14,1567,168.57849884033203,316.133056640625,0.3012901606975219,0.5441657495771874,0.37704998486612135,0.1592,3.1407035175879394
SR,13,1568,169.55441284179688,630.9837265014648,0.25646247094687924,0.730597391011606,0.35239003057600093,0.1592,3.1407035175879394
SR,3,1569,9.2674560546875,689.9270401000977,0.29579122967513993,0.68942938222538,0.36271272830304746,0.1592,3.1407035175879394
SR,7,1570,171.15867614746094,331.63475036621094,0.4676199974265084,0.8649966509534794,0.520251151055844,0.1592,3.1407035175879394
SR,14,1571,8.378089904785156,334.79679107666016,0.2907021190340074,0.7100566364258856,0.37017572958118294,0.1592,3.1407035175879394
SR,13,1572,6.880950927734375,226.48067092895508,0.5187313375667992,0.822436875273553,0.6220010327890131,0.1592,3.1407035175879394
SR,10,1573,13.87896728515625,332.61004638671875,0.22552055615412564,0.4409002028335287,0.2809251264034859,0.1592,3.1407035175879394
SR,3,1574,6.427947998046875,328.21690368652344,0.5127114095374445,1.1255442855453237,0.6130161822529862,0.1592,3.1407035175879394
SR,14,1575,169.88619995117188,666.8573150634766,0.2180228826156947,0.5087580261330293,0.2709545842480106,0.1592,3.1407035175879394
SR,14,1576,169.658447265625,211.09188842773438,0.123155769479065,0.18741954705516115,0.527384794046915,0.1592,3.1407035175879394
SR,10,1577,5.709785461425781,237.18112182617188,0.4931781292895251,0.6966586458958032,0.7298826826467231,0.1592,3.1407035175879394
SR,13,1578,173.55126190185547,998.0373764038086,0.4035650850406045,0.7198686576751866,0.42834135440363796,0.1592,3.1407035175879394
SR,5,1579,6.658416748046875,537.5200805664062,0.24930410014046517,0.7636351059619896,0.3489359987176599,0.1592,3.1407035175879394
SR,10,1580,172.01577758789062,657.5603866577148,0.4039188363023344,0.7057785493589535,0.4309410288538427,0.1592,3.1407035175879394
SR,7,1581,171.787841796875,270.14801025390625,0.2828819684478349,1.2733906627970877,0.5311191624735981,0.1592,3.1407035175879394
SR,0,1582,13.892654418945312,282.85057067871094,0.3112540209584485,0.7734910833622244,0.3815068514049743,0.1592,3.1407035175879394
SR,0,1583,172.5291748046875,495.5803527832031,0.28242697272751577,0.6435757680072052,0.32243544837773924,0.1592,3.1407035175879394
SR,1,1584,173.79098510742188,358.8131408691406,0.6141079179830425,1.1471374625993271,0.766155464598387,0.1592,3.1407035175879394
SR,10,1585,173.45449829101562,263.49842834472656,0.22731803400226702,0.36587480032403435,0.31302215547702184,0.1592,3.1407035175879394
SR,2,1586,170.31149291992188,207.00078201293945,0.507654315156275,0.7101812124918412,0.5979525199497525,0.1592,3.1407035175879394
SR,7,1587,7.02764892578125,414.9340286254883,0.2498986978565171,0.9683425556227736,0.3692957632930718,0.1592,3.1407035175879394
SR,5,1588,5.571380615234375,512.3242034912109,0.2569531621732121,0.8331139341773443,0.3601398104785687,0.1592,3.1407035175879394
SR,8,1589,172.04312896728516,219.63499450683594,0.2152764925771994,0.3969179912711713,0.3358079127098045,0.1592,3.1407035175879394
SR,9,1590,8.701705932617188,200.17526245117188,0.4796118635078894,1.458732096841273,0.7011211878238666,0.1592,3.1407035175879394
SR,6,1591,170.58206176757812,580.3274230957031,0.2696348377735916,0.6492769801193882,0.34015768396236107,0.1592,3.1407035175879394
SR,9,1592,174.7195587158203,279.779541015625,0.3977866201373289,0.6462287224329064,0.4200742314972572,0.1592,3.1407035175879394
SR,13,1593,6.158355712890625,603.1463012695312,0.21971085966090706,0.5877399952319512,0.28394823039436695,0.1592,3.1407035175879394
SR,15,1594,165.96221923828125,216.43572998046875,0.29150690016310143,0.8235490811308426,0.369817085290502,0.1592,3.1407035175879394
SR,5,1595,5.825531005859375,616.7504425048828,0.24489367837154746,0.8082017393763642,0.3409620541934422,0.1592,3.1407035175879394
SR,10,1596,173.17962646484375,433.83567810058594,0.4948880069504084,0.8277866289334115,0.5109909270046483,0.1592,3.1407035175879394
SR,5,1597,7.732917785644531,242.42510986328125,0.19831417169662371,1.7906612449401798,0.5347975327173509,0.1592,3.1407035175879394
SR,1,1598,12.953765869140625,303.81781005859375,0.21123927552326732,0.3503193549921337,0.2987713669061114,0.1592,3.1407035175879394
SR,3,1599,7.403007507324219,824.6161041259766,0.2934374239285277,0.6248702125871921,0.3304915206734304,0.1592,3.1407035175879394
SR,11,1600,6.5655059814453125,338.13523292541504,0.34838998358746925,0.8704054324221601,0.44397985855987326,0.1592,3.1407035175879394
SR,14,1601,166.3716812133789,317.2245407104492,0.2506554127976571,0.605005239380043,0.35859513080131317,0.1592,3.1407035175879394
SR,15,1602,9.304397583007812,224.12279987335205,0.3920506140710634,0.5565738801960027,0.465625236400265,0.1592,3.1407035175879394
SR,5,1603,171.64984130859375,723.3145599365234,0.2692509739798473,0.6608732012706262,0.33009090830960097,0.1592,3.1407035175879394
SR,3,1604,166.05279541015625,433.67384338378906,0.2339758673075342,0.4535558071159974,0.31257997770853996,0.1592,3.1407035175879394
SR,2,1605,14.32440185546875,266.4156494140625,0.3199164942183717,0.5349903604252617,0.4035106259158311,0.1592,3.1407035175879394
SR,14,1606,5.43951416015625,332.94697189331055,0.33541978855187154,1.3106426123502428,0.5032204762984527,0.1592,3.1407035175879394
SR,1,1607,5.241020202636719,830.2201690673828,0.3063819404975631,0.6420250657705131,0.3542012390924118,0.1592,3.1407035175879394
SR,1,1608,6.60406494140625,228.068115234375,0.4313830279084094,0.7091354925288487,0.4668499076702098,0.1592,3.1407035175879394
SR,2,1609,8.035064697265625,242.8563232421875,0.313091332136787,0.8908208408942281,0.3851269980602306,0.1592,3.1407035175879394
SR,2,1610,173.74676513671875,258.91400146484375,0.3013723261557085,0.5245178846011325,0.3749711503583034,0.1592,3.1407035175879394
SR,7,1611,13.92242431640625,280.1162414550781,0.22646222325949497,0.4323961068800753,0.29837781995644297,0.1592,3.1407035175879394
SR,11,1612,9.141220092773438,341.6719970703125,0.28292700173985214,0.6889350832574767,0.36254057603807494,0.1592,3.1407035175879394
SR,0,1613,172.98426055908203,223.61843872070312,0.4735829111174346,1.0375980791010222,0.5791424503435858,0.1592,3.1407035175879394
SR,6,1614,14.5582275390625,247.9498291015625,0.23907137307610038,0.7602756564366607,0.31237634189051616,0.1592,3.1407035175879394
SR,3,1615,8.796905517578125,418.9841613769531,0.2176879981162459,0.38496623038648503,0.2641798295115762,0.1592,3.1407035175879394
SR,2,1616,8.41412353515625,465.9117889404297,0.22342996008376748,0.3681236172531942,0.2903519657707536,0.1592,3.1407035175879394
SR,10,1617,10.0078125,407.0315856933594,0.4045503111699067,0.6757243274057382,0.43825179365292144,0.1592,3.1407035175879394
SR,9,1618,173.3208999633789,271.1657485961914,0.558161143993995,1.7155724750759622,0.7399621786112105,0.1592,3.1407035175879394
SR,6,1619,167.82791137695312,468.5211486816406,0.23290909807128693,0.42748341419664454,0.2784789788407881,0.1592,3.1407035175879394
SR,3,1620,172.09349822998047,293.28875732421875,0.3151700294283345,0.6447737455343161,0.37918825119644,0.1592,3.1407035175879394
SR,8,1621,167.9444580078125,598.1139373779297,0.2756256291267982,0.6010858590089311,0.33051538308363565,0.1592,3.1407035175879394
SR,15,1622,5.3043060302734375,589.530517578125,0.3850265497562923,0.6861010832624983,0.42454573710743876,0.1592,3.1407035175879394
SR,12,1623,8.812408447265625,510.61480712890625,0.3621710991478847,0.7644161744963053,0.4150560122829275,0.1592,3.1407035175879394
SR,5,1624,174.1447982788086,848.46142578125,0.3146825380103881,0.6472699410656597,0.3717505713019768,0.1592,3.1407035175879394
SR,0,1625,13.20220947265625,287.50750732421875,0.327214405603651,0.5221349764295915,0.3864238509658523,0.1592,3.1407035175879394
SR,11,1626,172.28878784179688,514.3119430541992,0.26102042350513505,0.4431492303658691,0.2826982409856809,0.1592,3.1407035175879394
SR,15,1627,10.12451171875,374.77127838134766,0.3349891162708599,0.607190283004804,0.3861090770433247,0.1592,3.1407035175879394
SR,5,1628,12.90203857421875,301.5894470214844,0.20595414287157288,0.34078490733164113,0.2627740209002572,0.1592,3.1407035175879394
SR,2,1629,165.49806213378906,777.1889181137085,0.39557537058539544,0.6251488293692036,0.41551853291135765,0.1592,3.1407035175879394
SR,12,1630,171.87051391601562,274.67327880859375,0.3301789379008898,0.5799406706500899,0.38766850698791927,0.1592,3.1407035175879394
SR,9,1631,12.07586669921875,224.1004638671875,0.40524405673289376,0.676038211764766,0.4839350475406686,0.1592,3.1407035175879394
SR,8,1632,10.15411376953125,309.2665100097656,0.20742508336473178,0.6577884822527779,0.3050026449026193,0.1592,3.1407035175879394
SR,13,1633,168.0233154296875,708.2134308815002,0.3404068593271983,0.6178587438481107,0.39009479799611496,0.1592,3.1407035175879394
SR,1,1634,171.3848876953125,487.31298828125,0.27211215383381476,0.48344133157374986,0.31064725208490934,0.1592,3.1407035175879394
SR,4,1635,173.66061401367188,389.0230712890625,0.31569130270402934,0.5784522139697632,0.38693561751030425,0.1592,3.1407035175879394
SR,5,1636,9.903961181640625,299.897705078125,0.3141722243585552,0.5690639437162162,0.38743049176743277,0.1592,3.1407035175879394
SR,6,1637,166.8897247314453,317.32318115234375,0.4166271666425687,0.6898141367040703,0.42978387207210234,0.1592,3.1407035175879394
SR,9,1638,6.5619049072265625,440.58465576171875,0.3194913203263057,0.7957918375203723,0.39902164872961543,0.1592,3.1407035175879394
SR,13,1639,6.52703857421875,294.5906982421875,0.3243191298819567,0.8190726121682644,0.42293381944664954,0.1592,3.1407035175879394
SR,12,1640,13.333961486816406,713.8461029529572,0.3089059491911546,0.6746389264498661,0.36483149182202934,0.1592,3.1407035175879394
SR,4,1641,14.03778076171875,217.701171875,0.5712220509564775,0.7762312470494412,0.5120475240193317,0.1592,3.1407035175879394
SR,2,1642,168.11083221435547,229.947021484375,0.43683667697327094,0.8035783134384782,0.46409764946479315,0.1592,3.1407035175879394
SR,7,1643,165.49806213378906,286.7802429199219,0.2200910551833743,0.3918493670082351,0.26418107145172826,0.1592,3.1407035175879394
SR,6,1644,13.255859375,287.592041015625,0.2265006520532427,0.3883292737620992,0.25332639651693606,0.1592,3.1407035175879394
SR,14,1645,6.967498779296875,395.0970764160156,0.2914804452219916,0.556665789746334,0.3265586974064251,0.1592,3.1407035175879394
SR,6,1646,173.404052734375,288.8313293457031,0.3798674142453632,0.53757357084326,0.42855858549928455,0.1592,3.1407035175879394
SR,10,1647,13.449851989746094,759.8117332458496,0.24626202987472362,0.4858736230510367,0.2969612560903913,0.1592,3.1407035175879394
SR,0,1648,11.41876220703125,220.81451416015625,0.3785928246980099,0.6499025590165954,0.42977211760718553,0.1592,3.1407035175879394
SR,11,1649,14.03778076171875,328.5275573730469,0.211286645457275,0.35617968909252623,0.2377718143389898,0.1592,3.1407035175879394
SR,12,1650,170.26602172851562,417.1266174316406,0.29604684369955786,0.735257975947052,0.36017752660685726,0.1592,3.1407035175879394
SR,10,1651,14.26617431640625,450.34327697753906,0.3317344809221949,0.6028606818782997,0.37314657853112193,0.1592,3.1407035175879394
SR,9,1652,173.18256378173828,550.7736206054688,0.24545048300043804,0.5041944258180278,0.2890683624433614,0.1592,3.1407035175879394
SR,9,1653,14.03778076171875,290.36458587646484,0.21524642814185102,0.356824464767578,0.2644070839015334,0.1592,3.1407035175879394
SR,10,1654,8.442626953125,370.8270263671875,0.2799614280974675,0.8440490913434578,0.38217053948737795,0.1592,3.1407035175879394
SR,3,1655,173.5419921875,259.68094635009766,0.240443281403106,0.5322300558617293,0.3529170177199517,0.1592,3.1407035175879394
SR,13,1656,171.95773315429688,297.62335205078125,0.3248709303572274,0.6186078756269171,0.37029976930221226,0.1592,3.1407035175879394
SR,3,1657,171.0987548828125,277.31443786621094,0.3674830216881999,0.7586660570665532,0.4302765346574918,0.1592,3.1407035175879394
SR,10,1658,14.124763488769531,285.43871307373047,0.3026333987800928,0.4658926464956478,0.34843981396550205,0.1592,3.1407035175879394
SR,6,1659,7.3603515625,293.4405994415283,0.41113022214043715,0.9651972568721824,0.473848844624046,0.1592,3.1407035175879394
SR,9,1660,13.909248352050781,666.8631286621094,0.20544021910795116,0.6792153188199547,0.28474895515130777,0.1592,3.1407035175879394
SR,6,1661,173.10833740234375,535.6484527587891,0.22180130978039736,0.39720457662223885,0.31199652579716575,0.1592,3.1407035175879394
SR,3,1662,167.5343017578125,447.2328186035156,0.2135695508553617,0.3523486341319453,0.286232504947462,0.1592,3.1407035175879394
SR,15,1663,171.40145874023438,267.88372802734375,0.308774626919271,0.556708147858976,0.39030370673535614,0.1592,3.1407035175879394
SR,1,1664,12.04315185546875,284.52442932128906,0.45430744478417645,1.037048226817613,0.5449873841181632,0.1592,3.1407035175879394
SR,14,1665,6.679100036621094,319.70628356933594,0.2551362054292151,0.9005003976933158,0.36918278284480294,0.1592,3.1407035175879394
SR,2,1666,6.693443298339844,446.3580322265625,0.35668419649791167,1.0944311734168697,0.45298866701447493,0.1592,3.1407035175879394
SR,7,1667,168.1658706665039,656.4926300048828,0.24597800474566356,0.4205515097762038,0.2748634425467146,0.1592,3.1407035175879394
SR,8,1668,8.851516723632812,717.1792144775391,0.27215739941874273,0.5309451274818929,0.3152930839608978,0.1592,3.1407035175879394
SR,3,1669,168.6897964477539,215.26824951171875,0.43124093785870476,0.6477901296704501,0.4801960270714375,0.1592,3.1407035175879394
SR,11,1670,13.723663330078125,367.8129119873047,0.22974659979830647,0.5481435349648126,0.2941622589979538,0.1592,3.1407035175879394
SR,6,1671,165.00611877441406,334.8041229248047,0.21048581346908649,0.49230012132721745,0.3155373770599698,0.1592,3.1407035175879394
SR,4,1672,165.8901138305664,512.5068359375,0.2167459047682372,0.35646205007781273,0.2490548816162639,0.1592,3.1407035175879394
SR,6,1673,165.34139251708984,763.7149600982666,0.2994965695888174,0.4955333831887258,0.322070033173223,0.1592,3.1407035175879394
SR,0,1674,174.21841430664062,415.2855796813965,0.29969700803020455,0.7915544204728083,0.42122830207554385,0.1592,3.1407035175879394
SR,9,1675,5.393699645996094,321.00475311279297,0.3755085694829382,0.5695104355798083,0.4259489571780081,0.1592,3.1407035175879394
SR,4,1676,5.747856140136719,448.02484130859375,0.22548680615271297,0.8398750252276159,0.3814034990778534,0.1592,3.1407035175879394
SR,6,1677,172.92721557617188,211.47077178955078,0.493004267138273,0.7544824755743739,0.5815732942639771,0.1592,3.1407035175879394
SR,4,1678,166.53353881835938,427.7438507080078,0.2405614891983508,0.4220369406018284,0.28838351558371506,0.1592,3.1407035175879394
SR,4,1679,166.38894653320312,295.0531005859375,0.24419072430535704,0.48901083127596023,0.2923567593660751,0.1592,3.1407035175879394
SR,8,1680,7.051544189453125,831.3798599243164,0.2819011464886158,0.6705032676769904,0.3325005030060151,0.1592,3.1407035175879394
SR,0,1681,170.6188507080078,439.6461639404297,0.4013939040038169,0.6241315114032963,0.4327715746444139,0.1592,3.1407035175879394
SR,11,1682,167.21855926513672,251.55657958984375,0.22678561317869067,0.5306942309249268,0.3113164720203008,0.1592,3.1407035175879394
SR,3,1683,10.81396484375,442.1335144042969,0.25466495276285833,0.7592604446791607,0.33160384593621567,0.1592,3.1407035175879394
SR,6,1684,172.93402862548828,216.5145263671875,0.1889838172603296,0.5198464960998258,0.28024577892466745,0.1592,3.1407035175879394
SR,8,1685,169.59234619140625,714.5552701950073,0.3466278316703762,0.6696623426702888,0.38422946597883256,0.1592,3.1407035175879394
SR,3,1686,168.6897964477539,272.2674560546875,0.5354377148150606,0.6737959827199396,0.7390195363467084,0.1592,3.1407035175879394
SR,4,1687,170.6112060546875,740.8178749084473,0.33328731316510823,0.6499721059014455,0.37029071982992967,0.1592,3.1407035175879394
SR,0,1688,168.31021118164062,727.4648742675781,0.34868801639160973,0.7046044591391657,0.3934119633788268,0.1592,3.1407035175879394
SR,8,1689,166.60629272460938,223.0723876953125,0.3976980772128225,0.6830788460492175,0.4526863196231752,0.1592,3.1407035175879394
SR,15,1690,12.822265625,357.2872848510742,0.30165299900618214,0.6329077820561942,0.34864823518816124,0.1592,3.1407035175879394
SR,0,1691,5.159080505371094,257.18306732177734,0.621209848977814,1.4819553081474266,0.6745665311642532,0.1592,3.1407035175879394
SR,13,1692,12.01202392578125,392.7064971923828,0.22526966037777585,0.4237603689959536,0.26669188395061244,0.1592,3.1407035175879394
SR,9,1693,172.16514587402344,212.86328125,0.28847031186382643,0.50787018060171,0.40208901165769284,0.1592,3.1407035175879394
SR,5,1694,8.285202026367188,743.6673431396484,0.24744788816111837,0.6476523483754352,0.3001734062103304,0.1592,3.1407035175879394
SR,4,1695,167.9046630859375,319.4012908935547,0.2315219565108662,0.4104559661918572,0.2900814576409101,0.1592,3.1407035175879394
SR,13,1696,6.581146240234375,722.2055358886719,0.2951402566008734,0.8064378397350048,0.38992272991653126,0.1592,3.1407035175879394
SR,8,1697,13.09295654296875,461.7356414794922,0.3471695695956644,0.5990232631236554,0.3850861548240782,0.1592,3.1407035175879394
SR,13,1698,6.6317291259765625,568.9701232910156,0.22616642572047077,0.6086787351559647,0.2846627774204937,0.1592,3.1407035175879394
SR,7,1699,167.08120727539062,418.35082244873047,0.2398999789447949,0.46414694575394067,0.32717990840714417,0.1592,3.1407035175879394
SR,13,1700,168.43951416015625,282.6974182128906,0.24128745867450616,0.4652780454810016,0.28000529147820574,0.1592,3.1407035175879394
SR,8,1701,171.02783203125,217.5543670654297,0.33888339973430504,1.4747020742789472,0.4864247606765365,0.1592,3.1407035175879394
SR,5,1702,6.91046142578125,425.7322998046875,0.3111827352668598,0.8371252496509937,0.425075484590661,0.1592,3.1407035175879394
SR,7,1703,168.90609741210938,236.0404052734375,0.3660162837296038,0.6177300766947984,0.46892783688802514,0.1592,3.1407035175879394
SR,13,1704,8.944915771484375,462.9950866699219,0.20259927586161264,0.32318768941285325,0.24236124487224195,0.1592,3.1407035175879394
SR,4,1705,166.67827606201172,271.5321807861328,0.4884267512799032,1.3078996391078421,0.5656054004910986,0.1592,3.1407035175879394
SR,15,1706,8.97216796875,313.9098815917969,0.17948918602750355,0.5733721683714029,0.3167802786256243,0.1592,3.1407035175879394
SR,15,1707,9.14666748046875,505.8902282714844,0.2153139796041806,0.3539268082626508,0.24369178185106052,0.1592,3.1407035175879394
SR,15,1708,174.64495849609375,349.8635711669922,0.48206701385532386,0.6800521707489603,0.5191517222336909,0.1592,3.1407035175879394
SR,2,1709,10.999374389648438,238.55921173095703,0.19234769170414728,0.8795471623599586,0.34923550199562836,0.1592,3.1407035175879394
SR,15,1710,173.3415756225586,904.8825302124023,0.360339886775097,0.6283801285626539,0.37819098533142076,0.1592,3.1407035175879394
SR,7,1711,166.1742706298828,318.42169189453125,0.3838370839894587,0.5921988032766982,0.4249301360943179,0.1592,3.1407035175879394
SR,0,1712,167.87564849853516,249.91020584106445,0.23814368765505944,0.43096484825643466,0.3604322084548634,0.1592,3.1407035175879394
SR,6,1713,171.95157623291016,702.7783355712891,0.28572066867794027,0.7076852808087947,0.3516240424381355,0.1592,3.1407035175879394
SR,8,1714,5.8687744140625,387.8743896484375,0.24984210641216223,0.4309398666507559,0.30417828329244445,0.1592,3.1407035175879394
SR,7,1715,166.3438720703125,208.97021484375,0.4351048880290621,0.7521152687865157,0.481118077438975,0.1592,3.1407035175879394
SR,13,1716,166.42828369140625,441.7511224746704,0.3724081753525049,0.7364067856937788,0.4127727318441041,0.1592,3.1407035175879394
SR,8,1717,166.07376098632812,651.7003784179688,0.2930941664183392,0.7822642134757635,0.3765610562363667,0.1592,3.1407035175879394
SR,8,1718,12.339797973632812,308.7242431640625,0.30164658373306663,0.6726291140602558,0.3640164490362489,0.1592,3.1407035175879394
SR,13,1719,12.995635986328125,317.6259765625,0.21260008199839545,0.7636527797195735,0.30540642206806895,0.1592,3.1407035175879394
SR,9,1720,5.825531005859375,222.6939926147461,0.6563585803198847,1.1409395424489541,0.8930560609006354,0.1592,3.1407035175879394
SR,10,1721,7.157066345214844,428.67344665527344,0.38852719910659483,0.6013370452940296,0.4073706179782739,0.1592,3.1407035175879394
SR,4,1722,170.8702392578125,393.1177978515625,0.278182001293685,0.7638866497880382,0.36838907513655744,0.1592,3.1407035175879394
SR,8,1723,174.17446899414062,864.9545440673828,0.36003964293565244,0.6509656655572548,0.3999452748767044,0.1592,3.1407035175879394
SR,0,1724,174.53170776367188,391.07688903808594,0.3376808362249396,1.4034581786852272,0.47630051537896567,0.1592,3.1407035175879394
SR,6,1725,6.519012451171875,518.0282745361328,0.20447735275069379,0.3529610928169329,0.2864679399451906,0.1592,3.1407035175879394
SR,6,1726,165.57748413085938,222.1832275390625,0.22751496965615278,0.3871322187938204,0.27636506347700573,0.1592,3.1407035175879394
SR,0,1727,170.59503936767578,382.83648681640625,0.3997171453338617,0.6207300709222325,0.41952917054552935,0.1592,3.1407035175879394
SR,11,1728,7.159698486328125,447.99420166015625,0.2105207238012204,0.35349862239740454,0.24549501903488793,0.1592,3.1407035175879394
SR,5,1729,10.784378051757812,308.2295227050781,0.28603105129412604,1.0702016005446853,0.43522890995171193,0.1592,3.1407035175879394
SR,3,1730,168.12923431396484,263.5224609375,0.5360722065053797,0.6694729304977047,0.7524823688721488,0.1592,3.1407035175879394
SR,3,1731,172.51983642578125,396.3046569824219,0.21595800165147583,0.370080865953456,0.2708879220340373,0.1592,3.1407035175879394
SR,2,1732,9.124588012695312,250.531982421875,0.511874842144891,0.7030350344331721,0.6293945855544569,0.1592,3.1407035175879394
SR,11,1733,167.9046630859375,384.693603515625,0.259242716006845,0.45487196199028196,0.284623167246637,0.1592,3.1407035175879394
SR,3,1734,172.8072738647461,287.0731201171875,0.4286747382352021,0.6002914045104131,0.4662477147749954,0.1592,3.1407035175879394
SR,9,1735,8.3250732421875,595.7194690704346,0.2883830089146107,0.6505239975129765,0.3649676680414534,0.1592,3.1407035175879394
SR,15,1736,166.54290771484375,545.7849888801575,0.2908608056363026,0.7636822046216568,0.3813001547030982,0.1592,3.1407035175879394
SR,7,1737,169.33018493652344,521.7556304931641,0.2206296065896568,0.377044847984627,0.2519901509963598,0.1592,3.1407035175879394
SR,12,1738,172.69497680664062,222.01373291015625,0.2250178186025191,0.5692547027617662,0.30545999496226334,0.1592,3.1407035175879394
SR,15,1739,6.4100341796875,537.2567901611328,0.3512442261307333,0.6278666528422737,0.39427092623504656,0.1592,3.1407035175879394
SR,9,1740,6.756317138671875,457.4335479736328,0.21814890804436926,0.37466501555033904,0.2665247771417752,0.1592,3.1407035175879394
SR,5,1741,5.41107177734375,525.1767959594727,0.3465161949528535,0.6370978947337614,0.394639415874429,0.1592,3.1407035175879394
SR,4,1742,9.218536376953125,227.10409545898438,0.2237147201121967,0.5508121758001393,0.2934924093860169,0.1592,3.1407035175879394
SR,8,1743,10.341552734375,385.5008544921875,0.19867990047445827,0.3136887436910418,0.26418270095545177,0.1592,3.1407035175879394
SR,1,1744,13.277557373046875,328.5377502441406,0.22670634160707248,0.4167200440914616,0.3123627822385778,0.1592,3.1407035175879394
SR,9,1745,168.09521484375,207.88580322265625,0.3801602506561821,0.5754429807144591,0.42641787655869773,0.1592,3.1407035175879394
SR,8,1746,166.52559661865234,727.7409210205078,0.25068872490235095,0.5230804357596451,0.2955155330015423,0.1592,3.1407035175879394
SR,1,1747,165.1786346435547,203.29046630859375,0.255034916421317,0.8576734457218913,0.3918444560244025,0.1592,3.1407035175879394
SR,13,1748,173.19171142578125,323.5438537597656,0.18294921956315657,0.28165631570453165,0.24616670957378908,0.1592,3.1407035175879394
SR,13,1749,6.765380859375,338.29923248291016,0.22841680730006753,0.3786991258962353,0.2819407674549475,0.1592,3.1407035175879394
SR,5,1750,8.129478454589844,284.1066246032715,0.36204300268967254,0.9722496225097658,0.4934436639183816,0.1592,3.1407035175879394
SR,0,1751,174.29021453857422,275.22259521484375,0.264919616446828,0.638719556820691,0.3793389938190233,0.1592,3.1407035175879394
SR,3,1752,167.58181762695312,524.4527282714844,0.2349701905635174,0.5420376777049046,0.2903385938906234,0.1592,3.1407035175879394
SR,3,1753,6.427947998046875,808.2961769104004,0.32631805456861634,0.7313742471614912,0.3864665882589984,0.1592,3.1407035175879394
SR,8,1754,13.987625122070312,318.2372817993164,0.3459679501095153,0.5043330477806736,0.4003243517199643,0.1592,3.1407035175879394
SR,11,1755,165.35626220703125,245.03242874145508,0.2440758914931204,0.6752299306305174,0.3313754457657473,0.1592,3.1407035175879394
SR,4,1756,7.965126037597656,294.9536952972412,0.424498586563041,0.7129271819307307,0.46063257464975227,0.1592,3.1407035175879394
SR,9,1757,169.41836547851562,414.49356842041016,0.19993942714188967,0.5430955303352145,0.29277702608179706,0.1592,3.1407035175879394
SR,0,1758,12.459007263183594,203.88732719421387,0.2335157277533796,0.40662546154780044,0.34196072900971985,0.1592,3.1407035175879394
SR,5,1759,8.84130859375,210.2591552734375,0.19493159109704775,0.6348242740654464,0.31278412288929985,0.1592,3.1407035175879394
SR,8,1760,170.08367919921875,428.0649719238281,0.3003106800456769,0.7350682472569322,0.3966813064332415,0.1592,3.1407035175879394
SR,13,1761,168.68978881835938,469.541467666626,0.22278630922395584,0.43262411041047744,0.29173081887864877,0.1592,3.1407035175879394
SR,2,1762,11.78521728515625,418.2570495605469,0.4283073096283999,1.1551274746462719,0.5017599991031912,0.1592,3.1407035175879394
SR,4,1763,169.0948486328125,391.6603698730469,0.24684488048781741,0.40017393624037545,0.2930947814102229,0.1592,3.1407035175879394
SR,14,1764,8.513427734375,485.867919921875,0.2217954901630621,0.3764487867677461,0.23673090830166824,0.1592,3.1407035175879394
SR,4,1765,171.15867614746094,202.4713134765625,0.2607646569570007,0.4877476804842721,0.3122964000027222,0.1592,3.1407035175879394
SR,6,1766,167.9046630859375,623.0283622741699,0.39101944383522474,0.7205672463946635,0.42426562576471927,0.1592,3.1407035175879394
SR,10,1767,6.5618896484375,405.34803771972656,0.535272005142667,1.0167844030173276,0.6141322542797427,0.1592,3.1407035175879394
SR,15,1768,12.00286865234375,548.8479309082031,0.2807982468984395,0.6836230377741798,0.3660556392641588,0.1592,3.1407035175879394
SR,9,1769,170.0802001953125,346.9590148925781,0.20271139514944939,0.36355052172931357,0.27644304117616664,0.1592,3.1407035175879394
SR,11,1770,7.754539489746094,820.4490585327148,0.25065888230030675,0.6713359085160815,0.301387036808738,0.1592,3.1407035175879394
SR,0,1771,172.8372039794922,749.8111572265625,0.4268018280454464,0.7464543672267914,0.46001379398797837,0.1592,3.1407035175879394
SR,5,1772,174.14480590820312,610.6616744995117,0.35800770562276607,0.6103533212092038,0.3907908703969503,0.1592,3.1407035175879394
SR,14,1773,5.4272918701171875,892.4615631103516,0.25821176840418697,0.755632449631151,0.3385588987423683,0.1592,3.1407035175879394
SR,0,1774,165.80728149414062,309.3663024902344,0.23204246164938686,0.3945224376859737,0.2929275916042813,0.1592,3.1407035175879394
SR,0,1775,8.129486083984375,352.96729278564453,0.4447316799782403,1.0272760774411982,0.5083829975646309,0.1592,3.1407035175879394
SR,2,1776,5.863067626953125,288.58721923828125,0.4717000812248558,1.5571203653889623,0.571355419411867,0.1592,3.1407035175879394
SR,6,1777,9.461982727050781,286.25979232788086,0.3413559639150536,1.1383488541647833,0.44132409975325787,0.1592,3.1407035175879394
SR,7,1778,7.538734436035156,322.08685302734375,0.25768261102893913,0.8255656466201613,0.4471292349670185,0.1592,3.1407035175879394
SR,6,1779,11.475868225097656,256.4463109970093,0.26756587324297143,0.45831434372782026,0.33895294465728326,0.1592,3.1407035175879394
SR,6,1780,173.10833740234375,417.50958251953125,0.23299700734511586,0.4323053738667444,0.2808943402820504,0.1592,3.1407035175879394
SR,13,1781,166.13751220703125,491.85848236083984,0.2344186323264563,0.4022131891031213,0.2615514661021789,0.1592,3.1407035175879394
SR,14,1782,8.54473876953125,486.3606262207031,0.21302274610954847,0.36638017768046904,0.254983824926976,0.1592,3.1407035175879394
SR,6,1783,171.41260528564453,905.0423278808594,0.33892810909767956,0.6330595081842899,0.377824503058818,0.1592,3.1407035175879394
SR,1,1784,171.87051391601562,582.2016563415527,0.25163458483922035,0.42100886729104037,0.3137737863955097,0.1592,3.1407035175879394
SR,4,1785,8.577171325683594,258.72430419921875,0.32638695943139806,0.5991094759970305,0.4011869946476855,0.1592,3.1407035175879394
SR,12,1786,168.25391387939453,383.51914978027344,0.4861660202326608,0.6544671881445061,0.627252955647652,0.1592,3.1407035175879394
SR,8,1787,10.84039306640625,242.28255462646484,0.464240983669065,0.7265169764375486,0.527201378124242,0.1592,3.1407035175879394
SR,11,1788,8.248741149902344,721.5545272827148,0.2865144294390733,0.6369004154998902,0.3335162092531646,0.1592,3.1407035175879394
SR,12,1789,168.11083984375,396.1762466430664,0.2681081927865354,0.7130004097646601,0.3297291585743976,0.1592,3.1407035175879394
SR,13,1790,7.64996337890625,224.44577884674072,0.47998266518993016,0.6227099318911472,0.530692031266634,0.1592,3.1407035175879394
SR,2,1791,166.92962646484375,299.6092224121094,0.414438615804799,0.675417573911339,0.4686269963329222,0.1592,3.1407035175879394
SR,5,1792,169.31876373291016,556.0190582275391,0.3924442857159273,0.5546237551922119,0.4335849949876233,0.1592,3.1407035175879394
SR,10,1793,169.67041015625,489.5551300048828,0.2200899186987025,0.36934580638012116,0.26333100912089513,0.1592,3.1407035175879394
SR,14,1794,173.77984619140625,451.5079345703125,0.3713416848523076,0.5950982687274619,0.4146670973806346,0.1592,3.1407035175879394
SR,3,1795,168.68978881835938,612.3277359008789,0.27206094591833574,0.4654708953677197,0.3302097426588183,0.1592,3.1407035175879394
SR,9,1796,11.90478515625,336.9050598144531,0.24485934716322733,0.45233187007747655,0.30055064639988016,0.1592,3.1407035175879394
SR,7,1797,6.6199951171875,676.4355316162109,0.27507126534619253,0.6144297322557221,0.33993609746111947,0.1592,3.1407035175879394
SR,4,1798,172.720458984375,324.57379150390625,0.20406382366450856,0.33821868759431034,0.2551151815557328,0.1592,3.1407035175879394
SR,7,1799,173.46865844726562,709.4250183105469,0.4336907539669085,0.7078118016564865,0.4598695285672856,0.1592,3.1407035175879394
SR,8,1800,174.58892822265625,474.03787994384766,0.24848401381819343,0.7210792583494974,0.36242293797146136,0.1592,3.1407035175879394
SR,2,1801,8.39849853515625,707.2625427246094,0.3367140648098728,0.8416520477984644,0.4206965739962214,0.1592,3.1407035175879394
SR,15,1802,5.639739990234375,593.1930084228516,0.22259572102688105,0.38843044525773274,0.24786785312088924,0.1592,3.1407035175879394
SR,5,1803,167.55968475341797,240.2337188720703,0.21707178167999197,0.9148125061428047,0.32732027659733665,0.1592,3.1407035175879394
SR,1,1804,170.17495727539062,302.2465362548828,0.45463491030743025,0.6586326955860263,0.5787896897980765,0.1592,3.1407035175879394
SR,14,1805,165.20130920410156,241.41567993164062,0.20242979084338428,0.5841531929270791,0.2718260681954851,0.1592,3.1407035175879394
SR,10,1806,7.154792785644531,834.9948577880859,0.3129650091788233,0.5860256122707431,0.36339250447836363,0.1592,3.1407035175879394
SR,15,1807,7.495147705078125,533.5178985595703,0.22132306807614027,0.372246939831392,0.2431085578618008,0.1592,3.1407035175879394
SR,6,1808,11.154876708984375,457.00548553466797,0.2650501631328029,0.44097647825081876,0.32004455734846055,0.1592,3.1407035175879394
SR,4,1809,165.96221923828125,236.09286499023438,0.3809693686799288,0.6920091009175433,0.4399471434217002,0.1592,3.1407035175879394
SR,1,1810,9.3887939453125,284.9098205566406,0.562826300802567,0.9961421375164261,0.6198640586267198,0.1592,3.1407035175879394
SR,10,1811,8.646392822265625,543.1743927001953,0.23562017699122578,0.594536849986582,0.2939049397752738,0.1592,3.1407035175879394
SR,1,1812,5.43951416015625,506.0886535644531,0.3126249453382384,0.6795950767101635,0.3900666621605217,0.1592,3.1407035175879394
SR,3,1813,8.58306884765625,383.2396240234375,0.2500511843008784,0.49866569685818446,0.30760423274229315,0.1592,3.1407035175879394
SR,6,1814,174.39154052734375,665.1022186279297,0.375711893746521,0.6682791715583465,0.41368622260965837,0.1592,3.1407035175879394
SR,9,1815,171.19369506835938,469.4944190979004,0.24482721857198086,0.4972217877387663,0.3055471315929939,0.1592,3.1407035175879394
SR,11,1816,13.57171630859375,362.61167907714844,0.22359129433224745,0.5651549709293049,0.2890630052453486,0.1592,3.1407035175879394
SR,3,1817,174.92118072509766,752.3425827026367,0.324036047291928,0.6916888353487765,0.38112790636989125,0.1592,3.1407035175879394
SR,8,1818,169.71319580078125,391.28226470947266,0.3829021829648411,0.6124842729432323,0.4055452254806597,0.1592,3.1407035175879394
SR,7,1819,169.1143798828125,673.7267913818359,0.30807966091656436,0.6053575549151994,0.3515460761190841,0.1592,3.1407035175879394
SR,3,1820,170.35589599609375,543.9632873535156,0.21846507439313345,0.36699578279780215,0.2788395083448837,0.1592,3.1407035175879394
SR,4,1821,7.266212463378906,406.01146697998047,0.3413164299389194,0.8777367349344578,0.4439978533010256,0.1592,3.1407035175879394
SR,6,1822,174.97171020507812,267.394832611084,0.37628291529532326,0.7982003420269881,0.44551298619191215,0.1592,3.1407035175879394
SR,0,1823,170.8115692138672,206.20391845703125,0.23300209807315606,0.38367512654094327,0.30954553053630096,0.1592,3.1407035175879394
SR,14,1824,5.4765625,303.3116149902344,0.2455865728162079,0.4223523274626226,0.29137536648019,0.1592,3.1407035175879394
SR,5,1825,7.236175537109375,344.26312255859375,0.2965443644753554,0.6111098219850567,0.3511638361537986,0.1592,3.1407035175879394
SR,11,1826,169.67481994628906,899.9086303710938,0.3361556857445339,0.6259752773559517,0.3784373547749046,0.1592,3.1407035175879394
SR,12,1827,167.441650390625,715.6485748291016,0.24263261992405533,0.6964499038637969,0.3200548015037334,0.1592,3.1407035175879394
SR,9,1828,172.99949645996094,263.0066261291504,0.2534153888269542,0.41598203192156114,0.33757572918829043,0.1592,3.1407035175879394
SR,3,1829,14.03778076171875,248.2463607788086,0.2902238325538881,0.8404739602950535,0.39580876610081533,0.1592,3.1407035175879394
SR,5,1830,9.264129638671875,246.4908905029297,0.5738042188189818,1.165886425931482,0.6764876501501337,0.1592,3.1407035175879394
SR,3,1831,11.9447021484375,368.4192810058594,0.22756476307196025,0.561222985960537,0.3085669935780376,0.1592,3.1407035175879394
SR,7,1832,167.77422332763672,207.07322883605957,0.22542159575272372,1.244017255638801,0.5953748194628333,0.1592,3.1407035175879394
SR,3,1833,5.90533447265625,225.97793579101562,0.37450790458527755,0.6665544284482372,0.4426098982078121,0.1592,3.1407035175879394
SR,1,1834,11.61187744140625,244.73574829101562,0.3046546112405182,1.787000362698089,0.6144768418042204,0.1592,3.1407035175879394
SR,0,1835,10.12451171875,201.90000915527344,0.46103855448866604,0.979753779343966,0.5532504877206592,0.1592,3.1407035175879394
SR,5,1836,170.21783447265625,259.32132720947266,0.3002253044551618,0.4800198463051113,0.42472501158428805,0.1592,3.1407035175879394
SR,3,1837,169.2156219482422,246.57763671875,0.5224422542663261,0.6352636276980778,0.7019414004928844,0.1592,3.1407035175879394
SR,0,1838,171.11981201171875,489.30839347839355,0.283998254017754,0.678186762515692,0.3346755441376061,0.1592,3.1407035175879394
SR,1,1839,171.87052154541016,494.66949462890625,0.2679286439661449,0.482598754741799,0.30874069033868623,0.1592,3.1407035175879394
SR,9,1840,173.40789794921875,392.685791015625,0.558270082513526,0.8828611407570672,0.5877381187732608,0.1592,3.1407035175879394
SR,4,1841,9.926025390625,336.6456756591797,0.20785718902827,0.33791612483490213,0.24326110110108048,0.1592,3.1407035175879394
SR,8,1842,9.13671875,415.8817443847656,0.23226128542532384,0.3898886288167244,0.2693073557067929,0.1592,3.1407035175879394
SR,2,1843,166.63858032226562,664.5497131347656,0.2241252124069437,0.6287752030540803,0.2853914714081902,0.1592,3.1407035175879394
SR,13,1844,168.24661254882812,366.20770359039307,0.24901327697902106,0.6241706998690805,0.3567019489332893,0.1592,3.1407035175879394
SR,2,1845,171.973388671875,219.71710205078125,0.44013371573070387,0.6139896080213919,0.4998306793544059,0.1592,3.1407035175879394
SR,11,1846,166.9437255859375,424.2377624511719,0.25240586860593384,0.42596835322259985,0.2947943371578164,0.1592,3.1407035175879394
SR,5,1847,11.659698486328125,352.19256591796875,0.18484895978044488,0.2906137573872539,0.2965644718880236,0.1592,3.1407035175879394
SR,14,1848,13.737640380859375,507.37312412261963,0.34472834833432203,0.8421715335896847,0.40782466741766077,0.1592,3.1407035175879394
SR,0,1849,10.954193115234375,230.88735961914062,0.3594117049098474,0.9262289230684021,0.44570180579280505,0.1592,3.1407035175879394
SR,8,1850,8.062614440917969,223.42271995544434,0.35271513343666616,1.1113316267310456,0.5374406630757741,0.1592,3.1407035175879394
SR,7,1851,10.116294860839844,702.2888793945312,0.2544056440370518,0.44106880776796487,0.30135334439469785,0.1592,3.1407035175879394
SR,8,1852,168.38107299804688,259.46160888671875,0.2299263940294607,0.43029222703680586,0.2971177128533804,0.1592,3.1407035175879394
SR,6,1853,168.80465698242188,491.6833801269531,0.24444315179976464,0.43407977494293337,0.2938841705268421,0.1592,3.1407035175879394
SR,2,1854,8.7142333984375,399.5808410644531,0.4901054940368998,0.8111058889942213,0.57343062581278,0.1592,3.1407035175879394
SR,8,1855,170.70706939697266,225.2252960205078,0.30823335940204205,0.8192686224038114,0.4463908293811854,0.1592,3.1407035175879394
SR,2,1856,5.135589599609375,294.39276123046875,0.47452057577542156,1.1062865942670057,0.5632358803250007,0.1592,3.1407035175879394
SR,10,1857,8.942291259765625,231.15533447265625,0.48227118276668723,0.7757239710004861,0.5036842781946825,0.1592,3.1407035175879394
SR,9,1858,170.96747589111328,294.0049743652344,0.5671559367383923,1.2462992512367514,0.7307236804232006,0.1592,3.1407035175879394
SR,11,1859,6.813568115234375,563.6959838867188,0.2247528463918062,0.5609127695893922,0.2831080298197027,0.1592,3.1407035175879394
SR,10,1860,5.11651611328125,435.48760986328125,0.21652026303170915,0.3650973266283225,0.2429426201878363,0.1592,3.1407035175879394
SR,10,1861,172.97235107421875,451.0687713623047,0.269065932284581,0.7020813736313791,0.3642334321003504,0.1592,3.1407035175879394
SR,1,1862,13.10089111328125,558.4796447753906,0.4174388149031968,0.6451943838547408,0.4580978909770644,0.1592,3.1407035175879394
SR,4,1863,167.34658813476562,409.6665954589844,0.3257518920470359,0.5944433049297511,0.3750358390144772,0.1592,3.1407035175879394
SR,15,1864,6.209014892578125,262.3739013671875,0.4535912899517018,0.6209947839047895,0.5436294326610189,0.1592,3.1407035175879394
SR,4,1865,12.995635986328125,358.818359375,0.21367324229477563,0.38074856520325234,0.2733012793877281,0.1592,3.1407035175879394
SR,5,1866,6.25823974609375,318.8343048095703,0.6758545518071014,1.1925274030181938,0.7645395140826992,0.1592,3.1407035175879394
SR,12,1867,172.9888916015625,426.5489807128906,0.5270245712426085,0.8668485955270743,0.5752930627379977,0.1592,3.1407035175879394
SR,0,1868,165.25453186035156,775.3039627075195,0.38430628508512343,0.661719234212655,0.41024754809494407,0.1592,3.1407035175879394
SR,11,1869,7.666114807128906,815.5998153686523,0.3225702086266493,0.7404305431517025,0.3688100218252528,0.1592,3.1407035175879394
SR,9,1870,13.672653198242188,240.94548797607422,0.35882260558203277,0.9202928888181726,0.46857090400129403,0.1592,3.1407035175879394
SR,2,1871,7.16278076171875,241.56067657470703,0.4304712963288428,0.9822905635166637,0.4888617945081805,0.1592,3.1407035175879394
SR,0,1872,167.0043716430664,399.0154113769531,0.3971921242976246,0.6190866919719709,0.4213481553330468,0.1592,3.1407035175879394
SR,14,1873,171.11153411865234,960.2320899963379,0.3607938794763368,0.6790184074384006,0.40277073003837827,0.1592,3.1407035175879394
SR,8,1874,7.5487060546875,628.2546844482422,0.25029641425709537,0.6974970071508338,0.3284732741318367,0.1592,3.1407035175879394
SR,3,1875,173.01971435546875,303.4906005859375,0.43311780119398346,0.6892501572140494,0.4738745903624069,0.1592,3.1407035175879394
SR,4,1876,165.7080078125,200.15107345581055,0.317244296193403,1.0098376053369742,0.48956342085952587,0.1592,3.1407035175879394
SR,4,1877,8.97216796875,315.7991666793823,0.37825461411104105,0.490129270392269,0.5391535734048176,0.1592,3.1407035175879394
SR,13,1878,171.26904296875,780.6604194641113,0.327042032978659,0.8276494219717525,0.40765749694419445,0.1592,3.1407035175879394
SR,7,1879,168.61583709716797,433.6978759765625,0.33562615674896956,0.6655171538357375,0.3960413962900088,0.1592,3.1407035175879394
SR,11,1880,6.14581298828125,577.9919738769531,0.2632333750193112,0.6941048242629266,0.3410642081813128,0.1592,3.1407035175879394
SR,3,1881,9.5892333984375,274.20330810546875,0.48450309071549974,0.6603726874823529,0.5621542322613773,0.1592,3.1407035175879394
SR,13,1882,172.1749267578125,408.72808837890625,0.6525507551536784,1.146980018099231,0.6883435598317177,0.1592,3.1407035175879394
SR,7,1883,6.49853515625,399.9754180908203,0.24095244053304354,0.8296846488734426,0.37750504738662916,0.1592,3.1407035175879394
SR,6,1884,6.70904541015625,352.84222412109375,0.366319252599889,0.5680363501245851,0.3957956622474026,0.1592,3.1407035175879394
SR,1,1885,7.373046875,691.133171081543,0.23827281247631613,0.42493965578348114,0.2907830464241829,0.1592,3.1407035175879394
SR,6,1886,165.40159606933594,236.08511352539062,0.4085768979892335,0.5861997850048902,0.5614404536897184,0.1592,3.1407035175879394
SR,3,1887,174.97671508789062,241.31719970703125,0.45572365315778546,0.6086285969268903,0.5562135870901904,0.1592,3.1407035175879394
SR,5,1888,12.031166076660156,213.21450805664062,0.2849538965791802,1.0178980168961913,0.47673736835303987,0.1592,3.1407035175879394
SR,13,1889,169.75601196289062,473.7270278930664,0.21625358802654132,0.7361895227466089,0.2944655180777114,0.1592,3.1407035175879394
SR,0,1890,174.22650146484375,398.9928894042969,0.3200744482785033,0.7283895669940181,0.3936672197852573,0.1592,3.1407035175879394
SR,4,1891,10.175384521484375,485.95316314697266,0.2779358082281216,0.8070726792262294,0.37897540361388826,0.1592,3.1407035175879394
SR,4,1892,173.41885375976562,332.33370208740234,0.3477570105985334,0.5115921522138271,0.3942385151802126,0.1592,3.1407035175879394
SR,3,1893,6.972015380859375,475.9947204589844,0.2544898657278685,0.5078253465879575,0.3196889050668321,0.1592,3.1407035175879394
SR,8,1894,6.545501708984375,432.40423583984375,0.21585571063723996,0.35975687305163173,0.2512592686227308,0.1592,3.1407035175879394
SR,13,1895,14.38311767578125,324.97552490234375,0.2289960509453058,0.4616059769276647,0.26672594596684623,0.1592,3.1407035175879394
SR,5,1896,170.53801727294922,240.38870525360107,0.5868095287145335,1.3153331739610714,0.7545943535020782,0.1592,3.1407035175879394
SR,6,1897,14.5760498046875,521.6114158630371,0.34885996610541387,0.6229058961771828,0.3958567514069069,0.1592,3.1407035175879394
SR,9,1898,171.74807739257812,317.9319076538086,0.4314728755256927,0.7052956059325372,0.4582744145752153,0.1592,3.1407035175879394
SR,1,1899,11.82196044921875,295.85139083862305,0.24123529646709171,0.6264582814252272,0.3604987818217162,0.1592,3.1407035175879394
SR,13,1900,9.720977783203125,635.257209777832,0.2675815596616484,0.4821431236707957,0.3061430466667519,0.1592,3.1407035175879394
SR,4,1901,8.947120666503906,686.5904235839844,0.23972810430994468,0.4258380488990774,0.2743145456525466,0.1592,3.1407035175879394
SR,15,1902,170.89309692382812,482.42618560791016,0.3011359860562371,0.482435829399257,0.32696105002438186,0.1592,3.1407035175879394
SR,8,1903,169.031982421875,905.3740882873535,0.32384528296841986,0.6338270851780026,0.36588185797534684,0.1592,3.1407035175879394
SR,7,1904,172.23550415039062,284.16949462890625,0.32588270915514556,0.8710127193961777,0.4184468775176228,0.1592,3.1407035175879394
SR,1,1905,170.43362426757812,253.2406768798828,0.2913560756005576,0.6888692187171918,0.36854945241585346,0.1592,3.1407035175879394
SR,5,1906,5.70977783203125,261.5227355957031,0.8937165856086817,1.0986427381761505,1.254262249529521,0.1592,3.1407035175879394
SR,13,1907,5.193634033203125,212.57778930664062,0.19605442699148162,0.7271695512631002,0.35107289198519837,0.1592,3.1407035175879394
SR,10,1908,169.92584228515625,263.38134765625,0.2151209311321338,0.3915949730260612,0.2947971994610416,0.1592,3.1407035175879394
SR,6,1909,166.18356323242188,469.9865417480469,0.3616222529000339,0.5886243830849888,0.41063733078772197,0.1592,3.1407035175879394
SR,9,1910,6.28167724609375,423.75280380249023,0.36472730341139226,0.6526664277031027,0.4084310776260962,0.1592,3.1407035175879394
SR,12,1911,173.06642150878906,588.8384780883789,0.3663090417127553,0.8026301039613031,0.42940713016225035,0.1592,3.1407035175879394
SR,1,1912,168.9644775390625,454.7851257324219,0.19627134949607228,0.5034527343468727,0.27979920130417846,0.1592,3.1407035175879394
SR,9,1913,7.8348388671875,213.23714065551758,0.2651659588443489,0.4452324483721657,0.34872567674248073,0.1592,3.1407035175879394
SR,7,1914,13.11029052734375,438.9576416015625,0.25223753394405823,0.43398115136200677,0.32779685449470575,0.1592,3.1407035175879394
SR,8,1915,11.735572814941406,227.13554191589355,0.21732049868019798,0.35462957283751245,0.31542021558686134,0.1592,3.1407035175879394
SR,7,1916,168.6897964477539,221.420654296875,0.38016616260569014,0.6821951660671077,0.4439612191743609,0.1592,3.1407035175879394
SR,6,1917,8.129486083984375,357.90386962890625,0.3474762444746226,0.8315575379759028,0.423365656580295,0.1592,3.1407035175879394
SR,15,1918,11.753387451171875,431.70245361328125,0.21860565455573716,0.38647483564463475,0.2599026676542775,0.1592,3.1407035175879394
SR,13,1919,13.423065185546875,355.51922607421875,0.22810269565994523,0.42336692687515065,0.26102597151215895,0.1592,3.1407035175879394
SR,15,1920,13.830078125,529.2768096923828,0.21805192169029772,0.6666576340253098,0.2932841292492947,0.1592,3.1407035175879394
SR,12,1921,165.4417724609375,273.28564453125,0.199542367022642,0.31442588278137684,0.26743512320371426,0.1592,3.1407035175879394
SR,5,1922,167.43572998046875,245.84722900390625,0.19630460154493679,0.3409066489127748,0.2887607307507348,0.1592,3.1407035175879394
SR,6,1923,10.713172912597656,245.30377197265625,0.2772912497995296,0.8651541937816194,0.44321816497372374,0.1592,3.1407035175879394
SR,13,1924,169.62420654296875,383.07972717285156,0.279847866072802,0.6166042842323749,0.3621482010111774,0.1592,3.1407035175879394
SR,0,1925,14.154998779296875,433.2492980957031,0.45116220379841954,0.5377970287458772,0.6895400795441509,0.1592,3.1407035175879394
SR,3,1926,174.2152557373047,225.74420166015625,0.5576825031863705,1.015170809408638,0.7990067544011966,0.1592,3.1407035175879394
SR,0,1927,169.25408935546875,452.8165283203125,0.30081786116714404,0.7533505039439858,0.3731926083779015,0.1592,3.1407035175879394
SR,4,1928,173.3873291015625,624.7625274658203,0.22580286371469346,0.5822838745291014,0.2735336448179866,0.1592,3.1407035175879394
SR,15,1929,173.95672607421875,689.1356811523438,0.3869616335787331,0.8813141377452625,0.4700450328491387,0.1592,3.1407035175879394
SR,13,1930,14.30194091796875,352.3309097290039,0.4222691016830167,1.0876166550696713,0.5324563512178757,0.1592,3.1407035175879394
SR,3,1931,6.59210205078125,579.0820465087891,0.21176127526561878,0.3521802911452091,0.2550794914982796,0.1592,3.1407035175879394
SR,5,1932,9.46197509765625,354.36480712890625,0.21296991124179943,0.35189693299034813,0.2656226882862568,0.1592,3.1407035175879394
SR,13,1933,168.23126220703125,643.6889801025391,0.27870318943578287,0.7316945183925031,0.3611943642836973,0.1592,3.1407035175879394
SR,0,1934,173.17731475830078,532.4828338623047,0.22697795627423448,0.3828073045943534,0.25500355643738265,0.1592,3.1407035175879394
SR,11,1935,169.4608154296875,377.57159423828125,0.26263787273209444,0.48385110676770976,0.30561199675512435,0.1592,3.1407035175879394
SR,9,1936,171.64623260498047,245.46778869628906,0.65000645688788,0.828623825732299,0.8719475678374157,0.1592,3.1407035175879394
SR,7,1937,171.2099609375,316.3341064453125,0.22191842734979927,0.3729316616887324,0.27732260554988547,0.1592,3.1407035175879394
SR,14,1938,10.73895263671875,612.3848876953125,0.5450450641374899,0.9848734420267601,0.54888531406107,0.1592,3.1407035175879394
SR,3,1939,14.88824462890625,605.2795104980469,0.3648476060698965,0.6359738142065278,0.4032386014435145,0.1592,3.1407035175879394
SR,9,1940,13.423065185546875,345.8733825683594,0.22327073992434127,0.3871669043291305,0.26986089538860053,0.1592,3.1407035175879394
SR,11,1941,169.43899536132812,328.2723693847656,0.37601610548011216,0.8006154112655821,0.43449376465301687,0.1592,3.1407035175879394
SR,3,1942,174.29021453857422,701.7201538085938,0.3215554987629064,0.6083845030968243,0.3728153159266838,0.1592,3.1407035175879394
SR,13,1943,169.9195556640625,465.8589630126953,0.2735202140920249,0.49643489622305664,0.32378745633271055,0.1592,3.1407035175879394
SR,6,1944,8.67266845703125,312.8228759765625,0.5783105466605334,1.0131146866843075,0.6360856955256734,0.1592,3.1407035175879394
SR,7,1945,10.15411376953125,279.605224609375,0.2192756282038043,0.5003849714106219,0.3629014179238934,0.1592,3.1407035175879394
SR,11,1946,9.70257568359375,753.6895446777344,0.3029155255215596,0.7132459879854727,0.3770471360910586,0.1592,3.1407035175879394
SR,4,1947,11.9766845703125,296.6732482910156,0.22102375444698566,0.35496185790874873,0.287507424017253,0.1592,3.1407035175879394
SR,4,1948,12.29205322265625,329.8708190917969,0.2288863556041379,0.4021168094197359,0.2646991000271633,0.1592,3.1407035175879394
SR,5,1949,173.07354736328125,386.42162322998047,0.356451856828009,0.7902074279216257,0.43464473044457635,0.1592,3.1407035175879394
SR,2,1950,168.55862426757812,391.1028594970703,0.3272754662027705,0.5312059968151208,0.36446416811829185,0.1592,3.1407035175879394
SR,8,1951,6.665863037109375,406.6025161743164,0.4623415640607309,0.6461191771658777,0.5387916281511047,0.1592,3.1407035175879394
SR,0,1952,6.545501708984375,319.7289276123047,0.5140342094654852,1.1505523189619673,0.5867231578775857,0.1592,3.1407035175879394
SR,0,1953,14.398963928222656,202.7724609375,0.28552893229015675,0.97300952951321,0.393711504407681,0.1592,3.1407035175879394
SR,15,1954,174.20801544189453,204.59092330932617,0.40096129876510944,1.7394561832322486,0.6043389553658142,0.1592,3.1407035175879394
SR,10,1955,171.11154174804688,403.83349609375,0.2260672336165096,0.7108182363149096,0.35721468530073475,0.1592,3.1407035175879394
SR,15,1956,170.83807373046875,295.89175844192505,0.34795378354394096,0.7369067489697009,0.42042335995967867,0.1592,3.1407035175879394
SR,5,1957,166.30859375,407.992919921875,0.39525564400482743,0.6146958787697497,0.4265946765701128,0.1592,3.1407035175879394
SR,3,1958,170.05963134765625,310.74053955078125,0.20931486895093604,0.3463025451174365,0.2535173756878614,0.1592,3.1407035175879394
SR,15,1959,14.1739501953125,644.101541519165,0.32814837216666576,0.7095006341794768,0.381920733582148,0.1592,3.1407035175879394
SR,11,1960,5.193634033203125,605.0160121917725,0.22955432043490215,0.38689401881689545,0.2757157052834355,0.1592,3.1407035175879394
SR,12,1961,5.863067626953125,602.9928817749023,0.21382296626287903,0.6498307342806792,0.3068477603869838,0.1592,3.1407035175879394
SR,5,1962,6.709053039550781,246.71162700653076,0.2964216003554045,0.4862901434690801,0.3737233541572429,0.1592,3.1407035175879394
SR,13,1963,12.594146728515625,516.9486083984375,0.20454156348332525,0.6357392500809436,0.29293280342025163,0.1592,3.1407035175879394
SR,7,1964,5.7618408203125,482.34739685058594,0.22666318940117916,0.6529207901589995,0.314366176034717,0.1592,3.1407035175879394
SR,5,1965,173.78515625,283.78717041015625,0.2778739515808591,0.4809795876366903,0.3334784681709009,0.1592,3.1407035175879394
SR,7,1966,8.266571044921875,488.86101150512695,0.2747122243305709,0.5325649978052447,0.3597979215482699,0.1592,3.1407035175879394
SR,8,1967,11.201026916503906,587.5912933349609,0.28613405974754774,0.5504665127788618,0.3304168410008672,0.1592,3.1407035175879394
SR,15,1968,172.6396484375,264.2403564453125,0.368720047557764,0.6364890896337776,0.41644214388496703,0.1592,3.1407035175879394
SR,4,1969,171.15867614746094,282.2630615234375,0.369365869869035,0.7293443865215804,0.43786449324083393,0.1592,3.1407035175879394
SR,14,1970,174.23291778564453,225.76401281356812,0.4644040404753088,1.1912220239836824,0.6158607717206814,0.1592,3.1407035175879394
SR,4,1971,10.768218994140625,440.27392578125,0.19939206554856878,0.312989142220085,0.26434198999462993,0.1592,3.1407035175879394
SR,9,1972,174.53695678710938,475.32470703125,0.42019729275281714,0.8180282874071361,0.47817457701756977,0.1592,3.1407035175879394
SR,13,1973,169.88619995117188,228.1343994140625,0.3296570799929203,0.5347696259543038,0.36389368386464144,0.1592,3.1407035175879394
SR,10,1974,6.60406494140625,436.85080337524414,0.35595943723611506,0.660789170378896,0.40542670950029114,0.1592,3.1407035175879394
SR,4,1975,14.699188232421875,342.05047607421875,0.4964446436357585,0.8304107070939667,0.56787898176307,0.1592,3.1407035175879394
SR,0,1976,10.823104858398438,590.6311111450195,0.23916266000835035,0.5810429280800584,0.30921216023502046,0.1592,3.1407035175879394
SR,15,1977,6.126129150390625,824.4803695678711,0.3069895242847942,0.7838445360723783,0.3774493867679131,0.1592,3.1407035175879394
SR,13,1978,10.23809814453125,455.97308349609375,0.21782563321278345,0.3727421812342975,0.250260845631368,0.1592,3.1407035175879394
SR,4,1979,9.371734619140625,217.22747993469238,0.424204153362702,0.5864965525042589,0.4771627538329125,0.1592,3.1407035175879394
SR,7,1980,172.03103637695312,326.5237121582031,0.3706083467246822,0.7715713863837792,0.4458054055573288,0.1592,3.1407035175879394
SR,5,1981,6.595947265625,256.4626922607422,0.20505675073892918,0.3235646412918982,0.31186094198328557,0.1592,3.1407035175879394
SR,13,1982,8.266571044921875,283.65582275390625,0.37725952234782306,0.6338148214485656,0.4198577077736833,0.1592,3.1407035175879394
SR,0,1983,11.178138732910156,375.98926544189453,0.3443881613498478,0.6362778782033246,0.39837126367539405,0.1592,3.1407035175879394
SR,13,1984,173.15802001953125,567.8598794937134,0.27010060499866784,0.5023691399746657,0.3068129865654619,0.1592,3.1407035175879394
SR,5,1985,9.65960693359375,488.3348388671875,0.38265963479203746,0.665461713929142,0.4187229526691061,0.1592,3.1407035175879394
SR,11,1986,167.1513671875,313.27846240997314,0.40221010407346297,0.9045146799901661,0.48379907387805443,0.1592,3.1407035175879394
SR,12,1987,10.864166259765625,382.6325225830078,0.20480484770250745,0.5007516020226528,0.28941996907318074,0.1592,3.1407035175879394
SR,13,1988,165.51980590820312,211.287353515625,0.49423768399782425,0.7022414502866086,0.5196857558135277,0.1592,3.1407035175879394
SR,13,1989,11.143096923828125,363.38033294677734,0.3061729507374576,0.6623681454701112,0.37906316610494273,0.1592,3.1407035175879394
SR,7,1990,173.35214233398438,222.316508769989,0.47381207522885516,1.1175426415161525,0.5639745444084237,0.1592,3.1407035175879394
SR,12,1991,171.59988403320312,647.3613510131836,0.4245693826463758,0.7283658900971273,0.47120167108178934,0.1592,3.1407035175879394
SR,10,1992,5.12237548828125,476.0461354255676,0.2262734480090779,0.41335038324008033,0.2832284182165755,0.1592,3.1407035175879394
SR,11,1993,171.58111572265625,377.40228271484375,0.20776424133058868,0.37900785774229584,0.29204696152214743,0.1592,3.1407035175879394
SR,9,1994,171.3671112060547,325.8676300048828,0.6076574683692806,1.2575248095375657,0.6890044065429851,0.1592,3.1407035175879394
SR,13,1995,8.05377197265625,722.9366760253906,0.293533096215258,0.7971902982938676,0.3799176522819897,0.1592,3.1407035175879394
SR,4,1996,6.647857666015625,245.93889617919922,0.38744572515410863,0.8342475289248183,0.4623355172824901,0.1592,3.1407035175879394
SR,7,1997,14.134765625,455.8654327392578,0.2172032056991097,0.36689004521491675,0.27474210519038234,0.1592,3.1407035175879394
SR,2,1998,165.66287231445312,413.79693603515625,0.22017973872478705,0.4898763570779692,0.30343406667531264,0.1592,3.1407035175879394
SR,9,1999,10.031402587890625,230.14112091064453,0.3884300108100302,0.5156847633334398,0.46027986803407955,0.1592,3.1407035175879394
SR,3,2000,78.52413940429688,468.90179443359375,0.2754809871661322,0.787832033917692,0.36911630241551174,0.1592,3.1407035175879394
SR,1,2001,99.94580078125,556.3351593017578,0.2480432600260876,0.6379391713147248,0.31995940764373065,0.1592,3.1407035175879394
SR,11,2002,100.88563919067383,369.7998962402344,0.5124313371349708,1.1216901570404447,0.7180350244129498,0.1592,3.1407035175879394
SR,7,2003,81.3848876953125,624.2996063232422,0.23677422095310813,0.4130020193651944,0.30191087936333155,0.1592,3.1407035175879394
SR,7,2004,102.47587966918945,497.0125427246094,0.2550798010816172,0.48871506007881094,0.308331370557133,0.1592,3.1407035175879394
SR,11,2005,95.82553243637085,279.61788177490234,0.18694694684342605,0.8238360205366386,0.3388330633836873,0.1592,3.1407035175879394
SR,8,2006,100.59734535217285,694.6847763061523,0.34143115174522876,0.6299118015139676,0.3789503297133221,0.1592,3.1407035175879394
SR,3,2007,102.89470958709717,542.5506286621094,0.3900934181363176,0.6686306047361245,0.4227774650589434,0.1592,3.1407035175879394
SR,2,2008,81.97824096679688,408.1294403076172,0.28814182135539457,0.5345352070347821,0.35768050051659306,0.1592,3.1407035175879394
SR,14,2009,95.46303749084473,585.2892074584961,0.3132701501751534,0.5326470585949523,0.3520632872918688,0.1592,3.1407035175879394
SR,11,2010,83.19174194335938,202.59371185302734,0.24740150308691872,1.2371327554100642,0.5098260399749754,0.1592,3.1407035175879394
SR,11,2011,79.35430908203125,365.9842071533203,0.2580520330831114,0.48333745361556907,0.3053861334121768,0.1592,3.1407035175879394
SR,7,2012,83.66061401367188,318.037841796875,0.2964009983315393,0.4702093109320645,0.3828274025204451,0.1592,3.1407035175879394
SR,9,2013,102.89471435546875,206.15200424194336,0.19247450726154613,0.3289603707799108,0.28519439069324887,0.1592,3.1407035175879394
SR,5,2014,78.27444458007812,258.0771484375,0.302565234951493,0.6635702781269711,0.3949255281911599,0.1592,3.1407035175879394
SR,11,2015,83.51773071289062,594.7083435058594,0.36578643883679285,0.6470418597198441,0.41512027891527825,0.1592,3.1407035175879394
SR,2,2016,98.12948608398438,336.0915832519531,0.21227904479724402,0.331193188621584,0.27793618495313993,0.1592,3.1407035175879394
SR,5,2017,82.50485229492188,202.64312744140625,0.19629936520963284,0.32284271454950664,0.24240022423839777,0.1592,3.1407035175879394
SR,6,2018,104.0377779006958,306.8960876464844,0.25833611212883834,0.5214634105197129,0.33404936914679695,0.1592,3.1407035175879394
SR,2,2019,79.508544921875,331.8444290161133,0.23177282694293871,0.3988194149699267,0.2922869081620359,0.1592,3.1407035175879394
SR,6,2020,99.18351078033447,504.5210876464844,0.2515148964037873,0.42533434028646655,0.29154870988615084,0.1592,3.1407035175879394
SR,0,2021,97.50663471221924,653.0621185302734,0.3289907440050548,0.568021530790211,0.35558816755349026,0.1592,3.1407035175879394
SR,7,2022,82.83349609375,271.3065643310547,0.39993523632364836,0.6447457481630635,0.48009838883901934,0.1592,3.1407035175879394
SR,2,2023,76.75836181640625,266.15911865234375,0.22677386485631734,0.9165410650289129,0.34270433338609674,0.1592,3.1407035175879394
SR,3,2024,103.36140441894531,552.6988220214844,0.5832914382011201,0.9802107977820007,0.6617450600430889,0.1592,3.1407035175879394
SR,7,2025,101.44966697692871,699.9181747436523,0.3171564519037463,0.5718558100243495,0.3459670576499483,0.1592,3.1407035175879394
SR,5,2026,102.8297119140625,315.56300354003906,0.21411467762761796,0.38412658504232183,0.26590871266993205,0.1592,3.1407035175879394
SR,14,2027,81.0987548828125,694.0948486328125,0.30533692383696237,1.0594156608174985,0.42804835202469577,0.1592,3.1407035175879394
SR,8,2028,84.4732666015625,422.6510467529297,0.24487950665503908,0.6775802673588224,0.3279109871219411,0.1592,3.1407035175879394
SR,7,2029,82.40605163574219,214.30572509765625,0.5715696041873948,1.0572231411016975,0.608553322738191,0.1592,3.1407035175879394
SR,9,2030,100.7560510635376,227.5889892578125,0.5014487706716138,1.009212147409581,0.6531695504035174,0.1592,3.1407035175879394
SR,5,2031,102.89470958709717,879.2447662353516,0.3674020646607508,0.6416113423012679,0.4052047625832094,0.1592,3.1407035175879394
SR,2,2032,80.05963134765625,318.53192138671875,0.3699967228060332,0.7193788084146271,0.41914494573374117,0.1592,3.1407035175879394
SR,3,2033,83.46865844726562,844.9093475341797,0.3261335014214028,0.5767465495083453,0.37345040264017604,0.1592,3.1407035175879394
SR,3,2034,84.4732666015625,647.4292144775391,0.29130158377607396,0.8366946836194715,0.37608058732413935,0.1592,3.1407035175879394
SR,7,2035,102.45075988769531,657.9260864257812,0.2958031870481012,0.479193958066235,0.32182109786922797,0.1592,3.1407035175879394
SR,12,2036,102.56427955627441,251.65621948242188,0.25499341498164707,0.5351305636181953,0.3392539300002864,0.1592,3.1407035175879394
SR,7,2037,104.51847839355469,419.6661682128906,0.4233474338793563,1.08045059249153,0.532118198254155,0.1592,3.1407035175879394
SR,2,2038,78.46502685546875,263.8254928588867,0.2267411912453235,0.3919144899040094,0.2827042570417653,0.1592,3.1407035175879394
SR,3,2039,75.52793884277344,383.74359130859375,0.25756617281555877,0.7073505837112715,0.34209723246442364,0.1592,3.1407035175879394
SR,3,2040,81.87051391601562,322.3423156738281,0.27143775091599487,0.650799252005737,0.3525497520593434,0.1592,3.1407035175879394
SR,2,2041,83.08953857421875,464.0869445800781,0.33511594548327023,0.8674100010559684,0.43940629187653113,0.1592,3.1407035175879394
SR,9,2042,95.30012607574463,637.6013870239258,0.3451424084048658,0.6221218736222607,0.3868418025376741,0.1592,3.1407035175879394
SR,1,2043,103.35653018951416,652.4468841552734,0.2459215008993143,0.5569640435396421,0.29465070673809785,0.1592,3.1407035175879394
SR,6,2044,104.60856628417969,497.50840759277344,0.2541885330959786,0.6230613795119261,0.3526665206673033,0.1592,3.1407035175879394
SR,10,2045,96.72970581054688,240.05853271484375,0.5108033905874646,1.1306184917374444,0.7317738601529559,0.1592,3.1407035175879394
SR,13,2046,84.31477355957031,253.96466064453125,0.39536297193116726,0.7704673360009936,0.44930996331980044,0.1592,3.1407035175879394
SR,1,2047,102.84864807128906,336.0682678222656,0.20912254202296415,0.3401807569164541,0.2806327353740852,0.1592,3.1407035175879394
SR,5,2048,77.66021728515625,290.97296142578125,0.3492903634641918,1.0070657594067434,0.4459220766345502,0.1592,3.1407035175879394
SR,4,2049,104.17394161224365,272.6023406982422,0.20767352767220967,0.352903137020637,0.28467700785905214,0.1592,3.1407035175879394
SR,9,2050,103.17366027832031,276.00054931640625,0.1931288761187255,0.3066532242067864,0.2903923944098612,0.1592,3.1407035175879394
SR,4,2051,77.36244201660156,249.60833740234375,0.41205822385324425,0.7428287822886893,0.4632913861593382,0.1592,3.1407035175879394
SR,13,2052,99.16193389892578,307.67532444000244,0.2995084375283287,0.5482019898379266,0.34617186552785273,0.1592,3.1407035175879394
SR,9,2053,80.8702392578125,380.0451354980469,0.4241678770478084,1.1258571490731593,0.510835664284804,0.1592,3.1407035175879394
SR,2,2054,79.30059814453125,279.0032958984375,0.5071479204692279,0.7033134560172085,0.6254418592870203,0.1592,3.1407035175879394
SR,10,2055,101.01399230957031,783.8610534667969,0.2755313141349334,0.636886036285574,0.34651594081028925,0.1592,3.1407035175879394
SR,6,2056,79.33016967773438,336.5287628173828,0.23072747360170498,0.708420219716472,0.2965737639531643,0.1592,3.1407035175879394
SR,9,2057,96.68612480163574,705.4439697265625,0.31523429932075014,0.6096383646138216,0.36488514844458037,0.1592,3.1407035175879394
SR,12,2058,83.33412170410156,239.796142578125,0.3641040531143284,0.5676902733111866,0.42240045116904273,0.1592,3.1407035175879394
SR,6,2059,77.13629150390625,594.1745834350586,0.21672195070200484,0.6956534912382868,0.30501586063759134,0.1592,3.1407035175879394
SR,1,2060,81.87051391601562,282.69573974609375,0.2474262101554383,0.6788333356598613,0.3712948824184093,0.1592,3.1407035175879394
SR,15,2061,81.11981201171875,389.60577392578125,0.605520871552377,1.484302209125789,0.7841619363127172,0.1592,3.1407035175879394
SR,11,2062,80.67678833007812,367.80377197265625,0.31451504901970834,0.6193615914587937,0.39644695771039085,0.1592,3.1407035175879394
SR,1,2063,104.4225082397461,758.7974700927734,0.4463162995528313,0.7214973450652771,0.4699633538721675,0.1592,3.1407035175879394
SR,7,2064,98.02659797668457,300.2171859741211,0.2149283867279416,0.6700332948792462,0.30232725764642904,0.1592,3.1407035175879394
SR,0,2065,84.80636596679688,359.61016845703125,0.22912028502490728,0.6227140443100436,0.3184180053694807,0.1592,3.1407035175879394
SR,9,2066,104.5675745010376,267.62948751449585,0.19716855807877667,0.7901400485565586,0.2762295607863966,0.1592,3.1407035175879394
SR,4,2067,100.46914005279541,610.4287719726562,0.2951877300674659,0.715296133103578,0.37267606305578566,0.1592,3.1407035175879394
SR,9,2068,102.75092220306396,234.1278247833252,0.3989245635161433,1.154066431397215,0.5179242533763249,0.1592,3.1407035175879394
SR,11,2069,95.36482858657837,408.57515716552734,0.26891268601970314,0.6525026653990289,0.3459876042778425,0.1592,3.1407035175879394
SR,1,2070,75.2354736328125,261.89434814453125,0.3649292155723724,0.7228272376792623,0.4349362919599651,0.1592,3.1407035175879394
SR,14,2071,104.0377779006958,412.762451171875,0.24376844543370957,0.4228017461879704,0.2810365963592978,0.1592,3.1407035175879394
SR,15,2072,98.4705810546875,221.50885009765625,0.4752263056393679,0.8323122459448109,0.5060017017730108,0.1592,3.1407035175879394
SR,2,2073,80.97283935546875,399.34743881225586,0.3095165983331937,0.5873630221728687,0.36690380383603477,0.1592,3.1407035175879394
SR,8,2074,81.17074584960938,422.9387512207031,0.4062457719606201,0.6168886129137853,0.42776165287821766,0.1592,3.1407035175879394
SR,2,2075,79.40847778320312,446.3943099975586,0.4037479911961924,0.6807388135033762,0.4542839709226505,0.1592,3.1407035175879394
SR,1,2076,78.16275024414062,299.7940673828125,0.2297332739995226,0.8309184672981174,0.3541720598972935,0.1592,3.1407035175879394
SR,12,2077,96.70906066894531,444.7377471923828,0.47538031905558326,0.8042242461266385,0.5624616985082341,0.1592,3.1407035175879394
SR,11,2078,95.04165649414062,412.05076599121094,0.3611270482269984,0.7397124939541753,0.43399506987829517,0.1592,3.1407035175879394
SR,7,2079,99.1297607421875,264.0626220703125,0.31088397318120314,0.5412873826105907,0.37250751403514903,0.1592,3.1407035175879394
SR,7,2080,96.26268005371094,208.7720947265625,0.235783091505716,0.400019492028675,0.34119607805758223,0.1592,3.1407035175879394
SR,7,2081,100.53917407989502,293.5776672363281,0.39019453651132385,1.0705866705426355,0.4902972071263388,0.1592,3.1407035175879394
SR,1,2082,75.64897155761719,254.70526123046875,0.4996346968357967,0.6781874661724973,0.6060143804365428,0.1592,3.1407035175879394
SR,6,2083,97.61784839630127,360.2999572753906,0.35887750740748964,0.587959949957742,0.40788281392762393,0.1592,3.1407035175879394
SR,9,2084,95.23000907897949,379.93541526794434,0.47791272751082287,0.848180369947406,0.6807980978224968,0.1592,3.1407035175879394
SR,8,2085,82.99949645996094,464.20274353027344,0.2965139917217596,0.44521279140575126,0.32355522691532823,0.1592,3.1407035175879394
SR,8,2086,98.06260681152344,225.190673828125,0.36998327314398705,0.5995663736942082,0.4195006767620716,0.1592,3.1407035175879394
SR,12,2087,103.65176391601562,238.49838256835938,0.19943417374371833,0.5109238032830308,0.26829521483883567,0.1592,3.1407035175879394
SR,7,2088,81.74807739257812,250.4796142578125,0.3730549021261824,1.2015818020730915,0.49864826453369976,0.1592,3.1407035175879394
SR,2,2089,103.36515808105469,325.1366271972656,0.20406204239236203,0.3282160173259682,0.2628927328104642,0.1592,3.1407035175879394
SR,1,2090,97.28329467773438,533.745361328125,0.2949468875018978,0.5572027448375731,0.3511871807347402,0.1592,3.1407035175879394
SR,2,2091,81.72470092773438,851.7029800415039,0.35163358837149716,0.6227827143222042,0.40639096921986667,0.1592,3.1407035175879394
SR,1,2092,97.72114562988281,300.6842041015625,0.2234777775434045,0.38915972186496056,0.2662460209461614,0.1592,3.1407035175879394
SR,1,2093,95.06282043457031,674.1775817871094,0.29300431644381836,0.6280038628846668,0.3517829933646603,0.1592,3.1407035175879394
SR,3,2094,79.0948486328125,557.6711044311523,0.31162165500616024,0.6169226749909785,0.3568384555415174,0.1592,3.1407035175879394
SR,4,2095,77.13194274902344,478.20123291015625,0.20635825090469365,0.48700680339849345,0.29041626928562825,0.1592,3.1407035175879394
SR,3,2096,98.29654884338379,264.3181457519531,0.19179062550821846,0.32547377763608226,0.29291413199676,0.1592,3.1407035175879394
SR,2,2097,80.03182983398438,842.4901275634766,0.3923933392690996,0.6276062551474143,0.46155873330540464,0.1592,3.1407035175879394
SR,11,2098,101.65970706939697,223.97641372680664,0.22390277865098956,0.34223475697915606,0.3308804720583437,0.1592,3.1407035175879394
SR,13,2099,104.62271308898926,235.91976928710938,0.28657171410468524,0.42789177315487287,0.32253834172995843,0.1592,3.1407035175879394
SR,1,2100,102.14489936828613,243.23782348632812,0.22582982371489918,0.3998324287933974,0.2678226126901525,0.1592,3.1407035175879394
SR,2,2101,80.15440368652344,473.2214660644531,0.22060768862743269,0.3630091491272866,0.2575872134290496,0.1592,3.1407035175879394
SR,9,2102,102.65341186523438,353.7141418457031,0.3442524497194691,0.9029137782951442,0.451214668531399,0.1592,3.1407035175879394
SR,9,2103,84.890380859375,557.4928283691406,0.2164269405253163,0.3583875810545301,0.26200694849845674,0.1592,3.1407035175879394
SR,8,2104,84.93136596679688,479.24822998046875,0.4141747356829641,0.6239485692487932,0.44107191570219584,0.1592,3.1407035175879394
SR,1,2105,84.80636596679688,464.37481689453125,0.28282029997601765,0.872695530659971,0.3792580202717366,0.1592,3.1407035175879394
SR,2,2106,103.68360900878906,466.1394958496094,0.3871189650483309,0.6439567085619726,0.4331233039417598,0.1592,3.1407035175879394
SR,15,2107,97.19272470474243,253.34523010253906,0.20267906359781906,0.32051316131698493,0.2851418224479254,0.1592,3.1407035175879394
SR,5,2108,83.58619689941406,284.20684814453125,0.49616359463298637,0.6536324270631739,0.5510160690163268,0.1592,3.1407035175879394
SR,3,2109,97.69536256790161,363.9017753601074,0.3103408462807304,0.5802185464972726,0.3688253715364368,0.1592,3.1407035175879394
SR,10,2110,81.63468933105469,616.4136657714844,0.30334777012760067,0.5648195146187718,0.3487035138648057,0.1592,3.1407035175879394
SR,6,2111,99.92603874206543,416.1639766693115,0.2763734094378599,0.5211631682023998,0.34941624423239465,0.1592,3.1407035175879394
SR,7,2112,81.431396484375,567.5249328613281,0.3406868536504578,0.5764037681985984,0.37107783319885157,0.1592,3.1407035175879394
SR,12,2113,81.5294189453125,218.7611083984375,0.28224886294242796,0.8427737106406251,0.39525957471774725,0.1592,3.1407035175879394
SR,15,2114,99.66838073730469,447.7296447753906,0.40822239227787105,0.5705540785604517,0.4634599095861539,0.1592,3.1407035175879394
SR,13,2115,98.12948608398438,333.2244281768799,0.22030108108075488,0.3627023803787489,0.2772783762740991,0.1592,3.1407035175879394
SR,13,2116,101.93867492675781,603.3680725097656,0.4592907528594209,0.7263352429411277,0.5031400948824903,0.1592,3.1407035175879394
SR,13,2117,98.84132385253906,352.0048828125,0.38559409448876114,0.6475670548912857,0.43148608934853805,0.1592,3.1407035175879394
SR,13,2118,101.634033203125,200.3250732421875,0.2356689492330743,0.40877829100330193,0.31048369945796794,0.1592,3.1407035175879394
SR,0,2119,97.07278442382812,430.56834411621094,0.2676723688346107,0.6623426615054541,0.33656876334518626,0.1592,3.1407035175879394
SR,0,2120,78.85079956054688,331.2098693847656,0.19931050599423464,0.3397357803253198,0.2612960126690318,0.1592,3.1407035175879394
SR,11,2121,97.50663471221924,499.84498596191406,0.19973631113763615,0.6623203959652708,0.32045828050117114,0.1592,3.1407035175879394
SR,2,2122,101.13651466369629,449.7479248046875,0.20580252668166898,0.6268438766893599,0.2840561919857925,0.1592,3.1407035175879394
SR,3,2123,97.17096471786499,420.4518508911133,0.39738730215620877,0.8101614121604742,0.4467492236750815,0.1592,3.1407035175879394
SR,3,2124,98.568603515625,401.7473449707031,0.4726346753377664,0.7048934379270458,0.5145349145616696,0.1592,3.1407035175879394
SR,15,2125,84.22647094726562,215.22789001464844,0.24851175399509154,0.5410159754255942,0.2986198204318918,0.1592,3.1407035175879394
SR,4,2126,75.43243408203125,256.1065216064453,0.31669792045555356,0.5338485673332078,0.39465936333269824,0.1592,3.1407035175879394
SR,3,2127,101.31020641326904,685.1718292236328,0.32099430796557454,0.577622866285647,0.34841645402826793,0.1592,3.1407035175879394
SR,9,2128,95.109619140625,539.7976303100586,0.2651201681880995,0.6903530199260768,0.33429242113980123,0.1592,3.1407035175879394
SR,12,2129,82.67433166503906,256.83158111572266,0.4183191417382493,0.7441988750691387,0.4692668230220179,0.1592,3.1407035175879394
SR,6,2130,101.59872055053711,212.6407470703125,0.20288893604887293,0.34260685622283127,0.2614483143666282,0.1592,3.1407035175879394
SR,7,2131,99.81906318664551,273.9655570983887,0.32482097290331047,0.6153176588263775,0.3763789785962993,0.1592,3.1407035175879394
SR,6,2132,80.30160522460938,239.54678344726562,0.3628314200580261,0.4809803418054762,0.560733439747698,0.1592,3.1407035175879394
SR,2,2133,80.76705932617188,260.18402099609375,0.35081156864442187,0.6570628037784895,0.41885081939759017,0.1592,3.1407035175879394
SR,14,2134,79.9921875,311.34254455566406,0.38138200490680635,1.0744533423846316,0.48458154343101356,0.1592,3.1407035175879394
SR,11,2135,99.46198558807373,898.54248046875,0.2647029748739075,0.683457640315164,0.3336671622706654,0.1592,3.1407035175879394
SR,7,2136,81.98355102539062,353.914794921875,0.2195645323593332,0.3665354592287213,0.2779519764319514,0.1592,3.1407035175879394
SR,13,2137,103.42703247070312,285.51617431640625,0.25884460776037954,0.467443535946247,0.33177862485844967,0.1592,3.1407035175879394
SR,15,2138,101.31021118164062,322.33074951171875,0.30046067621980876,0.4899671020685624,0.3678309792976232,0.1592,3.1407035175879394
SR,0,2139,77.54924011230469,252.01716995239258,0.3113142740220914,0.924418011435518,0.4086848812175729,0.1592,3.1407035175879394
SR,9,2140,103.78300094604492,206.31181621551514,0.36500846030418993,0.6324696340516116,0.44090699871894357,0.1592,3.1407035175879394
SR,2,2141,103.89265155792236,279.9873962402344,0.22628877899477856,0.3894633856119935,0.3050280825096596,0.1592,3.1407035175879394
SR,6,2142,81.74807739257812,450.55279541015625,0.2408382013942887,0.47556403259722096,0.29493561038664357,0.1592,3.1407035175879394
SR,10,2143,75.18968200683594,480.829119682312,0.4719060023904472,0.6180147509340644,0.5770120992222578,0.1592,3.1407035175879394
SR,3,2144,102.94750022888184,268.1286779642105,0.23410562054675332,0.9244197912368819,0.37358057226408875,0.1592,3.1407035175879394
SR,4,2145,102.74618530273438,226.20367431640625,0.28108700038072487,0.8721833602129428,0.3862343382294496,0.1592,3.1407035175879394
SR,15,2146,78.14651489257812,403.841796875,0.29050629800333017,0.7907847602959732,0.4441851326109415,0.1592,3.1407035175879394
SR,4,2147,103.53997898101807,222.53570556640625,0.22099745841054,0.4021055853033144,0.31922523932058794,0.1592,3.1407035175879394
SR,1,2148,97.74403381347656,419.6101379394531,0.1836299469873924,0.2903159152646429,0.26755314819405357,0.1592,3.1407035175879394
SR,6,2149,99.46198558807373,202.8787841796875,0.5287681586812906,0.8053956722371829,0.6447935449623446,0.1592,3.1407035175879394
SR,8,2150,75.72303771972656,403.1417541503906,0.23305679313600686,0.4585988778483052,0.29436939646198595,0.1592,3.1407035175879394
SR,5,2151,79.33961486816406,517.8776340484619,0.44308025424047837,0.759176068993961,0.4764875743078037,0.1592,3.1407035175879394
SR,10,2152,77.39901733398438,744.3915023803711,0.3808423677418203,0.6371481822551515,0.42699262300616214,0.1592,3.1407035175879394
SR,15,2153,77.90464782714844,544.7780303955078,0.2574541488628148,0.6151621069174364,0.32911258396286286,0.1592,3.1407035175879394
SR,10,2154,83.94660949707031,236.5121307373047,0.2883695951927318,0.8965243216769015,0.406393509497983,0.1592,3.1407035175879394
SR,0,2155,76.24554443359375,528.0257873535156,0.21228291937993485,0.3837918071700573,0.27117886746959785,0.1592,3.1407035175879394
SR,13,2156,102.38148403167725,223.32501220703125,0.6576124617128548,1.5668369518826093,0.8627816542735014,0.1592,3.1407035175879394
SR,8,2157,77.73455810546875,339.91481018066406,0.5230347335819401,1.1120055794030768,0.6036661291011168,0.1592,3.1407035175879394
SR,13,2158,103.20219421386719,352.8080940246582,0.3833447715882383,0.544939263959866,0.43775977301540037,0.1592,3.1407035175879394
SR,12,2159,80.53800964355469,201.90496826171875,0.38229337798165536,0.8699696761244264,0.552770508335957,0.1592,3.1407035175879394
SR,3,2160,77.00436401367188,312.33416748046875,0.26686001004789667,0.6713047164326825,0.3716573897764103,0.1592,3.1407035175879394
SR,12,2161,81.87051391601562,409.08929443359375,0.3011683002190325,0.5794151352853327,0.3493160570382424,0.1592,3.1407035175879394
SR,15,2162,103.05107116699219,320.38455963134766,0.21628737408223817,0.3589818662882191,0.25754980115882753,0.1592,3.1407035175879394
SR,14,2163,96.70906066894531,288.23413944244385,0.2874001686017912,0.7275068242637307,0.3612179065769042,0.1592,3.1407035175879394
SR,4,2164,99.75770568847656,771.3241271972656,0.18678800971024503,0.7345605192249826,0.33323627987794036,0.1592,3.1407035175879394
SR,3,2165,97.73965835571289,448.5356750488281,0.2150582792586579,0.33212925297687335,0.2889254277185349,0.1592,3.1407035175879394
SR,1,2166,79.99220275878906,227.46214294433594,0.2282441488567769,0.4289359005187319,0.3108292519608945,0.1592,3.1407035175879394
SR,6,2167,101.20103454589844,345.82859802246094,0.30423472368789517,0.5612994094887006,0.3494678122620624,0.1592,3.1407035175879394
SR,11,2168,98.99668884277344,762.0813446044922,0.21801136698585288,0.4168738529977527,0.29422427593346034,0.1592,3.1407035175879394
SR,9,2169,80.7542724609375,312.90765380859375,0.27685519009565157,0.5547626069934533,0.3720379483647821,0.1592,3.1407035175879394
SR,7,2170,80.14889526367188,481.39490604400635,0.4100402151174858,0.6780924923471497,0.443927107227325,0.1592,3.1407035175879394
SR,8,2171,81.29829406738281,537.8095092773438,0.32389676534875844,0.6037258855392746,0.3941245371213735,0.1592,3.1407035175879394
SR,7,2172,102.33979511260986,284.6107349395752,0.2389265146245008,0.6573538753151745,0.3222008821302638,0.1592,3.1407035175879394
SR,8,2173,80.28701782226562,543.2263031005859,0.2811632297346479,0.9981089671666329,0.38538192003311933,0.1592,3.1407035175879394
SR,2,2174,81.41691589355469,587.1680374145508,0.1889231402097948,0.6046055378967033,0.28231331727977305,0.1592,3.1407035175879394
SR,13,2175,96.48228454589844,296.158203125,0.23833244713692897,0.38741014876426105,0.31281873295607215,0.1592,3.1407035175879394
SR,5,2176,97.37303972244263,369.65032958984375,0.30612892521007046,0.5978116047629887,0.36702261921840296,0.1592,3.1407035175879394
SR,14,2177,81.3848876953125,635.7987365722656,0.2625058499988318,0.7305964454127374,0.35334980929744675,0.1592,3.1407035175879394
SR,12,2178,75.91171264648438,772.3297729492188,0.3113379414062161,1.063516649819369,0.4370916997060302,0.1592,3.1407035175879394
SR,6,2179,76.82633972167969,470.76121520996094,0.27177510605167443,0.7596210971718284,0.37636291874799616,0.1592,3.1407035175879394
SR,1,2180,75.35626220703125,520.6343078613281,0.3222222040855202,0.7233924425221989,0.38384406604504573,0.1592,3.1407035175879394
SR,11,2181,81.15867614746094,486.0015411376953,0.3421490114276443,0.5351791265840209,0.3905854723072581,0.1592,3.1407035175879394
SR,12,2182,80.35223388671875,227.03451538085938,0.46083213167697895,1.1770894726261985,0.8050071261808552,0.1592,3.1407035175879394
SR,2,2183,75.57748413085938,221.01806640625,0.45447112127288186,0.6549735097778432,0.4906029904880747,0.1592,3.1407035175879394
SR,11,2184,95.9154601097107,281.4261016845703,0.2106201540671083,0.842034512174526,0.3377814631968802,0.1592,3.1407035175879394
SR,4,2185,77.95684814453125,321.89410400390625,0.4943813763504968,0.7042972366005983,0.5447198566172627,0.1592,3.1407035175879394
SR,11,2186,101.31020641326904,516.8640899658203,0.25835981835679744,0.5128061826427516,0.3013475844139308,0.1592,3.1407035175879394
SR,6,2187,77.57330322265625,322.4078063964844,0.274795164260303,0.48149611487356236,0.30993714117631954,0.1592,3.1407035175879394
SR,5,2188,81.36711120605469,504.2391357421875,0.2717199707249777,0.5633424511105338,0.33833397510397156,0.1592,3.1407035175879394
SR,9,2189,98.92352294921875,430.13275146484375,0.4837066301295222,0.7947099504345517,0.4924504918649724,0.1592,3.1407035175879394
SR,4,2190,76.96029663085938,382.2725524902344,0.21643465520695407,0.3869854576725294,0.27102937158600815,0.1592,3.1407035175879394
SR,4,2191,103.67265510559082,875.7863464355469,0.36557126240479104,0.6288493603277701,0.3907550706745454,0.1592,3.1407035175879394
SR,4,2192,95.55914068222046,557.8876495361328,0.2330960526212472,0.5988274613338888,0.3224376757028418,0.1592,3.1407035175879394
SR,3,2193,103.13510322570801,336.6143798828125,0.41105804397457457,0.6398233671182415,0.4440488060735237,0.1592,3.1407035175879394
SR,4,2194,80.12237548828125,535.0174560546875,0.32363156137351745,0.6861774833625289,0.4055712604748983,0.1592,3.1407035175879394
SR,3,2195,83.85418701171875,392.5161437988281,0.40139676681273706,0.7272090423072134,0.46271042196734113,0.1592,3.1407035175879394
SR,12,2196,79.69523620605469,376.5183563232422,0.2114529484349859,0.5692545586840211,0.27693738486425046,0.1592,3.1407035175879394
SR,15,2197,78.78485107421875,479.7618865966797,0.3560834806666139,0.6046710331524834,0.3813757221041897,0.1592,3.1407035175879394
SR,10,2198,98.94491577148438,228.44097900390625,0.38816040206616603,0.6730612673932658,0.43730061036480783,0.1592,3.1407035175879394
SR,4,2199,80.93392944335938,556.4084625244141,0.2468659168650702,0.4408708673987634,0.2849821231763631,0.1592,3.1407035175879394
SR,5,2200,101.60190105438232,626.2905731201172,0.24951309672938438,0.42834298590428777,0.3229527597549025,0.1592,3.1407035175879394
SR,11,2201,83.40087890625,775.6312561035156,0.3732116030172893,0.7046623827457219,0.4188791475524651,0.1592,3.1407035175879394
SR,10,2202,96.98029279708862,628.6057319641113,0.27049072298218596,0.4682666721647526,0.29821036845368415,0.1592,3.1407035175879394
SR,12,2203,97.32566833496094,459.49098205566406,0.2675962735570812,0.43361794442527657,0.3320625407683275,0.1592,3.1407035175879394
SR,6,2204,96.28398132324219,471.51092529296875,0.29670706087027354,0.47708483385559497,0.34391198252578115,0.1592,3.1407035175879394
SR,15,2205,102.96550750732422,366.8981628417969,0.32150068274753385,0.6333685879404339,0.38563421304073253,0.1592,3.1407035175879394
SR,13,2206,95.47656345367432,880.312873840332,0.2898282841247591,0.49343725648550657,0.32786527747214056,0.1592,3.1407035175879394
SR,2,2207,95.73692321777344,608.7834777832031,0.24380866675982252,0.5055383139945837,0.3222430520632477,0.1592,3.1407035175879394
SR,0,2208,101.64637756347656,550.5669250488281,0.2231661828667517,0.8199140828672336,0.3178759424139315,0.1592,3.1407035175879394
SR,11,2209,78.50308227539062,516.0242156982422,0.24454443024279632,0.8142226114363107,0.36008952591045684,0.1592,3.1407035175879394
SR,4,2210,84.62982177734375,359.9443359375,0.2898002368395508,0.6533988025911983,0.36345498475343235,0.1592,3.1407035175879394
SR,2,2211,81.65669250488281,477.19432067871094,0.3255687888115357,0.8562721762254216,0.4338304880826883,0.1592,3.1407035175879394
SR,3,2212,95.07881164550781,529.9945678710938,0.3164774878597308,0.6482903407064058,0.39567732300150715,0.1592,3.1407035175879394
SR,6,2213,79.69523620605469,514.6657257080078,0.2280685330467927,0.6644664422054178,0.28804969985854695,0.1592,3.1407035175879394
SR,5,2214,78.14167785644531,358.3988342285156,0.24280516830615315,0.6008875456384519,0.3237010616485623,0.1592,3.1407035175879394
SR,2,2215,76.30859375,304.79205322265625,0.221120987608788,0.37859290725938427,0.27457522438412324,0.1592,3.1407035175879394
SR,14,2216,102.34990978240967,620.5326347351074,0.28912074068444577,0.6234027304689207,0.3551805513149277,0.1592,3.1407035175879394
SR,3,2217,81.98941040039062,717.9054946899414,0.28498161205014116,0.5828423232325156,0.3599594728526864,0.1592,3.1407035175879394
SR,7,2218,100.24397277832031,238.72457885742188,0.47297113068197355,0.6003993918913153,0.6489361361097357,0.1592,3.1407035175879394
SR,0,2219,104.93342113494873,209.40701293945312,0.2750222639600586,0.6753601631255424,0.3749086266651459,0.1592,3.1407035175879394
SR,3,2220,80.17495727539062,238.6844482421875,0.2485712712352155,0.6333360056006401,0.3367670868457899,0.1592,3.1407035175879394
SR,13,2221,103.24165344238281,321.29144287109375,0.24531429605546143,0.4939443103127915,0.3173665251994117,0.1592,3.1407035175879394
SR,6,2222,97.4708423614502,433.0556640625,0.22003565919329254,0.3713126318223142,0.29992160019371183,0.1592,3.1407035175879394
SR,4,2223,75.06657409667969,321.8626937866211,0.21312146698706055,0.8233136945990891,0.3118523273774394,0.1592,3.1407035175879394
SR,12,2224,97.88247728347778,361.01380920410156,0.2178053072177023,0.5266982985977662,0.27091626815028996,0.1592,3.1407035175879394
SR,12,2225,102.03968715667725,291.7302017211914,0.3912385082001059,0.5721080955013593,0.4907866590583214,0.1592,3.1407035175879394
SR,4,2226,78.25390625,208.178377866745,0.20292976378218702,0.3330558661199667,0.2675854196254545,0.1592,3.1407035175879394
SR,12,2227,77.47039794921875,244.7086181640625,0.2475383593060762,0.4594401831348428,0.31796012039898297,0.1592,3.1407035175879394
SR,1,2228,96.59208297729492,487.0000686645508,0.35369784714572466,1.1367308653824841,0.4425658183359545,0.1592,3.1407035175879394
SR,6,2229,83.66061401367188,402.5445861816406,0.4421062957942545,0.8506827582658583,0.49736608815322103,0.1592,3.1407035175879394
SR,5,2230,102.26544761657715,241.39674377441406,0.23182882663548288,0.40788308976313004,0.29471963254270384,0.1592,3.1407035175879394
SR,3,2231,75.667236328125,410.91387939453125,0.22447417252899837,0.6152403693243167,0.31545076236036956,0.1592,3.1407035175879394
SR,4,2232,101.20618057250977,338.7224292755127,0.3744061744687124,0.823702590261493,0.4555628401244552,0.1592,3.1407035175879394
SR,8,2233,96.20901489257812,243.7966079711914,0.19376082380694523,0.31450385092357114,0.27697146116275023,0.1592,3.1407035175879394
SR,13,2234,76.57296752929688,474.391508102417,0.22488756590017647,0.5723574905923896,0.27377086322513744,0.1592,3.1407035175879394
SR,15,2235,103.81645202636719,254.43409156799316,0.3301978270060439,0.762161143256465,0.4036738793921409,0.1592,3.1407035175879394
SR,10,2236,78.950927734375,463.2281036376953,0.24868222172684526,0.455461828087493,0.2838879800723379,0.1592,3.1407035175879394
SR,14,2237,104.17394161224365,548.5244140625,0.3074396455135252,0.6335905517009123,0.35152565837435856,0.1592,3.1407035175879394
SR,12,2238,78.55032348632812,520.6801567077637,0.22322783199961824,0.5925201618346055,0.3116371278598701,0.1592,3.1407035175879394
SR,7,2239,100.52777194976807,242.02692866325378,0.22022195026808758,0.3744102500676404,0.31449633395859733,0.1592,3.1407035175879394
SR,15,2240,98.86414051055908,347.806884765625,0.38838936075833574,0.8631030842861002,0.4633432045057135,0.1592,3.1407035175879394
SR,10,2241,97.5387372970581,210.0658769607544,0.4119647039323576,0.6329337382379122,0.4337242581874563,0.1592,3.1407035175879394
SR,9,2242,76.3438720703125,663.601203918457,0.35164441082700626,0.7093288618008396,0.42026889448735066,0.1592,3.1407035175879394
SR,9,2243,96.13141584396362,318.3664855957031,0.39602696933054654,0.8176830872434461,0.456645604855619,0.1592,3.1407035175879394
SR,3,2244,83.10044860839844,556.9814605712891,0.25678834632720693,0.5277870700982419,0.30470421976435,0.1592,3.1407035175879394
SR,12,2245,96.33939123153687,458.9132080078125,0.28109669058665376,0.5753529980668234,0.32940236634208325,0.1592,3.1407035175879394
SR,5,2246,82.424560546875,410.4721984863281,0.31885947998667424,0.5387908579922133,0.35857544403438957,0.1592,3.1407035175879394
SR,8,2247,104.12049865722656,300.732666015625,0.20589181427587439,0.33469871344002705,0.3087326439156609,0.1592,3.1407035175879394
SR,3,2248,100.59153747558594,251.1251220703125,0.507395531674693,0.6397308441557022,0.6778558128105067,0.1592,3.1407035175879394
SR,12,2249,78.74533081054688,755.607105255127,0.4149588154574038,0.7866975860280977,0.4889227822978733,0.1592,3.1407035175879394
SR,12,2250,84.00543212890625,671.8264770507812,0.397044735647157,0.6135490653917024,0.4362619962084315,0.1592,3.1407035175879394
SR,10,2251,96.72610187530518,664.0532531738281,0.3919104253824825,0.8007446104471803,0.48755464120943515,0.1592,3.1407035175879394
SR,9,2252,82.6788330078125,469.87322998046875,0.3118402413139463,0.49757523052193237,0.3470815596786145,0.1592,3.1407035175879394
SR,3,2253,83.99180603027344,275.94464111328125,0.3486404834123567,0.7958939082453234,0.43955460660529294,0.1592,3.1407035175879394
SR,6,2254,76.65957641601562,520.4570465087891,0.30506296745736067,0.8833220731689079,0.4123862888250119,0.1592,3.1407035175879394
SR,12,2255,80.08367919921875,430.4033966064453,0.3324903730517721,0.5670997995784415,0.35798581528289286,0.1592,3.1407035175879394
SR,14,2256,77.8551025390625,211.7547607421875,0.1780746047207747,0.7260541315380056,0.44179297507601323,0.1592,3.1407035175879394
SR,5,2257,103.51379871368408,582.9275207519531,0.270705385007221,0.5004138484042051,0.31993750420056194,0.1592,3.1407035175879394
SR,1,2258,82.54014587402344,584.5212860107422,0.2347547351945115,0.7096500839962814,0.35944326057016324,0.1592,3.1407035175879394
SR,7,2259,79.38032531738281,512.6697120666504,0.26478988506104156,0.5214564859026619,0.3165679058998538,0.1592,3.1407035175879394
SR,3,2260,104.14070129394531,726.4246520996094,0.3946783222519416,0.7708743954672611,0.46037029429343546,0.1592,3.1407035175879394
SR,9,2261,101.50517272949219,378.51609802246094,0.23470747088997784,0.4475262773023054,0.3041851949951454,0.1592,3.1407035175879394
SR,15,2262,101.31020641326904,396.6802787780762,0.23201043476219282,0.3884617855348641,0.26792948270512307,0.1592,3.1407035175879394
SR,13,2263,84.64497375488281,210.24630737304688,0.4010001542152,0.868966906446284,0.5393540282308442,0.1592,3.1407035175879394
SR,14,2264,81.0987548828125,205.30679321289062,0.5276023039734549,1.3745036684594878,0.5358907870302471,0.1592,3.1407035175879394
SR,15,2265,101.85349941253662,394.5323257446289,0.34830689776574036,0.7561601004406336,0.410464585888689,0.1592,3.1407035175879394
SR,13,2266,98.41580104827881,334.1087951660156,0.19234888067783484,0.6963944413857535,0.2748330174352614,0.1592,3.1407035175879394
SR,8,2267,98.66007804870605,233.1531925201416,0.338919184527619,1.0892815713805442,0.5252319992471359,0.1592,3.1407035175879394
SR,4,2268,81.5736083984375,214.82666778564453,0.194452119684175,0.9169496064673868,0.3106471000530437,0.1592,3.1407035175879394
SR,13,2269,81.98355102539062,567.9302215576172,0.33809768036782956,0.5662964400394104,0.3758411011445083,0.1592,3.1407035175879394
SR,8,2270,95.59853172302246,303.40447998046875,0.5202999775986223,0.934874727455345,0.6196297647477708,0.1592,3.1407035175879394
SR,15,2271,97.12426424026489,642.1776447296143,0.23013553170067055,0.40815876702990345,0.2633014127922018,0.1592,3.1407035175879394
SR,12,2272,100.09735012054443,291.81838607788086,0.21032986647012067,0.4999065179448857,0.308441758625579,0.1592,3.1407035175879394
SR,11,2273,102.87595844268799,354.16619873046875,0.11180947704826824,0.7622144088740199,0.7199827277004466,0.1592,3.1407035175879394
SR,2,2274,84.80636596679688,655.9396667480469,0.23111920309669665,0.41815514689401506,0.261662186204746,0.1592,3.1407035175879394
SR,0,2275,96.4407958984375,740.6255569458008,0.4157433546314414,0.7581976516981681,0.453176880041816,0.1592,3.1407035175879394
SR,9,2276,80.29988098144531,418.40301513671875,0.4016492631188684,0.6286139089559605,0.42719224525605914,0.1592,3.1407035175879394
SR,6,2277,101.67413330078125,519.5531616210938,0.26721761470433575,0.6024851614891112,0.3343995022123864,0.1592,3.1407035175879394
SR,0,2278,100.30476379394531,863.4766693115234,0.3225931504164896,0.6935875224936694,0.4020463220787412,0.1592,3.1407035175879394
SR,4,2279,102.90203857421875,468.60595703125,0.34345096129005764,0.6278308573730463,0.4019122264541313,0.1592,3.1407035175879394
SR,4,2280,83.33413696289062,241.39422607421875,0.27438797672040677,0.4354714452848937,0.3308400365637484,0.1592,3.1407035175879394
SR,10,2281,80.16667175292969,373.96285247802734,0.3190251243838754,0.6236570666962777,0.3718592388258227,0.1592,3.1407035175879394
SR,8,2282,97.66611242294312,297.26812744140625,0.21106391543675027,0.3471896370683782,0.3204844580438507,0.1592,3.1407035175879394
SR,5,2283,96.800537109375,254.06643676757812,0.2173191937714003,0.3669504480016586,0.32973083254738456,0.1592,3.1407035175879394
SR,6,2284,80.64738464355469,437.22459411621094,0.1637826453649956,0.7707758320354167,0.2979946472792039,0.1592,3.1407035175879394
SR,2,2285,76.66604614257812,294.31817626953125,0.2103713296025158,0.3724864864862624,0.27986115617466967,0.1592,3.1407035175879394
SR,5,2286,83.53097534179688,252.63615798950195,0.21395884390484027,0.5089185813079047,0.32908173504516003,0.1592,3.1407035175879394
SR,14,2287,102.06189441680908,546.3510131835938,0.2371666411937685,0.4366435606903083,0.2819712363501154,0.1592,3.1407035175879394
SR,9,2288,76.34823608398438,316.5381164550781,0.21090741585182055,0.6457585839850504,0.2886049325258942,0.1592,3.1407035175879394
SR,4,2289,83.78515625,278.8671875,0.25917578758029836,0.414644998685622,0.3360224706451315,0.1592,3.1407035175879394
SR,15,2290,81.5736083984375,230.02108764648438,0.5920443317736083,0.8217646814407596,0.7069578155028121,0.1592,3.1407035175879394
SR,8,2291,100.45986938476562,272.810791015625,0.4849799134094299,0.8750207533665764,0.515292467387544,0.1592,3.1407035175879394
SR,10,2292,95.19363260269165,1046.8633270263672,0.3434290044374087,0.5474235825604061,0.37158874669211706,0.1592,3.1407035175879394
SR,9,2293,95.19363260269165,362.7732238769531,0.29017067600593377,0.7075643543279942,0.3482736332873502,0.1592,3.1407035175879394
SR,11,2294,98.38863277435303,273.3978576660156,0.22698503428867792,0.38404411567129476,0.28208974177303286,0.1592,3.1407035175879394
SR,4,2295,98.6151123046875,359.935546875,0.33258074597815357,0.8000267081970238,0.425565140816177,0.1592,3.1407035175879394
SR,12,2296,102.05734539031982,284.95775604248047,0.3982821817550256,0.5635402149334915,0.49524463353539355,0.1592,3.1407035175879394
SR,6,2297,98.90852737426758,816.0649261474609,0.24195133148625453,0.5126073670625404,0.29146249093100407,0.1592,3.1407035175879394
SR,7,2298,103.36141014099121,216.08802795410156,0.2252617924910296,0.36911089384341844,0.3038518132680521,0.1592,3.1407035175879394
SR,6,2299,84.56047058105469,254.715087890625,0.36893758305514224,0.7004378171781294,0.47283227369423264,0.1592,3.1407035175879394
SR,3,2300,82.04312133789062,292.93115234375,0.5486578149526501,0.7819936302226481,0.6774262097431931,0.1592,3.1407035175879394
SR,7,2301,83.43202209472656,573.0881415605545,0.28172136282811505,0.4905405961764521,0.3199842918986553,0.1592,3.1407035175879394
SR,5,2302,98.55501174926758,502.92523193359375,0.38029827021393475,0.6672287572934795,0.4309157610343811,0.1592,3.1407035175879394
SR,5,2303,95.0788164138794,907.3420104980469,0.29832578978712215,0.5669665874207432,0.3366059463221963,0.1592,3.1407035175879394
SR,10,2304,76.70027160644531,675.5989702045918,0.23088859022118352,0.3901346220658745,0.2860582826908294,0.1592,3.1407035175879394
SR,9,2305,82.635986328125,559.6563720703125,0.43495760834076325,0.7608656666160039,0.48364321875266597,0.1592,3.1407035175879394
SR,1,2306,79.7432861328125,661.5526123046875,0.343891333695024,0.7423566693833529,0.40528590015946514,0.1592,3.1407035175879394
SR,10,2307,100.88563537597656,336.3163089752197,0.19652605913960955,0.31799795040945555,0.23895698465442286,0.1592,3.1407035175879394
SR,13,2308,97.27426767349243,796.8499145507812,0.27018664325412145,0.4434696617967436,0.31057583986346887,0.1592,3.1407035175879394
SR,5,2309,75.13943481445312,297.3503112792969,0.20898191906606953,0.66364931062095,0.2823957955723328,0.1592,3.1407035175879394
SR,9,2310,102.48886203765869,629.3670883178711,0.33659712288563914,0.6122285280625168,0.3785264183918216,0.1592,3.1407035175879394
SR,11,2311,104.93342590332031,326.47076416015625,0.27124462601153265,0.5967027661968356,0.35943911647355065,0.1592,3.1407035175879394
SR,9,2312,84.67803955078125,283.78053283691406,0.44002248399815125,1.1135509242274588,0.5527401818521203,0.1592,3.1407035175879394
SR,7,2313,82.50485229492188,288.19390869140625,0.5148656617385103,0.9022289755216345,0.5895746223939741,0.1592,3.1407035175879394
SR,15,2314,75.25454711914062,251.39797973632812,0.20316912928713116,0.35657236065664455,0.25432182238048207,0.1592,3.1407035175879394
SR,6,2315,97.65978145599365,909.0748252868652,0.37158579829469945,0.6166339372342903,0.3970106298944283,0.1592,3.1407035175879394
SR,0,2316,97.27426147460938,219.20544242858887,0.22323522075061103,0.7980095980882168,0.3584049300481647,0.1592,3.1407035175879394
SR,0,2317,78.20611572265625,576.4138641357422,0.35868622270763356,0.7176120083739195,0.402509942007476,0.1592,3.1407035175879394
SR,13,2318,83.79098510742188,716.6272888183594,0.23317225562820335,0.6543949583486268,0.2992232728858616,0.1592,3.1407035175879394
SR,6,2319,75.96221923828125,262.0053405761719,0.3824961292002008,0.6455221741770828,0.42799121966987996,0.1592,3.1407035175879394
SR,15,2320,95.26689147949219,269.3219566345215,0.2794143826310044,0.7427631175702626,0.4027095209535424,0.1592,3.1407035175879394
SR,4,2321,97.64268493652344,443.2090606689453,0.23355617265798395,0.5187443003712314,0.2845975451698485,0.1592,3.1407035175879394
SR,13,2322,81.97824096679688,329.7059326171875,0.3135265698200661,0.529469133256357,0.3824806778662313,0.1592,3.1407035175879394
SR,2,2323,77.73455810546875,422.50848388671875,0.21836936503590038,0.3568759943199034,0.24967038334397323,0.1592,3.1407035175879394
SR,7,2324,95.8148193359375,505.10719299316406,0.25216987198375096,0.4569643399689567,0.2902308479499893,0.1592,3.1407035175879394
SR,2,2325,80.96095275878906,588.2805452346802,0.16606926449652878,0.5692438647625112,0.26511504664305174,0.1592,3.1407035175879394
SR,10,2326,95.805917263031,431.2841491699219,0.25707421881185966,0.4742634813597181,0.2933971387648313,0.1592,3.1407035175879394
SR,0,2327,75.83134460449219,418.1188659667969,0.2864692750108107,0.5564517858756367,0.3575989450755103,0.1592,3.1407035175879394
SR,10,2328,100.04918003082275,494.8938903808594,0.2386077293176154,0.5848151564811551,0.2948857220885725,0.1592,3.1407035175879394
SR,2,2329,83.66061401367188,554.7146148681641,0.29068883341745966,0.9238208626044522,0.3907890237113765,0.1592,3.1407035175879394
SR,10,2330,97.67827320098877,712.1360626220703,0.2761415433508704,0.5757151885248487,0.32550372082337,0.1592,3.1407035175879394
SR,3,2331,101.31020641326904,284.06134033203125,0.3897348674094925,0.731391291777411,0.4473589740599384,0.1592,3.1407035175879394
SR,3,2332,97.89510488510132,664.9599685668945,0.26363270657646937,0.5374942403573865,0.31484904982917855,0.1592,3.1407035175879394
SR,11,2333,80.24783325195312,478.95167541503906,0.20090413732223422,0.3389515408032706,0.26327193579469793,0.1592,3.1407035175879394
SR,10,2334,76.32733154296875,716.0926666259766,0.3333774125482736,1.337131431104968,0.556082027173372,0.1592,3.1407035175879394
SR,8,2335,80.31149291992188,219.4022216796875,0.3345862554473723,0.512500647008293,0.43702880216027656,0.1592,3.1407035175879394
SR,8,2336,81.74807739257812,498.57966804504395,0.36968258488275796,0.644582139297207,0.4062850638177191,0.1592,3.1407035175879394
SR,0,2337,104.7846508026123,215.30064392089844,0.45581384443521317,1.1505702459247364,0.5771693088549065,0.1592,3.1407035175879394
SR,13,2338,101.07038307189941,829.4371948242188,0.23605552137479327,0.6379236847888747,0.31139361252730374,0.1592,3.1407035175879394
SR,10,2339,76.75836181640625,329.4302673339844,0.24213797835601492,0.7331655760161709,0.37711545098030375,0.1592,3.1407035175879394
SR,13,2340,96.9741644859314,355.1375427246094,0.19917423544435992,0.34278721568063353,0.288630087275512,0.1592,3.1407035175879394
SR,9,2341,97.70864868164062,684.1348724365234,0.2882142024671022,0.4878623836405844,0.33420428050004514,0.1592,3.1407035175879394
SR,14,2342,97.01574039459229,642.5910267829895,0.22799785293792982,0.3746637465993928,0.26290782032209503,0.1592,3.1407035175879394
SR,2,2343,101.032639503479,237.92242431640625,0.220150285259419,0.5104193639675985,0.3198151178403532,0.1592,3.1407035175879394
SR,9,2344,97.868408203125,287.46937561035156,0.2342766143810159,0.6087536669707394,0.326044721269732,0.1592,3.1407035175879394
SR,9,2345,97.97946166992188,503.6959686279297,0.27713542113895806,0.631818305221812,0.33464063559432505,0.1592,3.1407035175879394
SR,2,2346,76.12887573242188,380.1414489746094,0.20764585630590776,0.33215744468187797,0.2690004863901018,0.1592,3.1407035175879394
SR,13,2347,96.72970151901245,302.5624008178711,0.5670164191567154,0.9893331639297558,0.8129852122423031,0.1592,3.1407035175879394
SR,13,2348,104.57830047607422,214.3022003173828,0.19778429865381025,0.5971974524469625,0.2859176337684156,0.1592,3.1407035175879394
SR,10,2349,104.0377779006958,262.62347412109375,0.5340538737556237,0.8990965909329365,0.5243498054739606,0.1592,3.1407035175879394
SR,7,2350,99.84559154510498,588.3612518310547,0.29640737499125114,0.5780357441716882,0.3289866481053416,0.1592,3.1407035175879394
SR,2,2351,79.86233520507812,265.16637420654297,0.25202826625822766,0.4191461348597977,0.3985131682489353,0.1592,3.1407035175879394
SR,2,2352,81.06986999511719,404.9126281738281,0.26764069687841374,0.6646234240268827,0.3126315594720347,0.1592,3.1407035175879394
SR,9,2353,79.69525146484375,780.2283477783203,0.31166145714899224,0.5285019033442021,0.3498012390525616,0.1592,3.1407035175879394
SR,15,2354,79.33963012695312,866.1647891998291,0.4726248504779741,0.8130557512239208,0.5056234094717634,0.1592,3.1407035175879394
SR,13,2355,80.53802490234375,372.55078125,0.2092825947817383,0.5286120598717342,0.31238153812167785,0.1592,3.1407035175879394
SR,8,2356,99.16193389892578,306.1533203125,0.27102904282767587,0.4246342022316377,0.3672272262762209,0.1592,3.1407035175879394
SR,8,2357,81.98355102539062,552.6242065429688,0.2737056371398244,0.47007849550277525,0.3009732532591808,0.1592,3.1407035175879394
SR,1,2358,79.33018493652344,536.8028564453125,0.26629775752217344,0.6630218986334733,0.3595713449375301,0.1592,3.1407035175879394
SR,6,2359,80.10354614257812,296.6717834472656,0.22365890033713143,0.38756689036484204,0.30269704868589364,0.1592,3.1407035175879394
SR,10,2360,81.97340393066406,448.77618408203125,0.26302929939685815,0.8230222417997364,0.35125179068991513,0.1592,3.1407035175879394
SR,14,2361,99.26413536071777,306.8776550292969,0.21636661054511327,0.3904965101933151,0.28276169620250724,0.1592,3.1407035175879394
SR,0,2362,95.58180236816406,278.4537048339844,0.42066108537004404,0.5296032291181899,0.5587180673121944,0.1592,3.1407035175879394
SR,10,2363,96.03244018554688,405.6126480102539,0.36996421843508964,0.8197730568071591,0.43338778177895615,0.1592,3.1407035175879394
SR,3,2364,76.15786743164062,356.9385681152344,0.19844713528083213,0.31549707515156417,0.26841966675748885,0.1592,3.1407035175879394
SR,7,2365,79.15960693359375,499.26707458496094,0.34107983436413075,0.6760184840258949,0.39167047645203446,0.1592,3.1407035175879394
SR,13,2366,99.21062469482422,317.3591003417969,0.2083593044653131,0.8263922839018306,0.3147949727367151,0.1592,3.1407035175879394
SR,3,2367,97.97946166992188,447.937744140625,0.44520293354131163,0.6874136969050493,0.46998801584932925,0.1592,3.1407035175879394
SR,12,2368,81.46978759765625,517.4821166992188,0.38200822733064144,0.6547295643610532,0.40330349642701646,0.1592,3.1407035175879394
SR,6,2369,101.97668075561523,504.3426742553711,0.27388872271840287,0.4321669944698819,0.30541269054321046,0.1592,3.1407035175879394
SR,6,2370,104.23123168945312,555.1461334228516,0.3113426494520651,0.6718154634838225,0.40434660017373386,0.1592,3.1407035175879394
SR,1,2371,82.04312133789062,588.6283569335938,0.25258048734183114,0.7045855803944366,0.3770482212690584,0.1592,3.1407035175879394
SR,8,2372,76.68965148925781,309.63372802734375,0.22028050162794885,0.35835557439002397,0.30270129173004534,0.1592,3.1407035175879394
SR,11,2373,97.49514770507812,317.3565979003906,0.20976329547817413,0.37365202608919795,0.26237353418609155,0.1592,3.1407035175879394
SR,7,2374,98.91445636749268,270.7664794921875,0.2295555530410142,0.3671903598660539,0.2984125220695635,0.1592,3.1407035175879394
SR,3,2375,81.08554077148438,336.3605041503906,0.43891741403358037,0.7425328463046182,0.5243821604509051,0.1592,3.1407035175879394
SR,12,2376,102.03117370605469,315.3582191467285,0.19595800377764883,0.312695679299553,0.24100492627801015,0.1592,3.1407035175879394
SR,11,2377,81.431396484375,571.3807487487793,0.378689406744922,0.6422705918646451,0.403013955429518,0.1592,3.1407035175879394
SR,7,2378,83.66061401367188,669.7349319458008,0.21462908542829187,0.5817323024735177,0.2841521030009359,0.1592,3.1407035175879394
SR,6,2379,99.92603874206543,495.7895812988281,0.2601519201988744,0.4607433454477155,0.32042817380427013,0.1592,3.1407035175879394
SR,6,2380,81.11981201171875,373.6969299316406,0.31841863362876915,0.5831992969450221,0.398582919911293,0.1592,3.1407035175879394
SR,6,2381,100.24397277832031,305.599609375,0.47179132936873713,0.8121061575852766,0.534686383872583,0.1592,3.1407035175879394
SR,4,2382,77.8551025390625,432.1246032714844,0.1959849748482979,0.6243951131791565,0.26071488531642756,0.1592,3.1407035175879394
SR,0,2383,83.23460388183594,626.2315063476562,0.30638084108508984,0.7426003343788702,0.3799461306177486,0.1592,3.1407035175879394
SR,15,2384,95.07134199142456,591.1293716430664,0.24228329321314757,0.5650686564269991,0.2911668861860785,0.1592,3.1407035175879394
SR,5,2385,104.03778076171875,367.7233352661133,0.35296593628368167,0.7834575240115492,0.4140559647923473,0.1592,3.1407035175879394
SR,12,2386,77.4114990234375,437.8913269042969,0.4527700394776363,0.6494949481298298,0.5262557899195645,0.1592,3.1407035175879394
SR,9,2387,99.58924865722656,467.300048828125,0.2591521707916798,0.5503125286068412,0.32127767252260764,0.1592,3.1407035175879394
SR,9,2388,104.64012145996094,476.5111846923828,0.2694771968947818,0.40508441275318013,0.3401604322359743,0.1592,3.1407035175879394
SR,1,2389,79.47921752929688,208.25414085388184,0.2211656640002483,0.3795083652880219,0.2811676259812912,0.1592,3.1407035175879394
SR,2,2390,84.14480590820312,333.3422546386719,0.3217725988366422,0.49943775188847606,0.35671423360162496,0.1592,3.1407035175879394
SR,8,2391,81.69032287597656,378.525146484375,0.22954537737498454,0.5002263872938559,0.31458078753425445,0.1592,3.1407035175879394
SR,15,2392,75.96221923828125,235.43783569335938,0.19890226299662492,0.3344151910088011,0.2653612464931957,0.1592,3.1407035175879394
SR,14,2393,98.26657104492188,251.50491333007812,0.22997331992405787,0.449215251751038,0.30573131085137123,0.1592,3.1407035175879394
SR,13,2394,100.203857421875,427.26436614990234,0.291232830565584,0.699676447515854,0.37667655383690674,0.1592,3.1407035175879394
SR,6,2395,83.26072692871094,383.758056640625,0.28949885014652876,0.5273634532734428,0.36409882217705314,0.1592,3.1407035175879394
SR,0,2396,82.823486328125,400.9388732910156,0.25555367152585157,0.6224620848913757,0.3450453924465615,0.1592,3.1407035175879394
SR,4,2397,81.486572265625,452.36236572265625,0.4133313386540029,0.7034062200243473,0.43295886583717524,0.1592,3.1407035175879394
SR,9,2398,96.84199857711792,262.85406494140625,0.23318637684977384,0.6267162608543251,0.4651435354654911,0.1592,3.1407035175879394
SR,14,2399,98.93514728546143,639.2412033081055,0.29300894534552047,0.550420496568012,0.33637326768755643,0.1592,3.1407035175879394
SR,4,2400,98.9301233291626,477.6456604003906,0.3485582670515749,0.5906619533051358,0.3986501701432982,0.1592,3.1407035175879394
SR,10,2401,95.03524780273438,713.7782897949219,0.40440186864479066,0.6723596347293765,0.4619949473480251,0.1592,3.1407035175879394
SR,13,2402,80.64016723632812,201.70281982421875,0.5400510530451427,0.7992435051558352,0.6919728804320616,0.1592,3.1407035175879394
SR,12,2403,96.49855184555054,468.9536323547363,0.3332620657735981,0.5432842629786673,0.3662658833838494,0.1592,3.1407035175879394
SR,8,2404,76.60629272460938,523.9245738983154,0.38481017054394856,0.5356447108175058,0.4630832912578936,0.1592,3.1407035175879394
SR,0,2405,100.30475902557373,781.1043395996094,0.3915616619862058,0.6265986092626118,0.40438244075484536,0.1592,3.1407035175879394
SR,7,2406,82.64834594726562,427.0101318359375,0.18827034579541735,0.5390753287249892,0.2664788610503883,0.1592,3.1407035175879394
SR,15,2407,98.61511325836182,215.2686767578125,0.5704292957767814,0.8520679074462556,0.6682484385621236,0.1592,3.1407035175879394
SR,13,2408,100.2567138671875,200.07434844970703,0.37483992259282645,0.6249924371547322,0.40524122465998436,0.1592,3.1407035175879394
SR,5,2409,102.9508466720581,790.8039016723633,0.27677842523746315,0.5656833770102407,0.3332619029487748,0.1592,3.1407035175879394
SR,13,2410,75.15811157226562,292.9980163574219,0.4152413602290623,0.8103284454094676,0.4604073182231309,0.1592,3.1407035175879394
SR,0,2411,77.06640625,314.2947998046875,0.22525652331461946,0.3750269377348885,0.31794970252565175,0.1592,3.1407035175879394
SR,13,2412,95.03114318847656,563.0321960449219,0.3146529328559614,0.5590755107812154,0.35749618789612847,0.1592,3.1407035175879394
SR,1,2413,77.9603271484375,343.1519775390625,0.2028990706901506,0.3272759856656251,0.24238494445318848,0.1592,3.1407035175879394
SR,1,2414,82.26708984375,415.5455627441406,0.3064196834475936,1.0843496007650972,0.4254279380103212,0.1592,3.1407035175879394
SR,2,2415,79.28683471679688,297.2937316894531,0.2018917373949105,0.32354816353248583,0.2408937557470495,0.1592,3.1407035175879394
SR,1,2416,79.16983032226562,466.4199981689453,0.27393170308431003,0.6689491819960532,0.3415901239953488,0.1592,3.1407035175879394
SR,15,2417,84.80636596679688,200.7305793762207,0.2558347127265886,0.42245279735558994,0.35103960859240607,0.1592,3.1407035175879394
SR,7,2418,77.66021728515625,213.09356689453125,0.4755425852821786,1.33239957070954,0.611712667481487,0.1592,3.1407035175879394
SR,13,2419,83.07354736328125,537.9296569824219,0.2930799991112936,0.6729501458658038,0.3667269902964574,0.1592,3.1407035175879394
SR,8,2420,95.61677551269531,250.23638916015625,0.393923820851383,0.6199696309485571,0.4418689240535502,0.1592,3.1407035175879394
SR,7,2421,83.66061401367188,409.1610336303711,0.32959769972607567,0.614804043943654,0.39753988003486934,0.1592,3.1407035175879394
SR,15,2422,100.84040832519531,281.268310546875,0.19376142451101527,0.3153501180660757,0.27631159378075265,0.1592,3.1407035175879394
SR,7,2423,76.46823120117188,279.45489501953125,0.20929097299890767,0.3433091869412237,0.3073348425139776,0.1592,3.1407035175879394
SR,15,2424,103.52442932128906,287.2278518676758,0.20459340519092614,0.4529739950774936,0.27377153188655623,0.1592,3.1407035175879394
SR,9,2425,100.11629486083984,322.3153132200241,0.22300182296270807,0.37791431877932186,0.26679952333411594,0.1592,3.1407035175879394
SR,11,2426,104.10420322418213,300.49049377441406,0.2990561192173686,0.5291271260867365,0.34813705871838735,0.1592,3.1407035175879394
SR,9,2427,81.25434875488281,442.6094512939453,0.3008587289366798,0.48250046891639864,0.3445094309664734,0.1592,3.1407035175879394
SR,11,2428,79.23739624023438,688.6691436767578,0.2963593611229932,0.5127776480252096,0.34004810799498814,0.1592,3.1407035175879394
SR,5,2429,79.07705688476562,423.6574401855469,0.268636188710327,0.533890138911935,0.3438355090120285,0.1592,3.1407035175879394
SR,8,2430,80.38572692871094,362.5494842529297,0.22081058574291523,0.3700309028400942,0.2826116654537671,0.1592,3.1407035175879394
SR,9,2431,76.32733154296875,314.88787841796875,0.28360895207744036,0.48112768224009733,0.3486002834739594,0.1592,3.1407035175879394
SR,8,2432,82.73377990722656,583.7646484375,0.2644635550172283,0.48845030551763785,0.3122708263371026,0.1592,3.1407035175879394
SR,0,2433,80.19415283203125,748.4484329223633,0.27540984678831015,0.537620207807554,0.317064833695472,0.1592,3.1407035175879394
SR,14,2434,83.82089233398438,399.5545654296875,0.19919572429450538,0.44918980590262314,0.2448527907770438,0.1592,3.1407035175879394
SR,6,2435,78.52413940429688,404.08140563964844,0.24736243672810546,0.5265006660650141,0.302151073486326,0.1592,3.1407035175879394
SR,9,2436,99.89370441436768,498.8391876220703,0.24584180454136334,0.5623960076605151,0.32070544775203624,0.1592,3.1407035175879394
SR,2,2437,79.93948364257812,318.6634979248047,0.29765592468083,0.8843412602437004,0.40803548070279183,0.1592,3.1407035175879394
SR,13,2438,100.73895263671875,495.3639221191406,0.24686705625267782,0.6665934801290573,0.34628323329119454,0.1592,3.1407035175879394
SR,13,2439,75.74369812011719,326.3899841308594,0.17011352467243537,0.7761451948812138,0.3814664651327806,0.1592,3.1407035175879394
SR,1,2440,97.7757568359375,589.8393859863281,0.3276932046547436,0.541938338723296,0.359797942663172,0.1592,3.1407035175879394
SR,5,2441,77.31161499023438,208.5378875732422,0.4348503832077689,0.8002377112671507,0.5049285404375361,0.1592,3.1407035175879394
SR,14,2442,104.58224487304688,300.34581756591797,0.22284900392121193,0.9516862544627883,0.32295188252669615,0.1592,3.1407035175879394
SR,0,2443,79.66116333007812,575.6000442504883,0.2733516403729999,0.5228610465680466,0.31073572375331493,0.1592,3.1407035175879394
SR,3,2444,97.04501008987427,344.34783935546875,0.28867995122585294,0.6528746065047432,0.3523032032648755,0.1592,3.1407035175879394
SR,3,2445,79.69525146484375,547.1641845703125,0.38962635354230857,0.6981706715275605,0.45961399213703413,0.1592,3.1407035175879394
SR,4,2446,98.74565410614014,228.1154499053955,0.330414569454153,0.6476726777810908,0.418159034875796,0.1592,3.1407035175879394
SR,12,2447,96.91046142578125,417.05230712890625,0.24425356392803474,0.6697535438501305,0.3147005425754702,0.1592,3.1407035175879394
SR,7,2448,103.46646118164062,253.9854278564453,0.24118861380737394,0.429717551030952,0.32465071634573145,0.1592,3.1407035175879394
SR,5,2449,84.40145874023438,758.8694000244141,0.3017558779003378,0.5340721489628305,0.32133487857391624,0.1592,3.1407035175879394
SR,9,2450,95.99659729003906,224.07806396484375,0.330770192045802,0.8905880692135321,0.42683758916820036,0.1592,3.1407035175879394
SR,10,2451,75.6282958984375,433.6967468261719,0.3396765271563549,0.5872005267768148,0.38768577815519634,0.1592,3.1407035175879394
SR,5,2452,82.67098999023438,568.6721496582031,0.25470865774441637,0.5695227132394197,0.3257943837214308,0.1592,3.1407035175879394
SR,9,2453,95.04165649414062,301.44869232177734,0.35987073389314644,0.6170209928828778,0.42769612890371905,0.1592,3.1407035175879394
SR,0,2454,103.05628967285156,330.71324157714844,0.21191163465945,0.3776428360438215,0.26575629689702035,0.1592,3.1407035175879394
SR,13,2455,104.03778076171875,560.9595642089844,0.2729620342007669,0.6504967170076958,0.34173934767037356,0.1592,3.1407035175879394
SR,14,2456,99.46199035644531,333.1571807861328,0.32290518593311607,0.5070107757378165,0.3468751703082521,0.1592,3.1407035175879394
SR,9,2457,83.29093933105469,546.3337554931641,0.242913204479675,0.3788742679556047,0.31151206603132753,0.1592,3.1407035175879394
SR,12,2458,77.54924011230469,286.5720934867859,0.1954699166638022,0.3067720718805127,0.3131622467283627,0.1592,3.1407035175879394
SR,11,2459,102.99563121795654,447.90589904785156,0.2849597908634076,0.7145667740817105,0.39705807322851383,0.1592,3.1407035175879394
SR,12,2460,76.7861328125,348.4153594970703,0.2541445467774818,0.8014367820418977,0.4059839022429788,0.1592,3.1407035175879394
SR,10,2461,84.76998901367188,702.6792507171631,0.47605718540794484,0.9724580277811441,0.5508520878528491,0.1592,3.1407035175879394
SR,11,2462,97.59394836425781,285.06805419921875,0.25484306646842414,0.49258387758775785,0.2989652366705745,0.1592,3.1407035175879394
SR,1,2463,80.81156921386719,249.9509038925171,0.2107031394239948,0.5589803409045244,0.2857124280894114,0.1592,3.1407035175879394
SR,5,2464,83.17391967773438,331.0665283203125,0.24912512484736504,0.7973544568952795,0.40366746832285516,0.1592,3.1407035175879394
SR,10,2465,104.79060363769531,211.53689575195312,0.2494221520853334,0.704751548345273,0.40218772501339567,0.1592,3.1407035175879394
SR,7,2466,98.12947845458984,265.8198413848877,0.2409939121423082,0.4202095288268912,0.32407841511362057,0.1592,3.1407035175879394
SR,2,2467,76.86489868164062,231.12582397460938,0.3576204325546862,0.5904910457863086,0.41482992385146705,0.1592,3.1407035175879394
SR,11,2468,95.19363403320312,282.4413757324219,0.4444725993432585,0.9590907313201635,0.503713746737085,0.1592,3.1407035175879394
SR,7,2469,98.2588357925415,400.3394317626953,0.34457823110782776,0.692352079180126,0.4049544128321402,0.1592,3.1407035175879394
SR,0,2470,83.57205200195312,777.0543899536133,0.3524873315606623,0.5936108975424041,0.4066850582164614,0.1592,3.1407035175879394
SR,3,2471,84.56048583984375,435.446044921875,0.2766244545976162,0.47993572176609334,0.33180382151794896,0.1592,3.1407035175879394
SR,4,2472,79.78924560546875,565.5340881347656,0.21768535080785742,0.35309442214256226,0.2613291495372003,0.1592,3.1407035175879394
SR,0,2473,97.92626953125,544.502685546875,0.31362154370964074,0.6272550513949301,0.40291989567027375,0.1592,3.1407035175879394
SR,8,2474,80.27268981933594,274.06181395053864,0.5443391947497572,0.8346471457102711,0.5703626943362559,0.1592,3.1407035175879394
SR,4,2475,104.35102844238281,339.3793029785156,0.3360607657638264,0.8327928619684232,0.44389998216483856,0.1592,3.1407035175879394
SR,7,2476,96.53134346008301,366.32586669921875,0.36803174349983403,0.6119578037012529,0.4306420455417647,0.1592,3.1407035175879394
SR,11,2477,95.28044128417969,358.9000587463379,0.20929320370088617,0.385501608280284,0.2650108796554757,0.1592,3.1407035175879394
SR,7,2478,95.74784851074219,463.6975402832031,0.26752333514637916,0.5022073579083353,0.32304672941018675,0.1592,3.1407035175879394
SR,14,2479,101.50094890594482,202.8048095703125,0.5622084108968198,0.844448964571948,0.6378316124686186,0.1592,3.1407035175879394
SR,13,2480,75.53884887695312,481.0669860839844,0.2735902756274451,0.913629547797747,0.4528654801161157,0.1592,3.1407035175879394
SR,4,2481,98.69498443603516,440.50640869140625,0.3896014806866071,0.6560585987748088,0.45525107932588244,0.1592,3.1407035175879394
SR,9,2482,79.9195556640625,498.4335021972656,0.23666410730193377,0.515202413730599,0.28421152472301814,0.1592,3.1407035175879394
SR,15,2483,82.52915954589844,261.4502067565918,0.20028277463169153,0.33887495567167664,0.27076387372079674,0.1592,3.1407035175879394
SR,3,2484,75.498046875,489.1478729248047,0.3079554414211759,0.8850317879901819,0.41416654879063186,0.1592,3.1407035175879394
SR,8,2485,83.3873291015625,382.31982421875,0.27450625659644484,0.8585079111556948,0.37546039607721593,0.1592,3.1407035175879394
SR,14,2486,101.60190105438232,383.4597358703613,0.2590570596536949,0.5603462639041275,0.3096952133918919,0.1592,3.1407035175879394
SR,9,2487,99.18351078033447,328.2316131591797,0.2286773033838198,0.6432255327892048,0.3597889600547461,0.1592,3.1407035175879394
SR,4,2488,102.81829738616943,367.25872802734375,0.3868187816655185,0.932008638247588,0.4665520438592736,0.1592,3.1407035175879394
SR,6,2489,95.98733520507812,636.7822113037109,0.3836122545679726,0.6677544252738461,0.4208200002425079,0.1592,3.1407035175879394
SR,11,2490,95.06282615661621,205.77261352539062,0.3149414198888403,0.8963707878045025,0.384195731403543,0.1592,3.1407035175879394
SR,0,2491,100.0804386138916,262.77857208251953,0.21889068075770243,0.34835189122249416,0.2926586014622279,0.1592,3.1407035175879394
SR,8,2492,99.75216770172119,323.9471740722656,0.4051338836979504,0.6340445429616055,0.44422148269189904,0.1592,3.1407035175879394
SR,8,2493,98.12947845458984,230.59002685546875,0.21160950988929594,0.33958045296430694,0.30576481462524135,0.1592,3.1407035175879394
SR,2,2494,84.04669189453125,288.000244140625,0.20360314288044026,0.33395079477535244,0.25113986522233084,0.1592,3.1407035175879394
SR,8,2495,95.55914068222046,317.7855529785156,0.5152933032888742,0.7690736591316093,0.5279354940029036,0.1592,3.1407035175879394
SR,3,2496,79.56257629394531,223.97265625,0.26162025243920545,0.7172170897886038,0.365406109934764,0.1592,3.1407035175879394
SR,13,2497,100.61967468261719,202.26378726959229,0.21310853509366767,0.6637547663707921,0.3218666210726147,0.1592,3.1407035175879394
SR,4,2498,81.07647705078125,286.0171432495117,0.4175752113839037,1.0718456017028068,0.5120808855646837,0.1592,3.1407035175879394
SR,7,2499,103.84213256835938,223.686279296875,0.27597814974546786,0.4091296016471101,0.40596899265410546,0.1592,3.1407035175879394
SR,4,2500,97.70679903030396,534.0623779296875,0.3421381451200243,0.8000940660950683,0.41237270782965507,0.1592,3.1407035175879394
SR,10,2501,78.12924194335938,366.9054641723633,0.21634452899006446,0.4419075272768494,0.28743702547107564,0.1592,3.1407035175879394
SR,4,2502,83.66061401367188,574.6879730224609,0.24307783001721825,0.49037791045977097,0.2991856895483698,0.1592,3.1407035175879394
SR,13,2503,104.16376686096191,275.9936981201172,0.42984315654475785,0.6311164091547686,0.48272066480385356,0.1592,3.1407035175879394
SR,6,2504,99.54420471191406,224.31378173828125,0.30995888798754,0.5068345068185507,0.344463132384576,0.1592,3.1407035175879394
SR,2,2505,101.31020641326904,527.8609619140625,0.31507460893260747,0.6628271265415419,0.3883776477764445,0.1592,3.1407035175879394
SR,7,2506,96.33938598632812,313.2222671508789,0.2479329506555641,0.6438077862794754,0.36345890234473116,0.1592,3.1407035175879394
SR,8,2507,83.51771545410156,530.7412872314453,0.20947080848886954,0.7218312892513898,0.3326155610783868,0.1592,3.1407035175879394
SR,3,2508,79.80413818359375,424.07965087890625,0.25498077585619444,0.7069298231427126,0.3296713547931163,0.1592,3.1407035175879394
SR,6,2509,77.82791137695312,454.09471130371094,0.23718357528772582,0.42541278130627763,0.28822775570390247,0.1592,3.1407035175879394
SR,4,2510,95.34225416183472,683.8525085449219,0.25335636564802305,0.5818665666435051,0.3397135229926934,0.1592,3.1407035175879394
SR,8,2511,79.0948486328125,486.953125,0.2672988880996743,0.4712517376859246,0.30655958118641413,0.1592,3.1407035175879394
SR,9,2512,96.77878952026367,695.4258651733398,0.3165184909226239,0.6158762763301378,0.3628617420173355,0.1592,3.1407035175879394
SR,2,2513,97.57224464416504,261.504638671875,0.21854776399926049,1.0142197061860891,0.34136408001030016,0.1592,3.1407035175879394
SR,7,2514,97.9794659614563,224.55804443359375,0.6127807620602237,0.9374209600257203,0.9055172553023877,0.1592,3.1407035175879394
SR,8,2515,96.99116516113281,723.0539855957031,0.43263001429544373,0.7731755088838896,0.4720526960602055,0.1592,3.1407035175879394
SR,10,2516,84.13119506835938,401.3164520263672,0.33196349063270053,0.8045104136391541,0.41716188508560925,0.1592,3.1407035175879394
SR,7,2517,95.73086547851562,249.8607635498047,0.2070819623791313,0.33110402224648333,0.30861265990115583,0.1592,3.1407035175879394
SR,8,2518,100.4076566696167,203.64437866210938,0.2473841726427369,0.44821408044789224,0.31621815349664484,0.1592,3.1407035175879394
SR,13,2519,82.794677734375,297.21832275390625,0.46084678616916963,1.2295053788301384,0.5601105786539406,0.1592,3.1407035175879394
SR,10,2520,96.16936922073364,250.76821899414062,0.2822019498855002,0.41225078040250474,0.33224558183293307,0.1592,3.1407035175879394
SR,6,2521,104.3717041015625,219.65050506591797,0.24257770200025824,0.4616821182860779,0.32985896709692153,0.1592,3.1407035175879394
SR,8,2522,95.63973999023438,276.8345413208008,0.2857575200366425,0.8125595468250438,0.4082110773475989,0.1592,3.1407035175879394
SR,10,2523,100.84859943389893,723.0787811279297,0.2961643646757853,0.43031076109534483,0.3711002498666811,0.1592,3.1407035175879394
SR,8,2524,102.5732593536377,243.2635498046875,0.31489468913511687,0.4533781890904127,0.3782257901283213,0.1592,3.1407035175879394
SR,7,2525,78.68978881835938,227.25949096679688,0.2649349564169096,0.5912176881580796,0.3282789352692016,0.1592,3.1407035175879394
SR,7,2526,84.32339477539062,649.3144989013672,0.2695362339260356,0.6129606783871133,0.30936310367769004,0.1592,3.1407035175879394
SR,9,2527,102.48326110839844,358.65362548828125,0.2982917608349959,0.6623325709805487,0.3590273986881027,0.1592,3.1407035175879394
SR,12,2528,104.16377258300781,399.349365234375,0.4758336577192518,0.7368146142043469,0.5165411492262091,0.1592,3.1407035175879394
SR,0,2529,80.29360961914062,323.5599670410156,0.2145124003819,0.36913239316653845,0.279265321607189,0.1592,3.1407035175879394
SR,14,2530,98.97216796875,248.07693099975586,0.2605800187256292,1.048101460831774,0.40726567040201644,0.1592,3.1407035175879394
SR,2,2531,97.74402904510498,533.1288146972656,0.26444981714629306,0.49031991623960935,0.3128307520885175,0.1592,3.1407035175879394
SR,11,2532,100.00779819488525,430.6186828613281,0.2180110677647128,0.3870235248123869,0.2557930438159924,0.1592,3.1407035175879394
SR,6,2533,96.77487182617188,557.0712890625,0.32692371082592064,0.5688672733050976,0.37663940184670097,0.1592,3.1407035175879394
SR,4,2534,80.70706176757812,205.6154327392578,0.2122810060034837,0.34655020327226155,0.2972130533091339,0.1592,3.1407035175879394
SR,2,2535,75.96221923828125,596.4258728027344,0.3182115161681498,0.5820874265249695,0.3504400304487561,0.1592,3.1407035175879394
SR,0,2536,82.94290161132812,469.40447998046875,0.2165431822901433,0.6227844565755575,0.29410678338599927,0.1592,3.1407035175879394
SR,7,2537,81.04937744140625,515.6088447570801,0.3262532827775512,0.6340091728223989,0.3737402933132503,0.1592,3.1407035175879394
SR,5,2538,98.7806625366211,547.8018341064453,0.31141924043089503,0.4777306591377975,0.35533628688061053,0.1592,3.1407035175879394
SR,11,2539,80.036376953125,205.95791625976562,0.4784747318828304,0.8237512021836252,0.5992281724653211,0.1592,3.1407035175879394
SR,7,2540,78.88674926757812,473.51026916503906,0.2652910888893191,0.5604588139561134,0.33248848867241115,0.1592,3.1407035175879394
SR,3,2541,101.97668075561523,795.9821624755859,0.27238713908144435,0.44999062172837406,0.29105320286750735,0.1592,3.1407035175879394
SR,5,2542,81.49185180664062,529.3715972900391,0.212170197698782,0.3401440235047789,0.2553302727565965,0.1592,3.1407035175879394
SR,10,2543,81.40463256835938,451.4228210449219,0.25693691787838807,0.8095085005934081,0.3402134528977828,0.1592,3.1407035175879394
SR,7,2544,101.91566944122314,351.3973693847656,0.24375559634708216,0.3724381909290498,0.35260143676941197,0.1592,3.1407035175879394
SR,9,2545,98.36531066894531,344.64903259277344,0.2540498089337579,0.4608839601819454,0.3260037326743889,0.1592,3.1407035175879394
SR,9,2546,75.78251647949219,619.3966674804688,0.3636100974233609,0.6524204573411241,0.42428850622914366,0.1592,3.1407035175879394
SR,2,2547,81.3848876953125,323.1048278808594,0.24832539875420506,0.4551026176257632,0.309453896888451,0.1592,3.1407035175879394
SR,11,2548,76.80828857421875,449.41234588623047,0.2766430562036864,0.5491999029782291,0.34937387069142606,0.1592,3.1407035175879394
SR,8,2549,103.39370727539062,324.944616317749,0.2223273511059299,0.3697261285140985,0.2673258814642185,0.1592,3.1407035175879394
SR,11,2550,84.4732666015625,315.43809509277344,0.26367200626478243,0.6456304660865935,0.3703808649685865,0.1592,3.1407035175879394
SR,4,2551,82.69497680664062,515.5308456420898,0.3212811446301628,0.7022265542693596,0.3891917992802688,0.1592,3.1407035175879394
SR,2,2552,78.99630737304688,284.1015319824219,0.2128225757091759,0.3657184533314108,0.2576972897099149,0.1592,3.1407035175879394
SR,0,2553,75.06658935546875,212.58694458007812,0.2307134415327049,0.4243501949145777,0.28762563095223587,0.1592,3.1407035175879394
SR,1,2554,102.65340805053711,507.03924560546875,0.3019224552967684,0.857416936726224,0.38726727320840726,0.1592,3.1407035175879394
SR,15,2555,79.92584228515625,215.33363342285156,0.5967365571091897,1.1087176970896586,0.688486928371806,0.1592,3.1407035175879394
SR,13,2556,95.26689767837524,231.15076446533203,0.3473375861790327,0.4621988280763929,0.47615925467282944,0.1592,3.1407035175879394
SR,3,2557,101.31021118164062,468.7954559326172,0.34690687658852043,0.621024593194402,0.3989027214199848,0.1592,3.1407035175879394
SR,0,2558,84.418212890625,835.6579360961914,0.34125679619368077,0.6388403571692344,0.391885784743342,0.1592,3.1407035175879394
SR,10,2559,104.10693359375,250.5808868408203,0.24686535787068967,0.5345799459517326,0.3142070729620684,0.1592,3.1407035175879394
SR,15,2560,100.46737670898438,204.37234497070312,0.37001514180788403,1.3905136268522504,0.5087403709392985,0.1592,3.1407035175879394
SR,8,2561,84.21841430664062,478.44342708587646,0.3824266777505813,0.7037674031332193,0.4194971320636005,0.1592,3.1407035175879394
SR,3,2562,102.82227516174316,592.527172088623,0.28891419799215795,0.6725432081955304,0.3567215039834424,0.1592,3.1407035175879394
SR,8,2563,83.33412170410156,433.2222225666046,0.30939440469698387,0.5145243387428985,0.37766363072190334,0.1592,3.1407035175879394
SR,2,2564,83.39595031738281,622.0894317626953,0.253841692928497,0.472966501276228,0.29127341127861117,0.1592,3.1407035175879394
SR,7,2565,103.36141014099121,236.01922607421875,0.306226332486262,0.6950651084172268,0.4043225966433142,0.1592,3.1407035175879394
SR,9,2566,97.85264587402344,238.947021484375,0.45991126997215714,0.8988625166126201,0.5767382947911143,0.1592,3.1407035175879394
SR,8,2567,77.19480895996094,397.73760986328125,0.19749461129644127,0.3072906971483774,0.24986686459221827,0.1592,3.1407035175879394
SR,8,2568,75.28303527832031,229.80523681640625,0.25379377086588617,1.0092153014534657,0.40313733866904516,0.1592,3.1407035175879394
SR,13,2569,102.29595947265625,212.827880859375,0.5465980462789203,1.0732051449500886,0.6018193153296355,0.1592,3.1407035175879394
SR,0,2570,103.88612461090088,238.69235229492188,0.20023323923997743,0.3301094109790243,0.25181760262130776,0.1592,3.1407035175879394
SR,1,2571,76.30859375,289.5741271972656,0.2184709561118704,0.3554262776399401,0.29835474173404997,0.1592,3.1407035175879394
SR,10,2572,99.46199035644531,567.102783203125,0.3759192112261034,0.7484544034129519,0.49777900496346816,0.1592,3.1407035175879394
SR,3,2573,77.37985229492188,206.43481826782227,0.6433988527523444,1.105790717760313,0.7259518951739198,0.1592,3.1407035175879394
SR,11,2574,75.4637451171875,584.0893249511719,0.2593473294999141,0.6514683590187669,0.3276320295578018,0.1592,3.1407035175879394
SR,8,2575,99.71298217773438,505.65538024902344,0.23711610719857823,0.43551873270816505,0.27973983968187177,0.1592,3.1407035175879394
SR,8,2576,80.53802490234375,464.2755355834961,0.4314294808347222,0.7502170553110201,0.45696556065848726,0.1592,3.1407035175879394
SR,12,2577,95.25700378417969,643.9510660171509,0.23709947481702798,0.4262518397351853,0.2812590341750022,0.1592,3.1407035175879394
SR,0,2578,102.60098266601562,319.9766387939453,0.24607260498423744,0.8931520451037112,0.39676419366706833,0.1592,3.1407035175879394
SR,0,2579,102.99563121795654,357.8483772277832,0.26312663819428594,0.5319331407758522,0.3284494125557157,0.1592,3.1407035175879394
SR,1,2580,79.11434936523438,326.8892517089844,0.22118097965311348,0.3613050084304886,0.2957218247726115,0.1592,3.1407035175879394
SR,15,2581,78.2581787109375,540.7515716552734,0.3607861409136911,0.851425443736626,0.4356867000422599,0.1592,3.1407035175879394
SR,14,2582,99.46198558807373,207.10862851142883,0.24254137326533623,0.474746255476903,0.3268220906140605,0.1592,3.1407035175879394
SR,3,2583,84.80636596679688,292.1178283691406,0.2216115663112884,0.6928079787317449,0.3006934464372251,0.1592,3.1407035175879394
SR,12,2584,100.79959106445312,318.16315841674805,0.5098689987750781,0.9902619631862317,0.5628005972576103,0.1592,3.1407035175879394
SR,15,2585,104.03778076171875,505.7440185546875,0.4783941056132293,0.6649257617356654,0.5196231727518467,0.1592,3.1407035175879394
SR,8,2586,100.491455078125,304.4652404785156,0.3424785603006951,0.7192585930591137,0.42124584755373534,0.1592,3.1407035175879394
SR,0,2587,100.89884376525879,577.7594451904297,0.2579146775424165,0.4486596474366434,0.2980366708703769,0.1592,3.1407035175879394
SR,9,2588,75.96221923828125,377.74188232421875,0.19788127411193335,0.3134038649155174,0.24145794504052423,0.1592,3.1407035175879394
SR,1,2589,75.152587890625,265.26690673828125,0.20442505965628405,0.33333679626056034,0.27413137922392244,0.1592,3.1407035175879394
SR,9,2590,81.87051391601562,619.0982208251953,0.33134136375795875,0.6851062920796374,0.39853684829174185,0.1592,3.1407035175879394
SR,0,2591,83.9283447265625,243.71017456054688,0.1961308463868031,0.3163956313183019,0.25012242218307523,0.1592,3.1407035175879394
SR,9,2592,82.14735412597656,201.322998046875,0.4023494047270966,1.4240387699376191,0.6209230448245702,0.1592,3.1407035175879394
SR,15,2593,79.04580688476562,259.1719970703125,0.25221506740064337,0.8001178659795318,0.3509381358572001,0.1592,3.1407035175879394
SR,15,2594,82.69497680664062,370.68133544921875,0.1941085852220086,0.5239892402295894,0.2796272676835601,0.1592,3.1407035175879394
SR,9,2595,75.19607543945312,248.320068359375,0.43509278762651754,0.5712988140841672,0.5350183551059333,0.1592,3.1407035175879394
SR,5,2596,84.64498901367188,351.225830078125,0.341225666323586,0.5202066095143505,0.46547633118549564,0.1592,3.1407035175879394
SR,13,2597,98.70685386657715,238.0454559326172,0.3926350681975123,1.08526443021189,0.4730694619600892,0.1592,3.1407035175879394
SR,4,2598,95.70977783203125,431.62066650390625,0.20696737307141075,0.6209048074138979,0.29455288708662347,0.1592,3.1407035175879394
SR,7,2599,77.73455810546875,520.890007019043,0.3208712364344781,0.7296539156083105,0.4442239692229918,0.1592,3.1407035175879394
SR,15,2600,101.70100402832031,490.8469543457031,0.23921721695991688,0.779967014126342,0.42058039139535025,0.1592,3.1407035175879394
SR,7,2601,103.3257064819336,250.18295288085938,0.3623315382818018,0.6084278446667186,0.42702865453545774,0.1592,3.1407035175879394
SR,14,2602,102.09535598754883,618.5861206054688,0.27053558148636014,0.5016542448914836,0.30634800388003014,0.1592,3.1407035175879394
SR,11,2603,102.82227516174316,453.0528869628906,0.2673028232486671,0.4978394610300221,0.30185630159174964,0.1592,3.1407035175879394
SR,2,2604,97.9348955154419,507.13720703125,0.38906569996757934,0.6480580830894017,0.4201615858354254,0.1592,3.1407035175879394
SR,10,2605,103.98085021972656,470.0669860839844,0.33226289132196296,0.6805836866375561,0.3882666281804713,0.1592,3.1407035175879394
SR,11,2606,81.25434875488281,449.0480810403824,0.39703587753856256,0.7886049783270639,0.4643658617375086,0.1592,3.1407035175879394
SR,3,2607,97.19271850585938,225.3498992919922,0.20827691678066312,0.332264742589989,0.34041959380241915,0.1592,3.1407035175879394
SR,15,2608,100.57352542877197,405.8360900878906,0.27361449369037855,0.46316445253073735,0.32024001246730643,0.1592,3.1407035175879394
SR,13,2609,80.53802490234375,250.90682983398438,0.2686780833935444,0.5067676963221849,0.33128836288204033,0.1592,3.1407035175879394
SR,10,2610,104.65861511230469,205.37737274169922,0.18761291685692152,0.5179865498940383,0.26221272327434675,0.1592,3.1407035175879394
SR,2,2611,101.78098773956299,387.51080322265625,0.20517222506541555,0.3358509554149908,0.27197632065069755,0.1592,3.1407035175879394
SR,2,2612,102.56825542449951,232.35330200195312,0.22964010027736884,0.4036403555699194,0.2792815364809208,0.1592,3.1407035175879394
SR,6,2613,97.12426424026489,698.5294075012207,0.28793937566196703,0.45164775904071863,0.3341790106239373,0.1592,3.1407035175879394
SR,3,2614,76.75834655761719,435.421142578125,0.3194264898486828,0.6140881949673106,0.3790867271364827,0.1592,3.1407035175879394
SR,2,2615,98.61511325836182,776.3190383911133,0.2413887522281837,0.43269664584063694,0.29706294696721597,0.1592,3.1407035175879394
SR,11,2616,82.49336242675781,594.3209838867188,0.32328231150222664,0.6446863378037117,0.3979708898482591,0.1592,3.1407035175879394
SR,14,2617,97.12426424026489,322.5439758300781,0.4228360699563631,0.6606037905527968,0.5072986632467062,0.1592,3.1407035175879394
SR,1,2618,79.21563720703125,265.54981994628906,0.21401467671845562,0.53197783475597,0.2760664660831821,0.1592,3.1407035175879394
SR,1,2619,98.88018798828125,230.3756866455078,0.21608498534562415,0.3532793028500488,0.27713132364062326,0.1592,3.1407035175879394
SR,12,2620,102.5797529220581,266.0974178314209,0.21993906703831198,0.5130701809473972,0.2917989998116642,0.1592,3.1407035175879394
SR,14,2621,99.117431640625,244.67045974731445,0.23221459106610565,0.41625618303836504,0.2657901152006663,0.1592,3.1407035175879394
SR,15,2622,82.04757690429688,669.9693603515625,0.2635044846200221,0.4846271263149061,0.4250273959952214,0.1592,3.1407035175879394
SR,2,2623,84.4732666015625,863.218822479248,0.3797459849038022,0.6419153362478691,0.4079286332652277,0.1592,3.1407035175879394
SR,15,2624,79.73495483398438,368.8307418823242,0.29364109093461443,0.8164120623115771,0.4040597316510063,0.1592,3.1407035175879394
SR,5,2625,104.30195617675781,260.4793701171875,0.21656721128880946,0.37756540620741524,0.2772800254759241,0.1592,3.1407035175879394
SR,13,2626,101.03263854980469,599.0441818237305,0.40198863919675265,0.6517317405140564,0.4335728811123379,0.1592,3.1407035175879394
SR,12,2627,75.41775512695312,413.38215255737305,0.21062979618765001,0.5826315990322151,0.29202413425630774,0.1592,3.1407035175879394
SR,14,2628,98.72562313079834,432.1912033557892,0.24095835711689031,0.4861140832237582,0.30917997234916295,0.1592,3.1407035175879394
SR,1,2629,80.78936767578125,358.3260192871094,0.23179906251168023,0.6974821325505004,0.3330973340414848,0.1592,3.1407035175879394
SR,14,2630,95.74784851074219,200.86273193359375,0.6870677362677058,0.9162249329612421,0.8876051383160861,0.1592,3.1407035175879394
SR,11,2631,83.71194458007812,270.9255676269531,0.5243767666219611,0.8814019337797833,0.6827017822976801,0.1592,3.1407035175879394
SR,12,2632,80.09603881835938,509.04344177246094,0.32399586961005955,0.5755701739355648,0.37184741909666297,0.1592,3.1407035175879394
SR,7,2633,102.22577953338623,214.41534423828125,0.2708139697206689,0.791051842537451,0.3630250344328154,0.1592,3.1407035175879394
SR,15,2634,102.47587966918945,220.24891662597656,0.2952290095496642,0.49171567666491933,0.34218790049397907,0.1592,3.1407035175879394
SR,4,2635,82.97235107421875,289.846004486084,0.3012311095057241,0.9650010254602631,0.4620205813876398,0.1592,3.1407035175879394
SR,1,2636,96.84199523925781,725.3857803344727,0.3142120049137419,0.6990276619043908,0.3765013404138622,0.1592,3.1407035175879394
SR,12,2637,82.59700012207031,294.07786560058594,0.3632399056990015,0.6561586645374102,0.4073102837222237,0.1592,3.1407035175879394
SR,9,2638,79.06077575683594,742.8983840942383,0.3342579928855601,0.6065175664946606,0.3680662500607179,0.1592,3.1407035175879394
SR,14,2639,102.88914775848389,350.1091117858887,0.24808251048859947,0.45490763787372634,0.3117874727270568,0.1592,3.1407035175879394
SR,2,2640,95.19363260269165,418.102294921875,0.43358903082758987,0.9047324461729628,0.5063011272640455,0.1592,3.1407035175879394
SR,8,2641,82.05718994140625,643.2268714904785,0.21677543245688344,0.6591474183304091,0.30522058007970443,0.1592,3.1407035175879394
SR,12,2642,102.77215576171875,221.51742553710938,0.38618712646604647,0.572931368067269,0.4552873154229311,0.1592,3.1407035175879394
SR,12,2643,77.67985534667969,315.5504455566406,0.19353370843971396,0.7574092752444522,0.3321243809236578,0.1592,3.1407035175879394
SR,0,2644,99.83333015441895,861.1706085205078,0.31261351450475705,0.7627206012817701,0.3962492361216076,0.1592,3.1407035175879394
SR,0,2645,95.70977783203125,659.4227638244629,0.2872406796633225,0.7065878883834138,0.360112444102915,0.1592,3.1407035175879394
SR,1,2646,80.47018432617188,483.1138000488281,0.21454366332030486,0.36829538071752105,0.25842863423482165,0.1592,3.1407035175879394
SR,13,2647,103.36515808105469,303.7852554321289,0.206289031382539,0.7660070190296099,0.33269083387632004,0.1592,3.1407035175879394
SR,10,2648,101.72555351257324,376.02703857421875,0.2167419203827623,0.36440722120421687,0.2636746377911595,0.1592,3.1407035175879394
SR,4,2649,101.669189453125,207.39276885986328,0.31636518217930626,0.7047044544204712,0.3857021969013284,0.1592,3.1407035175879394
SR,7,2650,98.27529335021973,386.33692932128906,0.3675674227736295,0.6847658389802337,0.41230066104142116,0.1592,3.1407035175879394
SR,7,2651,76.50300598144531,371.9955139160156,0.35728681292490994,0.5693235420384313,0.3986958531023999,0.1592,3.1407035175879394
SR,12,2652,98.97216796875,311.19950103759766,0.3625365379292244,0.6639277057801274,0.4150355779707733,0.1592,3.1407035175879394
SR,1,2653,75.66287231445312,345.1756591796875,0.23397301269784193,0.4082988110164657,0.2919224054000812,0.1592,3.1407035175879394
SR,13,2654,96.33938598632812,360.8763961791992,0.3357643639194594,1.2249887260828733,0.5225240932135484,0.1592,3.1407035175879394
SR,9,2655,76.81312561035156,383.83355712890625,0.32533371929491306,0.8679852025136275,0.44991711392090766,0.1592,3.1407035175879394
SR,11,2656,81.3848876953125,354.380615234375,0.3524939761909312,0.5887336673356183,0.38884574717224996,0.1592,3.1407035175879394
SR,1,2657,82.875732421875,552.6590118408203,0.20613510234683582,0.34074435163069733,0.29741858412106814,0.1592,3.1407035175879394
SR,2,2658,104.84188842773438,607.4383850097656,0.5410913910936352,0.8436168115186273,0.5381243302659486,0.1592,3.1407035175879394
SR,12,2659,96.7822699546814,769.4215698242188,0.2574137234789606,0.41212968604225364,0.2964592346674107,0.1592,3.1407035175879394
SR,8,2660,80.70706176757812,236.6445528268814,0.2484678930042495,0.6282311831307087,0.33419583307669243,0.1592,3.1407035175879394
SR,6,2661,99.49991416931152,462.83917236328125,0.256790223395262,0.4694345951423736,0.3076019994986194,0.1592,3.1407035175879394
SR,12,2662,99.52980899810791,294.73241424560547,0.24522008380104576,0.720991720502678,0.33768584843021204,0.1592,3.1407035175879394
SR,1,2663,81.25433349609375,358.0816841125488,0.22406094930331205,0.36846912174665686,0.2985576463457554,0.1592,3.1407035175879394
SR,8,2664,102.72523498535156,528.1486206054688,0.3047733079062862,0.633433859748979,0.36180701929299003,0.1592,3.1407035175879394
SR,7,2665,104.99189758300781,250.47848510742188,0.43458992623055204,0.8741354163432646,0.5016359828736331,0.1592,3.1407035175879394
SR,0,2666,84.88348388671875,414.38099670410156,0.2688128666810426,0.6702791368362774,0.34478694366802454,0.1592,3.1407035175879394
SR,12,2667,100.92293071746826,511.8487548828125,0.210267831137313,0.6914896590457164,0.3452069106161209,0.1592,3.1407035175879394
SR,5,2668,82.77642822265625,664.1709594726562,0.2548484416251698,0.41608921438449814,0.29296444762023116,0.1592,3.1407035175879394
SR,11,2669,101.48233318328857,240.68076133728027,0.2371412497125077,0.5045674046278258,0.29145011133701537,0.1592,3.1407035175879394
SR,0,2670,101.11613464355469,441.59661865234375,0.38974639229345354,0.8111049247563639,0.46913631391435406,0.1592,3.1407035175879394
SR,12,2671,100.42576026916504,299.3249053955078,0.2841143594982473,0.7358169775620689,0.4342357485928635,0.1592,3.1407035175879394
SR,11,2672,80.29988098144531,1027.9470520019531,0.349383565958709,0.5729168892764211,0.39540747555786504,0.1592,3.1407035175879394
SR,7,2673,101.76875305175781,298.4902648925781,0.5672803060226635,1.1812619036685919,0.7496361633374861,0.1592,3.1407035175879394
SR,10,2674,95.82553243637085,746.866289138794,0.3034797166318806,0.5695024701299956,0.34123691542086665,0.1592,3.1407035175879394
SR,8,2675,99.08984375,238.59376525878906,0.26800910681392454,0.43178515476791485,0.32185213734663737,0.1592,3.1407035175879394
SR,3,2676,82.21711730957031,216.82611083984375,0.18057262374781735,0.7464053937254277,0.5112606259127236,0.1592,3.1407035175879394
SR,0,2677,96.45802307128906,410.1222457885742,0.31974503159211554,0.6410559326015672,0.3972707220704771,0.1592,3.1407035175879394
SR,9,2678,81.25434875488281,790.1292114257812,0.3224914114102045,0.6821356645026523,0.3784132068450623,0.1592,3.1407035175879394
SR,8,2679,95.93071746826172,235.65065002441406,0.3730305655872596,1.3381799934356255,0.5179594949706241,0.1592,3.1407035175879394
SR,13,2680,82.626953125,285.6405944824219,0.3753750401520029,0.5403640709999908,0.4160635505821064,0.1592,3.1407035175879394
SR,3,2681,83.24368286132812,662.2869567871094,0.24879487366564787,0.3931342001598134,0.3059848821789246,0.1592,3.1407035175879394
SR,5,2682,96.80827331542969,442.06300354003906,0.3457247014536073,0.8064463326079431,0.45062690369560193,0.1592,3.1407035175879394
SR,6,2683,101.14309692382812,566.30078125,0.2524180995081993,0.7680987993488755,0.3564513001458464,0.1592,3.1407035175879394
SR,7,2684,104.17967224121094,202.87918090820312,0.30063687808492795,0.769352988028282,0.41448053364652493,0.1592,3.1407035175879394
SR,4,2685,83.36827087402344,565.9393157958984,0.19671159406582645,0.7532977065379934,0.3496225865969631,0.1592,3.1407035175879394
SR,5,2686,81.973388671875,546.1254119873047,0.18469705041202905,0.2828430942010339,0.3000124375995169,0.1592,3.1407035175879394
SR,3,2687,79.82461547851562,343.69378662109375,0.2375806831010341,0.7712305106737194,0.3460369004902924,0.1592,3.1407035175879394
SR,6,2688,99.84559631347656,247.16334533691406,0.22962244790499128,0.3986563243493867,0.26751780980026785,0.1592,3.1407035175879394
SR,2,2689,101.10403442382812,248.01849365234375,0.2989571387349841,0.4624070805124313,0.38929646027428866,0.1592,3.1407035175879394
SR,10,2690,96.84199523925781,561.1399002075195,0.2416842611912435,0.7438845663478735,0.3240513572349136,0.1592,3.1407035175879394
SR,4,2691,98.01644897460938,486.3090057373047,0.3176853764784702,0.624773320523156,0.3889344804689181,0.1592,3.1407035175879394
SR,11,2692,77.96884155273438,672.7667350769043,0.27559422816266443,0.5131721797702189,0.3250722802111331,0.1592,3.1407035175879394
SR,4,2693,80.81156921386719,429.5938720703125,0.3322657674216901,0.8021894755494362,0.4393123420793095,0.1592,3.1407035175879394
SR,4,2694,84.57559204101562,231.77950286865234,0.36785204959664514,1.3881491898301686,0.47962683018697094,0.1592,3.1407035175879394
SR,4,2695,98.05377864837646,557.1101531982422,0.22911495167109752,0.4404456849294547,0.3160329721487787,0.1592,3.1407035175879394
SR,6,2696,77.24908447265625,216.41799545288086,0.21238842406355438,0.5650608458291699,0.33088833045819305,0.1592,3.1407035175879394
SR,10,2697,80.65570068359375,366.0783920288086,0.15815426914041408,0.5810388567153641,0.27991779571132624,0.1592,3.1407035175879394
SR,6,2698,100.9443531036377,621.0400695800781,0.2904950509920794,0.6479468175693546,0.35291256795999426,0.1592,3.1407035175879394
SR,7,2699,99.46198558807373,306.2581100463867,0.4203755896216515,0.7799351964949881,0.43243957461801535,0.1592,3.1407035175879394
SR,12,2700,84.34829711914062,771.5279922485352,0.4202448820681445,0.6733875239182514,0.4469405628048144,0.1592,3.1407035175879394
SR,9,2701,101.1922607421875,392.7482147216797,0.20473884524905736,0.34051819519310156,0.2514638349132486,0.1592,3.1407035175879394
SR,9,2702,103.83748054504395,267.34242248535156,0.21193434772530884,0.5000930646065431,0.26286268305981436,0.1592,3.1407035175879394
SR,7,2703,78.45294189453125,226.62438201904297,0.3075135038907693,0.7410081329149555,0.39655426071796457,0.1592,3.1407035175879394
SR,15,2704,103.36813354492188,357.60108947753906,0.3033035300952028,0.6614696688610577,0.36116840643654685,0.1592,3.1407035175879394
SR,10,2705,104.03778076171875,477.16033935546875,0.3160655990700856,0.7922116480690166,0.4270472396712109,0.1592,3.1407035175879394
SR,8,2706,101.31021118164062,289.09344482421875,0.31237203765752003,0.5357754164709794,0.3651678581542485,0.1592,3.1407035175879394
SR,9,2707,96.18781089782715,295.8707580566406,0.482895437419899,0.6309618561448933,0.6005417555716852,0.1592,3.1407035175879394
SR,8,2708,78.68978881835938,459.138671875,0.2536693965434543,0.43609217787281546,0.2942913735166061,0.1592,3.1407035175879394
SR,3,2709,78.87060546875,563.2839965820312,0.2930152793813279,0.5342546272558767,0.3418118710521124,0.1592,3.1407035175879394
SR,0,2710,104.93342113494873,250.619873046875,0.303386620926311,0.5036130846627401,0.4075670011701933,0.1592,3.1407035175879394
SR,4,2711,99.12458801269531,274.36114501953125,0.19895520415266543,0.3178694880586173,0.2749511601800278,0.1592,3.1407035175879394
SR,7,2712,101.79389953613281,214.54266357421875,0.39258919297413036,0.9693000526861627,0.4945208660611209,0.1592,3.1407035175879394
SR,5,2713,80.39509582519531,391.3236083984375,0.2624456501042216,0.6015325094832917,0.32368910110768523,0.1592,3.1407035175879394
SR,3,2714,101.19226741790771,468.17223727703094,0.22462535984207985,0.38013202427844067,0.30201826934419257,0.1592,3.1407035175879394
SR,6,2715,78.38812255859375,469.7499694824219,0.2522523147994934,0.48474567499167387,0.3392616674693327,0.1592,3.1407035175879394
SR,10,2716,96.91046142578125,276.3265380859375,0.3607838247458594,0.5314795597638159,0.38600407274933235,0.1592,3.1407035175879394
SR,2,2717,80.49356079101562,213.59732055664062,0.5031996784480133,0.6535698768679618,0.6177083381790089,0.1592,3.1407035175879394
SR,4,2718,98.74565124511719,439.4972686767578,0.18582379871226518,0.6030565831857287,0.2716618977291403,0.1592,3.1407035175879394
SR,8,2719,76.7861328125,410.089656829834,0.3497056776522169,1.0705232031187129,0.49146956526650915,0.1592,3.1407035175879394
SR,13,2720,83.47294616699219,206.04754638671875,0.6186659047606301,1.077852906191392,0.6548892008652559,0.1592,3.1407035175879394
SR,7,2721,100.59153652191162,308.67261505126953,0.28961924533675515,0.8844044151526109,0.3909258597943436,0.1592,3.1407035175879394
SR,9,2722,104.69065856933594,327.0016326904297,0.21407677268237418,0.36424307124130295,0.2693001869690064,0.1592,3.1407035175879394
SR,13,2723,101.16015625,235.041015625,0.4278588885682596,0.6978407850678094,0.4588441705018522,0.1592,3.1407035175879394
SR,8,2724,84.56048583984375,229.09246826171875,0.26151851293341205,0.7292930382078606,0.46101823733153097,0.1592,3.1407035175879394
SR,2,2725,100.12452602386475,437.50677490234375,0.20379472439386942,0.32561662519776285,0.275470731103086,0.1592,3.1407035175879394
SR,7,2726,84.48931884765625,349.6676940917969,0.39545261716783153,0.9064264834362764,0.5013980902292667,0.1592,3.1407035175879394
SR,6,2727,84.04939270019531,485.1088333129883,0.3865849445685278,0.6038425141711271,0.42525370633881887,0.1592,3.1407035175879394
SR,9,2728,77.37983703613281,309.9417419433594,0.33173492386218933,0.9879066867652269,0.42972640411831187,0.1592,3.1407035175879394
SR,6,2729,75.96221923828125,373.32655334472656,0.23976238222112092,0.47525199655787,0.29161332038976484,0.1592,3.1407035175879394
SR,9,2730,77.23587036132812,240.73046875,0.21753873263840823,0.38972390971864934,0.32279449305175356,0.1592,3.1407035175879394
SR,3,2731,98.2588357925415,205.39306640625,0.3109110590165215,0.5132793691309148,0.46884750885346044,0.1592,3.1407035175879394
SR,5,2732,99.39511108398438,233.58956909179688,0.19795242328920276,0.32946970064447006,0.26802928311265917,0.1592,3.1407035175879394
SR,12,2733,78.08084106445312,514.2944641113281,0.39331757450576726,0.7169464690533103,0.4433823297728653,0.1592,3.1407035175879394
SR,4,2734,77.99713134765625,249.23513793945312,0.2159477017297864,0.4292221992282625,0.2673189390489326,0.1592,3.1407035175879394
SR,14,2735,82.59381103515625,575.0320739746094,0.4170466986792497,0.6755793909793484,0.4591997222363277,0.1592,3.1407035175879394
SR,10,2736,83.7373046875,560.1104888916016,0.3540338800825448,0.874701505828224,0.474616040424625,0.1592,3.1407035175879394
SR,6,2737,80.39508056640625,477.8863220214844,0.22904787509100583,0.43542497053781565,0.2835332150736311,0.1592,3.1407035175879394
SR,11,2738,76.46823120117188,200.01461791992188,0.17050198504755282,0.6402346101856446,0.31235172543379275,0.1592,3.1407035175879394
SR,9,2739,83.83062744140625,441.08953857421875,0.21608319517970584,0.3512344729057243,0.2755894346038949,0.1592,3.1407035175879394
SR,9,2740,103.39370727539062,417.8537902832031,0.2077383327593833,0.49879512527181324,0.27716889235307457,0.1592,3.1407035175879394
SR,6,2741,95.0123291015625,257.8963508605957,0.23872620311068712,0.7619436661105666,0.33938361091933267,0.1592,3.1407035175879394
SR,7,2742,80.21783447265625,360.60491943359375,0.3689590572276518,0.7712117716281376,0.4386248054005083,0.1592,3.1407035175879394
SR,4,2743,95.62986755371094,279.1061325073242,0.22011061325022435,0.3912986161395738,0.3489913948973636,0.1592,3.1407035175879394
SR,8,2744,83.2647705078125,548.5676574707031,0.2728632014583919,0.637896376193273,0.3299297593766091,0.1592,3.1407035175879394
SR,0,2745,82.626953125,217.49265575408936,0.19391106427397775,0.3157582376141755,0.29300877593496316,0.1592,3.1407035175879394
SR,13,2746,96.77273559570312,492.2769546508789,0.35780387236784417,0.6648081701348432,0.3910948604088067,0.1592,3.1407035175879394
SR,0,2747,100.25671577453613,566.9948616027832,0.27620997010419374,0.7222750179199946,0.35533213702538846,0.1592,3.1407035175879394
SR,14,2748,104.74546718597412,241.076904296875,0.23676400254992142,0.8315087798226524,0.33950912397607563,0.1592,3.1407035175879394
SR,3,2749,96.27649545669556,541.6619529724121,0.2533256624810711,0.48848997966336477,0.32032556995929645,0.1592,3.1407035175879394
SR,1,2750,82.06790161132812,578.8876571655273,0.2646898842828837,0.5055830460259009,0.3067526881636124,0.1592,3.1407035175879394
SR,14,2751,104.74546813964844,617.967041015625,0.29142199199070884,0.5004530120143406,0.33402134720370613,0.1592,3.1407035175879394
SR,12,2752,83.3800048828125,508.3150634765625,0.3525498749396728,0.6900450435549146,0.4310614494715077,0.1592,3.1407035175879394
SR,15,2753,79.9921875,444.3108673095703,0.37804729055115516,0.6524675428508229,0.4192562832872339,0.1592,3.1407035175879394
SR,6,2754,78.0233154296875,520.883544921875,0.2742031580365196,0.6572798475260079,0.35025606894351996,0.1592,3.1407035175879394
SR,11,2755,83.66061401367188,470.1794967651367,0.39494741002116757,0.6423315738897577,0.4235882995121916,0.1592,3.1407035175879394
SR,12,2756,96.76539611816406,237.69589233398438,0.4138936971722374,0.6152361791034484,0.5105115386543926,0.1592,3.1407035175879394
SR,3,2757,78.0233154296875,367.9418640136719,0.2335607604781291,0.3929998153911541,0.2824851818427785,0.1592,3.1407035175879394
SR,0,2758,79.48397827148438,356.8473834991455,0.3121790656086233,0.5265836916064075,0.3370306385065976,0.1592,3.1407035175879394
SR,4,2759,82.60671997070312,549.8296203613281,0.21668259049084884,0.3403185834913376,0.2810838899009769,0.1592,3.1407035175879394
SR,2,2760,75.85261535644531,319.675048828125,0.20678058656379633,0.8425083611816602,0.36137523810012406,0.1592,3.1407035175879394
SR,4,2761,82.07373046875,401.4366912841797,0.26851611847048934,0.5522786512791825,0.30744601830081214,0.1592,3.1407035175879394
SR,14,2762,97.76448059082031,221.97818756103516,0.4991950084170993,1.0770167973473652,0.5700611994934067,0.1592,3.1407035175879394
SR,2,2763,77.76321411132812,333.33319091796875,0.20042130115947654,0.3156612745279508,0.2770275218677286,0.1592,3.1407035175879394
SR,4,2764,82.33389282226562,360.669921875,0.2767289400374735,0.550125976473678,0.3338110800267252,0.1592,3.1407035175879394
SR,4,2765,84.40145874023438,365.9780783653259,0.2716190548679349,0.638052652612297,0.3981143817871261,0.1592,3.1407035175879394
SR,14,2766,80.7542724609375,288.2438507080078,0.30912756469573416,0.7135308936830183,0.38687226859924045,0.1592,3.1407035175879394
SR,2,2767,97.32117557525635,230.03564453125,0.3652494354168532,0.6499599897364712,0.4141281133160186,0.1592,3.1407035175879394
SR,12,2768,104.90774726867676,540.8196792602539,0.239572672049859,0.4120309089589478,0.27563448237920934,0.1592,3.1407035175879394
SR,9,2769,95.86878967285156,397.5928649902344,0.3429901876875249,0.4745682496903658,0.3802678519829196,0.1592,3.1407035175879394
SR,11,2770,98.68583393096924,340.17755126953125,0.20220119229310513,0.322777596914748,0.250680496015894,0.1592,3.1407035175879394
SR,15,2771,95.12739753723145,429.5116195678711,0.22139743068004566,0.5170223405631116,0.2888531018662484,0.1592,3.1407035175879394
SR,9,2772,77.73455810546875,221.0997314453125,0.25815409505057124,0.765061766335469,0.3397036302040171,0.1592,3.1407035175879394
SR,2,2773,84.06338500976562,552.2752685546875,0.2290251941677777,0.3799103276751526,0.2996522147185344,0.1592,3.1407035175879394
SR,9,2774,83.15800476074219,261.0404212474823,0.4362422466079627,0.6570025746933799,0.4878988806579505,0.1592,3.1407035175879394
SR,14,2775,101.03263854980469,432.8074188232422,0.3698666397856699,0.7567498850595756,0.439826640766699,0.1592,3.1407035175879394
SR,11,2776,96.18780517578125,450.9260559082031,0.47913409873985396,0.6795012163880838,0.5151848779119909,0.1592,3.1407035175879394
SR,14,2777,81.7958984375,431.6570987701416,0.28491165837440335,0.6699879240588575,0.37769390053370844,0.1592,3.1407035175879394
SR,3,2778,102.03117370605469,223.66181182861328,0.2903838357854328,0.514167924346065,0.35018106698305407,0.1592,3.1407035175879394
SR,11,2779,80.13442993164062,290.9106750488281,0.20930306532305526,0.3276772490108901,0.29695014590420876,0.1592,3.1407035175879394
SR,4,2780,99.88118648529053,593.5019683837891,0.259055160665578,0.4366362073487267,0.2979014575270521,0.1592,3.1407035175879394
SR,13,2781,103.07036781311035,701.9822444915771,0.28046603391185504,0.6490334479851128,0.341691251076865,0.1592,3.1407035175879394
SR,5,2782,102.91391563415527,306.4776611328125,0.25741053660648516,0.7130356512265009,0.34012185896605823,0.1592,3.1407035175879394
SR,5,2783,101.13651466369629,530.8034973144531,0.27998353246693325,0.49905993534861726,0.33256824879837454,0.1592,3.1407035175879394
SR,0,2784,104.80393981933594,525.9685821533203,0.2695994403331725,0.5358864003523645,0.3486656226702128,0.1592,3.1407035175879394
SR,6,2785,97.22357273101807,246.1639060974121,0.21696228839469428,0.36945890856509506,0.3170679872655181,0.1592,3.1407035175879394
SR,3,2786,77.27476501464844,235.46133422851562,0.28124441911759024,0.5535473475992804,0.32291877921614,0.1592,3.1407035175879394
SR,10,2787,83.41885375976562,305.01768493652344,0.4353527211446552,0.584450347493169,0.4714152255565297,0.1592,3.1407035175879394
SR,15,2788,84.22648620605469,547.560733795166,0.5880989879071068,0.9168028219773023,0.649747637190608,0.1592,3.1407035175879394
SR,4,2789,83.04780578613281,394.01641845703125,0.2799087604846575,0.6055482060841944,0.3587966229083324,0.1592,3.1407035175879394
SR,11,2790,83.31387329101562,509.1665344238281,0.31657801391670065,0.6692332915258685,0.38327488625359524,0.1592,3.1407035175879394
SR,2,2791,99.46198558807373,490.5347900390625,0.4116498605595825,0.6854450256055888,0.43833587353594394,0.1592,3.1407035175879394
SR,10,2792,78.12922668457031,548.5604286193848,0.3676416897176667,0.6460375956397989,0.40205578347442816,0.1592,3.1407035175879394
SR,3,2793,96.87404584884644,625.4485626220703,0.32534406842194596,0.5251196976878402,0.3614575730558618,0.1592,3.1407035175879394
SR,3,2794,102.99563121795654,240.58489990234375,0.22948736799268815,0.6942770583543193,0.31399147006760275,0.1592,3.1407035175879394
SR,11,2795,99.19183349609375,748.4873199462891,0.21576097578915246,0.7151737433863188,0.29975716423718,0.1592,3.1407035175879394
SR,10,2796,77.04914855957031,511.81805419921875,0.454806856611071,0.8438644557628475,0.487773512251998,0.1592,3.1407035175879394
SR,3,2797,104.03778076171875,231.48388671875,0.36548966809460515,0.8379186333079797,0.4221407459167198,0.1592,3.1407035175879394
SR,7,2798,98.4705810546875,498.6921691894531,0.25437300799800383,0.46819138072945754,0.30042247240843734,0.1592,3.1407035175879394
SR,8,2799,75.67559814453125,453.94346618652344,0.30830467933076655,0.6802165177963684,0.372482119571978,0.1592,3.1407035175879394
SR,4,2800,83.47296142578125,311.59832763671875,0.5352997540880979,0.8196660425549075,0.660983074778789,0.1592,3.1407035175879394
SR,15,2801,102.9020414352417,438.89794921875,0.32970188835433073,0.5756043899513588,0.368432493316742,0.1592,3.1407035175879394
SR,0,2802,78.28709411621094,696.5194702148438,0.30371648287980246,0.7044332277523877,0.36336862526078767,0.1592,3.1407035175879394
SR,5,2803,81.07647705078125,537.9961090087891,0.28182132196700754,0.7345818766132818,0.37085084082563424,0.1592,3.1407035175879394
SR,14,2804,78.99630737304688,297.5956268310547,0.17841938568291982,0.2804150591380251,0.3747935943237047,0.1592,3.1407035175879394
SR,6,2805,98.67265033721924,511.0592041015625,0.2569198219047147,0.44874778823595113,0.3142556832144189,0.1592,3.1407035175879394
SR,8,2806,80.78936767578125,204.67987060546875,0.16080968691128814,0.23978309365454675,0.5527261068960231,0.1592,3.1407035175879394
SR,1,2807,99.81101989746094,222.64312744140625,0.23805686634522732,0.7623290556167798,0.32220226442510075,0.1592,3.1407035175879394
SR,13,2808,101.62255859375,470.3529739379883,0.2151950254639688,0.6271459054173494,0.31037649544363666,0.1592,3.1407035175879394
SR,14,2809,84.58892822265625,455.3350830078125,0.26354542094091704,0.5176855061551108,0.3211019572321601,0.1592,3.1407035175879394
SR,8,2810,76.7861328125,266.6907043457031,0.2724429285831136,0.6681303652318529,0.35469034610195643,0.1592,3.1407035175879394
SR,0,2811,80.31149291992188,516.7867279052734,0.32731228422496417,0.6119002521300132,0.3746049126552244,0.1592,3.1407035175879394
SR,8,2812,98.58308029174805,284.54265785217285,0.20279782362382134,0.6702139774859426,0.3047706051080267,0.1592,3.1407035175879394
SR,0,2813,82.1473388671875,390.9103698730469,0.3180792120244994,0.6288743796274576,0.4101569656675783,0.1592,3.1407035175879394
SR,8,2814,98.97216796875,344.34265899658203,0.30126967421586104,0.6055410770384839,0.3629545834193054,0.1592,3.1407035175879394
SR,7,2815,95.5267333984375,403.8037338256836,0.3855361082506506,0.7647853739638957,0.4416169568644158,0.1592,3.1407035175879394
SR,11,2816,98.01058864593506,350.3387756347656,0.2118003613774006,0.38311333250238927,0.2484940827499353,0.1592,3.1407035175879394
SR,5,2817,84.63516235351562,417.83123779296875,0.2122534373080055,0.36380176468205766,0.2716569679936373,0.1592,3.1407035175879394
SR,3,2818,82.43231201171875,614.5225372314453,0.24956552520000302,0.7743872145206863,0.3822719921131534,0.1592,3.1407035175879394
SR,14,2819,78.13510131835938,219.8443775177002,0.18381790775425677,0.2854734662687309,0.3198993094449736,0.1592,3.1407035175879394
SR,5,2820,83.13076782226562,410.9011535644531,0.24436617123785176,0.4139631709766146,0.29530637463114234,0.1592,3.1407035175879394
SR,14,2821,103.14308166503906,324.2636413574219,0.2106310809684227,0.5924734046045724,0.30747360626867987,0.1592,3.1407035175879394
SR,8,2822,96.56190490722656,662.595703125,0.2234479002748687,0.35244184516313176,0.26189014022007473,0.1592,3.1407035175879394
SR,5,2823,78.56938171386719,421.07818603515625,0.3052082556718982,0.6348830145987634,0.36015047546937967,0.1592,3.1407035175879394
SR,13,2824,78.04287719726562,381.42351150512695,0.28964025748115624,1.5793292012962528,0.4767804773964325,0.1592,3.1407035175879394
SR,8,2825,83.404052734375,492.1296691894531,0.28457332791823564,0.631833700704855,0.3558398507426208,0.1592,3.1407035175879394
SR,15,2826,101.31020641326904,241.83738708496094,0.27434860031288516,0.5458407646914237,0.32572853964135984,0.1592,3.1407035175879394
SR,3,2827,99.80584716796875,563.3004913330078,0.33046137015445154,0.5448191961889369,0.40120009511905774,0.1592,3.1407035175879394
SR,3,2828,83.91847229003906,248.7154541015625,0.38448371998063985,0.5614179888714295,0.47361173094589554,0.1592,3.1407035175879394
SR,11,2829,102.09535217285156,274.8121795654297,0.22814659473199267,0.3777659798911671,0.28773676923955266,0.1592,3.1407035175879394
SR,3,2830,75.3624267578125,405.58502197265625,0.2141840672747297,0.3630852727307167,0.28516908900767807,0.1592,3.1407035175879394
SR,1,2831,83.07354736328125,479.42950439453125,0.19734962129218933,0.5031347193197102,0.28557963363636735,0.1592,3.1407035175879394
SR,14,2832,102.99563121795654,554.5549774169922,0.23245371790678993,0.43293155488171353,0.2719766224978212,0.1592,3.1407035175879394
SR,1,2833,104.79060554504395,248.0325164794922,0.21259049235605537,0.36244483395604304,0.26925348930631815,0.1592,3.1407035175879394
SR,10,2834,82.61468505859375,366.9998779296875,0.3819003651397033,0.6273582949551997,0.43503175618012324,0.1592,3.1407035175879394
SR,6,2835,104.08059024810791,239.60752868652344,0.2229516314505927,0.3811973066677935,0.28258295078649553,0.1592,3.1407035175879394
SR,2,2836,83.15798950195312,573.1875,0.2169001634680653,0.39128271252809643,0.2555687910784738,0.1592,3.1407035175879394
SR,5,2837,80.11880493164062,356.0260009765625,0.3151007585076546,0.6053522328284118,0.3805493434267201,0.1592,3.1407035175879394
SR,15,2838,84.1851806640625,286.23052978515625,0.42596696519311067,0.8006780527319277,0.4652209113442383,0.1592,3.1407035175879394
SR,11,2839,80.28701782226562,371.3120307922363,0.5031816135697347,0.7394520272676318,0.5885673801376057,0.1592,3.1407035175879394
SR,9,2840,97.33787536621094,486.2793273925781,0.37492792964729216,0.5020473797855227,0.42727389607982746,0.1592,3.1407035175879394
SR,1,2841,98.90852355957031,752.2003936767578,0.3532086760675838,0.6418708176541085,0.39683377663872554,0.1592,3.1407035175879394
SR,0,2842,76.65008544921875,335.61236572265625,0.24795857537248334,0.6419028480299367,0.32412164965814133,0.1592,3.1407035175879394
SR,3,2843,76.73236083984375,338.8036804199219,0.23621130000853285,0.658578148084823,0.2998254020707436,0.1592,3.1407035175879394
SR,5,2844,84.40147399902344,328.2589111328125,0.4595576830664139,0.6611167889796575,0.4860829943452096,0.1592,3.1407035175879394
SR,2,2845,78.39810180664062,492.01771545410156,0.1968860602066336,0.6610627017310486,0.31650584815134375,0.1592,3.1407035175879394
SR,11,2846,84.50390625,794.0072326660156,0.3816178055482715,0.7204913464370816,0.43104327630486233,0.1592,3.1407035175879394
SR,11,2847,104.76583862304688,404.4464855194092,0.3395865603493439,0.4864712444284022,0.40142059155205156,0.1592,3.1407035175879394
SR,3,2848,81.87051391601562,227.53557586669922,0.3558519444953823,1.2318146522309354,0.4653622194903495,0.1592,3.1407035175879394
SR,1,2849,97.6762900352478,245.11346435546875,0.2204409521624474,0.4205856400048942,0.3195804597064911,0.1592,3.1407035175879394
SR,7,2850,97.64535522460938,384.15850830078125,0.36255361845097184,1.179098907485913,0.48973673819178176,0.1592,3.1407035175879394
SR,9,2851,98.43979549407959,781.4622497558594,0.3046562706511533,0.49487923673673034,0.33648218429412213,0.1592,3.1407035175879394
SR,4,2852,80.89781188964844,459.37646484375,0.25785988793063075,0.5778428392510556,0.3329626365964612,0.1592,3.1407035175879394
SR,3,2853,97.7757568359375,378.36851501464844,0.3257425858810314,0.6371436615271975,0.3853396197544626,0.1592,3.1407035175879394
SR,0,2854,100.43742370605469,398.0922546386719,0.2149411930103275,0.3384803124810687,0.30302732195205,0.1592,3.1407035175879394
SR,0,2855,100.89562034606934,588.2408871650696,0.2597057341211923,0.4343127310282928,0.3055508628978403,0.1592,3.1407035175879394
SR,10,2856,96.65841674804688,342.83497619628906,0.24988438028210666,0.5553276247745016,0.32994707711549925,0.1592,3.1407035175879394
SR,3,2857,79.64102172851562,460.94566345214844,0.46586042993162663,0.7297062959968947,0.5090117709223887,0.1592,3.1407035175879394
SR,1,2858,103.39370727539062,468.51495361328125,0.23872212652042132,0.49197375468532606,0.28897964571412227,0.1592,3.1407035175879394
SR,5,2859,79.43899536132812,286.76580810546875,0.3375158006579177,0.5689902506527956,0.39014736468752786,0.1592,3.1407035175879394
SR,2,2860,84.40147399902344,318.7612609863281,0.20875984163627662,0.6694422128968665,0.4010835046623715,0.1592,3.1407035175879394
SR,8,2861,80.53800964355469,344.8212432861328,0.26574381018146637,0.524713800878415,0.3160875481379337,0.1592,3.1407035175879394
SR,4,2862,96.44873046875,686.3850860595703,0.4769498211533206,0.813587688298823,0.5063205112926322,0.1592,3.1407035175879394
SR,4,2863,97.36401796340942,302.23182678222656,0.31419271243651326,0.6606956679459749,0.418654982565189,0.1592,3.1407035175879394
SR,14,2864,95.35502290725708,406.9863166809082,0.21131313384722702,0.41831262613170705,0.2882994615458813,0.1592,3.1407035175879394
SR,5,2865,103.47908020019531,512.6924133300781,0.25149139365633455,0.7899319615000361,0.34625883250811423,0.1592,3.1407035175879394
SR,5,2866,81.11981201171875,201.97851181030273,0.2196920644183456,0.4116030540461783,0.31845300144591404,0.1592,3.1407035175879394
SR,7,2867,80.69560241699219,230.73650360107422,0.30745926506316756,0.6759773185958862,0.3781375419945179,0.1592,3.1407035175879394
SR,11,2868,83.94660949707031,248.51870727539062,0.5926087173763657,1.0148496676005123,0.6178579510629221,0.1592,3.1407035175879394
SR,7,2869,96.18780517578125,287.03609824180603,0.36168681123174284,0.8038963900121265,0.46114308289228817,0.1592,3.1407035175879394
SR,10,2870,97.43069458007812,208.0578384399414,0.462481643212613,1.454650755398113,0.5682396346202411,0.1592,3.1407035175879394
SR,10,2871,80.97283935546875,508.6272430419922,0.29793238444428116,0.7931545145733485,0.3815783862710899,0.1592,3.1407035175879394
SR,5,2872,76.36196899414062,522.6628723144531,0.19151968426583207,0.7140572341875859,0.3014894575436351,0.1592,3.1407035175879394
SR,0,2873,75.55422973632812,781.8532943725586,0.3624597432956222,0.620547167607492,0.41261672873158783,0.1592,3.1407035175879394
SR,3,2874,77.82791137695312,444.14524841308594,0.23626117692232035,0.3923239762937181,0.2957010027826278,0.1592,3.1407035175879394
SR,7,2875,104.7986946105957,378.8265600204468,0.24055923487879524,0.420906869644298,0.2875286170833602,0.1592,3.1407035175879394
SR,3,2876,97.23617553710938,307.89186096191406,0.19881489154593396,0.3241841573589573,0.27310614332327987,0.1592,3.1407035175879394
SR,13,2877,75.30081176757812,247.81887817382812,0.2716066100989916,1.0047287738762012,0.43882718259669323,0.1592,3.1407035175879394
SR,9,2878,79.86233520507812,323.1574401855469,0.2437355553243304,0.4509102351064596,0.3552540936963586,0.1592,3.1407035175879394
SR,14,2879,76.30276489257812,288.2954559326172,0.1928750722440643,0.8711452603055857,0.31300972410124933,0.1592,3.1407035175879394
SR,8,2880,79.11436462402344,431.9480438232422,0.28993900274569384,0.7075501220742036,0.3545480819809368,0.1592,3.1407035175879394
SR,10,2881,101.70100975036621,289.64166259765625,0.21302520200903285,0.3528639610776499,0.2706872196792011,0.1592,3.1407035175879394
SR,6,2882,97.56072235107422,232.395263671875,0.5264559190739133,1.280558963278312,0.6601658812665554,0.1592,3.1407035175879394
SR,1,2883,78.97637939453125,346.6304931640625,0.23887623361228974,0.6836210227587642,0.3625684071243881,0.1592,3.1407035175879394
SR,10,2884,75.13941955566406,667.1312942504883,0.5971052719916,0.8401452178644263,0.6419892618318565,0.1592,3.1407035175879394
SR,13,2885,83.83062744140625,368.0645179748535,0.5708598811285844,1.3705004058260994,0.771758688880533,0.1592,3.1407035175879394
SR,10,2886,77.5167236328125,396.37911224365234,0.3547676514151486,0.9829139148624823,0.46435534395687,0.1592,3.1407035175879394
SR,3,2887,77.71099853515625,300.06884765625,0.20233336128691623,0.33360969507296107,0.27112740633983495,0.1592,3.1407035175879394
SR,8,2888,78.11083984375,555.6745758056641,0.19041057837719777,0.63902843134526,0.317852824064084,0.1592,3.1407035175879394
SR,15,2889,95.2570104598999,419.41419982910156,0.24001901556863528,0.5090431351081216,0.32143340982501417,0.1592,3.1407035175879394
SR,12,2890,79.89083862304688,407.9810104370117,0.2729164419427246,0.5525194385218896,0.31421372269373266,0.1592,3.1407035175879394
SR,6,2891,97.3516492843628,871.2283706665039,0.3459175437368186,0.6368541758668315,0.3914445768664084,0.1592,3.1407035175879394
SR,6,2892,81.87051391601562,376.6165657043457,0.4256509970291747,1.0495632231924699,0.5216099695950727,0.1592,3.1407035175879394
SR,1,2893,75.88337707519531,502.9305419921875,0.2042060121609719,0.3324604794773771,0.2923185191814549,0.1592,3.1407035175879394
SR,0,2894,76.21701049804688,769.1323013305664,0.44563856551316794,0.728617322876024,0.47453328033724335,0.1592,3.1407035175879394
SR,8,2895,79.42648315429688,261.54754638671875,0.48444646857114776,1.0408067370215692,0.5580363605401348,0.1592,3.1407035175879394
SR,3,2896,84.86441040039062,555.2991485595703,0.2914222212936556,0.6055653729466866,0.35800234153287613,0.1592,3.1407035175879394
SR,3,2897,98.64227294921875,266.9370422363281,0.20997006243820587,0.8660388047002883,0.3210507339421173,0.1592,3.1407035175879394
SR,2,2898,79.38032531738281,565.5721740722656,0.29350948462525767,0.4682229618562431,0.3427475911935723,0.1592,3.1407035175879394
SR,4,2899,96.74975824356079,211.39215087890625,0.6662298621358967,1.0523778517535978,0.6303484846668752,0.1592,3.1407035175879394
SR,6,2900,84.88348388671875,314.5591735839844,0.21718169831146744,0.3775874538679861,0.2562482239766691,0.1592,3.1407035175879394
SR,7,2901,98.01058864593506,403.02718353271484,0.349615779504524,0.701431307062795,0.41327711109782156,0.1592,3.1407035175879394
SR,13,2902,99.95787048339844,292.185302734375,0.23148978526414746,0.6656666568277037,0.3436286505206427,0.1592,3.1407035175879394
SR,6,2903,95.19363260269165,224.57162475585938,0.3547706878061705,0.9677282284244899,0.4794299082222732,0.1592,3.1407035175879394
SR,2,2904,76.42826843261719,471.9401168823242,0.24068343322252253,0.427627812399042,0.28074495148117856,0.1592,3.1407035175879394
SR,14,2905,78.27444458007812,421.78106689453125,0.35949359335914566,0.7718931562417307,0.4372809959918344,0.1592,3.1407035175879394
SR,0,2906,97.6499571800232,823.7080917358398,0.3265714684329657,0.5491246018156392,0.34582625269663436,0.1592,3.1407035175879394
SR,13,2907,76.93740844726562,219.21944904327393,0.2719320469674671,0.537036087071868,0.35303675804472057,0.1592,3.1407035175879394
SR,1,2908,104.86058044433594,253.447509765625,0.22554728242267882,0.5670012321746124,0.30870154687500645,0.1592,3.1407035175879394
SR,9,2909,102.80519104003906,208.1042022705078,0.27522876815545616,0.45206243533195695,0.3786939242357462,0.1592,3.1407035175879394
SR,7,2910,95.11652183532715,343.52124786376953,0.22651484988786774,0.3551298365060231,0.29840797806950176,0.1592,3.1407035175879394
SR,10,2911,76.88970947265625,361.6178684234619,0.24784662421784187,0.491528988413233,0.31125935808389543,0.1592,3.1407035175879394
SR,6,2912,81.3848876953125,536.2671051025391,0.2341918887241573,0.5019584052471716,0.28440606070377616,0.1592,3.1407035175879394
SR,9,2913,83.21772766113281,452.1668701171875,0.37121875456082093,0.6514486055491884,0.4148250058159962,0.1592,3.1407035175879394
SR,5,2914,104.15500736236572,372.42596435546875,0.38578888943375084,0.7713000697694012,0.4398361752190333,0.1592,3.1407035175879394
SR,13,2915,75.68350219726562,309.29547119140625,0.3629261352517028,0.7350297545154912,0.46639881255754484,0.1592,3.1407035175879394
SR,4,2916,98.70170593261719,308.7223091125488,0.35448024860507854,0.8537332021633726,0.4468700728521345,0.1592,3.1407035175879394
SR,11,2917,101.92984962463379,301.4840087890625,0.41921885203582415,0.6120802247802702,0.47235946222465836,0.1592,3.1407035175879394
SR,11,2918,75.96221923828125,280.3205108642578,0.49100393791490926,0.7259182981794646,0.5488629386632763,0.1592,3.1407035175879394
SR,6,2919,95.885178565979,491.19541931152344,0.28652968548122615,0.6088495152379125,0.3482170613915057,0.1592,3.1407035175879394
SR,2,2920,97.45358037948608,506.4629821777344,0.29801776328788127,0.6244338743686865,0.3680461698573553,0.1592,3.1407035175879394
SR,8,2921,97.124267578125,501.7035217285156,0.3525753700112516,0.6892951703352079,0.41471238340699845,0.1592,3.1407035175879394
SR,14,2922,95.79553747177124,397.98645782470703,0.22758445715760744,0.3956973617739127,0.2912333855136641,0.1592,3.1407035175879394
SR,5,2923,98.85382080078125,610.2831573486328,0.356395411752811,0.660355502320007,0.40762268957648595,0.1592,3.1407035175879394
SR,7,2924,95.7735161781311,317.49563217163086,0.40816799255848757,0.8548647947197514,0.4963724466360141,0.1592,3.1407035175879394
SR,2,2925,104.74546813964844,570.5483093261719,0.32734515520346963,0.6237936513115718,0.40064928245885134,0.1592,3.1407035175879394
SR,9,2926,103.04667663574219,682.1467819213867,0.25525936479530037,0.44803970717943337,0.3112304686473907,0.1592,3.1407035175879394
SR,0,2927,82.43231201171875,613.05517578125,0.30573683501350957,0.7381817252892857,0.38341791713806256,0.1592,3.1407035175879394
SR,14,2928,78.25390625,220.84942626953125,0.33654261207220537,0.9072336460114866,0.41046111422401366,0.1592,3.1407035175879394
SR,3,2929,101.43400573730469,467.64056396484375,0.46941481771658305,0.69610676878923,0.4978084301791884,0.1592,3.1407035175879394
SR,6,2930,99.40495872497559,486.460693359375,0.24939419063142532,0.4253865416416467,0.29322261664916666,0.1592,3.1407035175879394
SR,5,2931,79.65139770507812,237.29936599731445,0.21813276064846546,0.40588672012525384,0.3072505576747245,0.1592,3.1407035175879394
SR,5,2932,104.03778076171875,249.54132080078125,0.3753913036708198,0.5902346491796371,0.4110363484622796,0.1592,3.1407035175879394
SR,0,2933,81.58589172363281,367.71038818359375,0.2352902147003409,0.8106412776036941,0.337923819364248,0.1592,3.1407035175879394
SR,12,2934,104.74546718597412,522.5858154296875,0.18576283972439814,0.29131937686202264,0.27201724836930985,0.1592,3.1407035175879394
SR,11,2935,98.38266849517822,271.18035888671875,0.19654632910597705,0.31437208580325643,0.31723271613418774,0.1592,3.1407035175879394
SR,11,2936,78.68978881835938,231.80642700195312,0.32178915286462606,0.4904720589451211,0.415689247352043,0.1592,3.1407035175879394
SR,8,2937,99.76642608642578,240.58770751953125,0.3969209499212805,0.6517936803357453,0.4862800879484679,0.1592,3.1407035175879394
SR,2,2938,96.5116286277771,514.9962768554688,0.18901977702168013,0.8785669830340456,0.4119452823394554,0.1592,3.1407035175879394
SR,13,2939,83.45449829101562,487.91033935546875,0.3592386223062091,0.6658883830365605,0.4021798833409364,0.1592,3.1407035175879394
SR,12,2940,81.1358642578125,216.93582153320312,0.20331607343557956,0.3224773290114843,0.27994750844620064,0.1592,3.1407035175879394
SR,0,2941,83.57205200195312,253.625244140625,0.2927768077175157,0.9044021284852137,0.3971543654316249,0.1592,3.1407035175879394
SR,10,2942,82.23551940917969,223.62783813476562,0.24973935905938335,0.8411803352634103,0.36288125026735923,0.1592,3.1407035175879394
SR,5,2943,80.58770751953125,703.2155914306641,0.3092506802542697,0.7205694280909423,0.38205501313949297,0.1592,3.1407035175879394
SR,8,2944,98.37809753417969,450.93772888183594,0.3511603384722014,0.7157451173855283,0.40274468677185116,0.1592,3.1407035175879394
SR,8,2945,101.7129077911377,381.0231018066406,0.28477233079652287,0.6421648058513691,0.36383607363662956,0.1592,3.1407035175879394
SR,12,2946,104.03778076171875,234.54281616210938,0.21247753387310453,0.35904181273740793,0.24379980333659698,0.1592,3.1407035175879394
SR,5,2947,79.19552612304688,439.9995422363281,0.32797454996274716,0.819817752298113,0.40894628096364277,0.1592,3.1407035175879394
SR,15,2948,82.25064086914062,399.82859802246094,0.24779721033270213,0.42458176303472334,0.29309671618881367,0.1592,3.1407035175879394
SR,11,2949,102.0618896484375,490.7363739013672,0.3746430715351519,0.5780052691385689,0.41938314554965983,0.1592,3.1407035175879394
SR,5,2950,99.46198558807373,698.9032490253448,0.27633034498874404,0.6655287329416745,0.3421591227105174,0.1592,3.1407035175879394
SR,2,2951,83.90495300292969,612.9109191894531,0.28065674651322,0.6538196503282506,0.3372133737936002,0.1592,3.1407035175879394
SR,13,2952,76.08602905273438,219.9105224609375,0.23646791274470763,0.44079390328236046,0.2835674086923772,0.1592,3.1407035175879394
SR,9,2953,80.60488891601562,407.3957214355469,0.3677666752220202,0.6279160330674255,0.3952404191140108,0.1592,3.1407035175879394
SR,15,2954,80.95286560058594,385.1868896484375,0.25409632591904513,0.47077859215291895,0.3028562583385243,0.1592,3.1407035175879394
SR,13,2955,103.62832164764404,322.03550720214844,0.2794055789826765,0.5312100114560652,0.3321148751501138,0.1592,3.1407035175879394
SR,3,2956,79.86233520507812,349.0786361694336,0.26111818499085493,0.4763224956138612,0.3007896959763512,0.1592,3.1407035175879394
SR,5,2957,95.19363260269165,461.8939514160156,0.3566029484436297,0.6609037975051145,0.3938509730436287,0.1592,3.1407035175879394
SR,14,2958,78.31021118164062,272.67369079589844,0.2575452192960569,0.7541858104233492,0.3610821637157094,0.1592,3.1407035175879394
SR,1,2959,100.39427185058594,526.4723205566406,0.37123022549027457,0.9327036622496688,0.4593383662485115,0.1592,3.1407035175879394
SR,4,2960,98.05377197265625,572.4067687988281,0.21202987224460737,0.6739616924347486,0.3207104210427379,0.1592,3.1407035175879394
SR,15,2961,96.93358087539673,276.6402187347412,0.2555139687338142,1.112217138061107,0.39161162867138266,0.1592,3.1407035175879394
SR,12,2962,75.77239990234375,426.5704765319824,0.25597986905498055,0.6444334767020412,0.33541337116598036,0.1592,3.1407035175879394
SR,4,2963,104.63757514953613,441.03848242759705,0.27482489348273226,0.620882753815837,0.3336981242125089,0.1592,3.1407035175879394
SR,10,2964,99.71852493286133,223.95989990234375,0.4662923089449921,0.8229502639145162,0.552350802581942,0.1592,3.1407035175879394
SR,0,2965,78.97637939453125,223.9158878326416,0.21318194836927398,0.8968925174783497,0.32097311281972335,0.1592,3.1407035175879394
SR,8,2966,99.68850708007812,349.97782135009766,0.39346025617467806,0.8390544824643918,0.45861913701569096,0.1592,3.1407035175879394
SR,0,2967,83.66061401367188,575.401481628418,0.4401606926269911,0.7144805625553962,0.4730560088424297,0.1592,3.1407035175879394
SR,0,2968,99.2294921875,652.0569458007812,0.22967116805428597,0.7167215443499064,0.3562019969992328,0.1592,3.1407035175879394
SR,9,2969,104.2888355255127,430.9659118652344,0.2931264740597304,0.5999595876361241,0.3540633515604442,0.1592,3.1407035175879394
SR,11,2970,75.4637451171875,300.2106018066406,0.3212004011296296,0.6841515583769968,0.36951910895816087,0.1592,3.1407035175879394
SR,8,2971,81.80810546875,636.0263605117798,0.2595263533441884,0.4178311590404315,0.3355782178576319,0.1592,3.1407035175879394
SR,13,2972,100.69938659667969,274.3863410949707,0.1959988402510304,0.3280985461596552,0.26060203793317505,0.1592,3.1407035175879394
SR,9,2973,95.11652183532715,230.74969482421875,0.36494278009522674,0.49011735649865285,0.4435129922606406,0.1592,3.1407035175879394
SR,8,2974,96.73522996902466,225.05937099456787,0.2867565964610726,1.2986841139979473,0.4847729627699527,0.1592,3.1407035175879394
SR,12,2975,84.58892822265625,469.3974905014038,0.2141302866877951,0.3425999317102824,0.26692824334230264,0.1592,3.1407035175879394
SR,1,2976,84.17446899414062,348.1859130859375,0.35997874840923993,0.9920470743554165,0.4487733368574051,0.1592,3.1407035175879394
SR,11,2977,84.56048583984375,241.87000846862793,0.3037718769558717,1.514779807671881,0.5227422427845857,0.1592,3.1407035175879394
SR,3,2978,76.80142211914062,301.7323303222656,0.4139686124214235,1.0237722431851437,0.47526725407879344,0.1592,3.1407035175879394
SR,11,2979,103.75759887695312,554.551399230957,0.34658797934463237,0.7699212685144635,0.4103302782695478,0.1592,3.1407035175879394
SR,3,2980,99.46198558807373,314.220458984375,0.29021322399623606,0.45311542481488715,0.31691892455734466,0.1592,3.1407035175879394
SR,13,2981,96.29601621627808,352.67234802246094,0.20032729542450062,0.33720904480334624,0.30287736528828024,0.1592,3.1407035175879394
SR,13,2982,79.57424926757812,380.704345703125,0.431293336637661,0.9688973813385554,0.5156172941972375,0.1592,3.1407035175879394
SR,12,2983,81.11981201171875,201.97634887695312,0.48333822596972165,0.6177287545193668,0.6316097117281119,0.1592,3.1407035175879394
SR,5,2984,97.48923826217651,607.1339721679688,0.2702886461036359,0.4721711985168832,0.30327194426306714,0.1592,3.1407035175879394
SR,0,2985,100.52777099609375,845.4679126739502,0.3405678847411595,0.713951386110168,0.41262884155569846,0.1592,3.1407035175879394
SR,11,2986,79.13583374023438,675.4560699462891,0.2937478115964514,0.6400825242915109,0.3572848545079968,0.1592,3.1407035175879394
SR,10,2987,96.14581966400146,251.43558502197266,0.44407678437564724,0.7915196138173407,0.5322245307074833,0.1592,3.1407035175879394
SR,11,2988,99.91253662109375,647.8877105712891,0.2701422641038515,0.5130184645554647,0.3366462426960945,0.1592,3.1407035175879394
SR,8,2989,79.66737365722656,597.1912994384766,0.2514560808979589,0.8263396636287178,0.38594078642887125,0.1592,3.1407035175879394
SR,7,2990,97.48016357421875,530.0996284484863,0.23421433538723926,0.43620529275720643,0.29024385683204573,0.1592,3.1407035175879394
SR,11,2991,84.80636596679688,577.3559799194336,0.2857408538396329,0.505366779037661,0.31444557483077534,0.1592,3.1407035175879394
SR,0,2992,79.47921752929688,383.9900436401367,0.28469291390009466,1.2612384190807913,0.45721238134159753,0.1592,3.1407035175879394
SR,0,2993,101.73901844024658,338.7049026489258,0.249439884699801,0.5159949250498788,0.3089709980029044,0.1592,3.1407035175879394
SR,14,2994,97.59394216537476,369.28729248046875,0.23508665154008557,0.5185266298111901,0.2896498349469199,0.1592,3.1407035175879394
SR,4,2995,80.3857421875,304.51824951171875,0.23052989551527234,0.425755742508588,0.33827465977905846,0.1592,3.1407035175879394
SR,0,2996,79.82461547851562,200.41552734375,0.49766828781127775,1.3188614770732108,0.6505669681525006,0.1592,3.1407035175879394
SR,8,2997,79.42648315429688,431.2216491699219,0.2141849406181578,0.3685793625788058,0.2603918501655934,0.1592,3.1407035175879394
SR,4,2998,96.69047546386719,540.9239349365234,0.2567536203632068,0.5709053865875384,0.32018678838032616,0.1592,3.1407035175879394
SR,13,2999,104.71696472167969,230.92764711380005,0.22390551940775022,0.7087289491394493,0.3130471855938731,0.1592,3.1407035175879394
SR,2,3000,98.25192260742188,286.98152256011963,0.34133687765334114,0.6664459646762132,0.42428507775404073,0.1592,3.1407035175879394
SR,6,3001,78.35360717773438,515.6584777832031,0.2910784146849144,0.6674936201521182,0.37224515470361375,0.1592,3.1407035175879394
SR,10,3002,80.83807373046875,318.9802551269531,0.21144437289806156,0.34379336967736707,0.29335040783017624,0.1592,3.1407035175879394
SR,6,3003,82.73748779296875,254.41885375976562,0.24094221338398075,0.7387966968255004,0.3670772066333708,0.1592,3.1407035175879394
SR,8,3004,96.58981323242188,239.54736328125,0.3851351466270291,0.6111151413036947,0.4278751268301944,0.1592,3.1407035175879394
SR,12,3005,97.17096471786499,547.7525482177734,0.4065126695961049,0.5488737360356166,0.49828728672641154,0.1592,3.1407035175879394
SR,14,3006,104.23892211914062,286.8992919921875,0.2857530634593938,0.7059233588647075,0.3883561264810119,0.1592,3.1407035175879394
SR,5,3007,99.22948932647705,255.23062133789062,0.2063055095601114,0.3298635231315108,0.34619543944770964,0.1592,3.1407035175879394
SR,1,3008,98.84132385253906,228.89706420898438,0.5394868609441564,1.2199468695948577,0.8315666593773869,0.1592,3.1407035175879394
SR,2,3009,97.03718566894531,262.1598205566406,0.2410057813226777,0.4151968156071166,0.2896184756610093,0.1592,3.1407035175879394
SR,9,3010,96.33939123153687,373.23167419433594,0.3659067089733853,0.7240164973916695,0.4252678525005818,0.1592,3.1407035175879394
SR,14,3011,95.19363403320312,505.8804931640625,0.3277221688948983,0.5106841915587015,0.377167883349861,0.1592,3.1407035175879394
SR,5,3012,98.40279483795166,267.55474853515625,0.2197645713747105,0.41969423254202814,0.30268544261943403,0.1592,3.1407035175879394
SR,6,3013,98.65702819824219,206.1055908203125,0.3922076188615089,0.6221694671627257,0.47023758384628433,0.1592,3.1407035175879394
SR,13,3014,75.79983520507812,241.0252685546875,0.2145961994935036,0.3374474389889039,0.27696800663679405,0.1592,3.1407035175879394
SR,1,3015,82.7117919921875,451.6024932861328,0.22377833160743998,0.4598267307803488,0.2636645895200221,0.1592,3.1407035175879394
SR,4,3016,99.3887939453125,519.6112060546875,0.2339339037437002,0.6399306014437479,0.3183032713788643,0.1592,3.1407035175879394
SR,2,3017,79.52580261230469,407.8163146972656,0.2611140905264631,0.6421741971637225,0.3405774372020542,0.1592,3.1407035175879394
SR,13,3018,83.01971435546875,284.29168701171875,0.4661912429583705,0.5851816112840886,0.577701093149228,0.1592,3.1407035175879394
SR,14,3019,83.29095458984375,337.62791442871094,0.2280953964642145,0.6112533351491388,0.2995989382556281,0.1592,3.1407035175879394
SR,4,3020,80.89309692382812,503.5791473388672,0.5058856385130366,0.8174571238401716,0.4779120511433867,0.1592,3.1407035175879394
SR,6,3021,100.51602172851562,568.1694946289062,0.34469608639743216,0.5673930128832136,0.3749584288582914,0.1592,3.1407035175879394
SR,10,3022,101.31020641326904,518.8404693603516,0.3526789119385999,0.5865870111226094,0.3835637507972704,0.1592,3.1407035175879394
SR,5,3023,102.87596130371094,366.1648254394531,0.36161412402458726,0.666421410383774,0.404053360903414,0.1592,3.1407035175879394
SR,3,3024,82.04312133789062,530.9820327758789,0.18840728260057366,0.6849567525044526,0.31891728578566514,0.1592,3.1407035175879394
SR,2,3025,81.5916748046875,227.275146484375,0.3050614148391148,0.7722310978828514,0.4600442176826307,0.1592,3.1407035175879394
SR,5,3026,100.68495273590088,874.3370895385742,0.3784722508241168,0.6404154911387979,0.41540012474495897,0.1592,3.1407035175879394
SR,8,3027,80.28701782226562,541.3315124511719,0.39733102139209137,0.5356733503626523,0.46010643178196364,0.1592,3.1407035175879394
SR,2,3028,98.74565410614014,780.6708221435547,0.2851802904029497,0.6354067427825734,0.3485332254012745,0.1592,3.1407035175879394
SR,8,3029,96.65363836288452,740.0773468017578,0.30462331542883214,0.5401396347182507,0.35870376962351724,0.1592,3.1407035175879394
SR,6,3030,101.634033203125,242.33582305908203,0.191448545866097,0.30565501645115073,0.36547297982431143,0.1592,3.1407035175879394
SR,6,3031,98.64227294921875,301.69190216064453,0.22077594634241124,0.39011333921028635,0.33636491340742997,0.1592,3.1407035175879394
SR,9,3032,100.78437423706055,212.20923614501953,0.291563249332822,1.0706934342662744,0.44996679445199816,0.1592,3.1407035175879394
SR,14,3033,103.10090827941895,536.3650550842285,0.2111962908918696,0.4739656903532702,0.26686061587566084,0.1592,3.1407035175879394
SR,5,3034,83.86859130859375,271.9546813964844,0.21376143954277327,0.37033724509390437,0.3095099023839017,0.1592,3.1407035175879394
SR,10,3035,75.25453186035156,315.40201568603516,0.24534771804090955,0.3997775429495929,0.32927579324412853,0.1592,3.1407035175879394
SR,0,3036,75.13941955566406,574.1371459960938,0.35824508126223875,0.6101598621413404,0.40037586330611674,0.1592,3.1407035175879394
SR,14,3037,75.88337707519531,378.4403305053711,0.674779202066602,1.1896282597570165,0.7777700558112907,0.1592,3.1407035175879394
SR,0,3038,84.9876708984375,330.8695297241211,0.42725609443693535,0.9045291152207877,0.4902470241108515,0.1592,3.1407035175879394
SR,2,3039,102.64299869537354,290.54754638671875,0.2347940694174508,0.6616146903376398,0.30286544112719116,0.1592,3.1407035175879394
SR,13,3040,100.14065551757812,316.87121295928955,0.19622238018355692,0.3195447271008229,0.30076786874335426,0.1592,3.1407035175879394
SR,0,3041,101.60190105438232,521.5996704101562,0.24637938933185413,0.3929149135323222,0.28806239219988466,0.1592,3.1407035175879394
SR,4,3042,77.92413330078125,348.66278076171875,0.20172424942267692,0.32956993342566687,0.24568230798818988,0.1592,3.1407035175879394
SR,2,3043,79.7779541015625,227.889404296875,0.19470924183297683,0.30350454798872795,0.2925462554664943,0.1592,3.1407035175879394
SR,3,3044,101.73557090759277,402.60540771484375,0.3791523513188531,0.5295784447106803,0.4285288968500236,0.1592,3.1407035175879394
SR,1,3045,102.99563121795654,325.1839179992676,0.6845311229169995,1.019570375477203,0.6242533760343038,0.1592,3.1407035175879394
SR,13,3046,103.80631828308105,346.77014350891113,0.2638352773511427,0.4747767963810588,0.3155558377914727,0.1592,3.1407035175879394
SR,14,3047,101.21908569335938,456.15150451660156,0.25853042267535664,0.45924233878158244,0.29803116120631745,0.1592,3.1407035175879394
SR,6,3048,82.26708984375,238.00540161132812,0.2661527871475828,1.2625566181769,0.44934596678729977,0.1592,3.1407035175879394
SR,3,3049,83.74676513671875,582.3484649658203,0.20418021387911905,0.3210600235278293,0.28430076269783905,0.1592,3.1407035175879394
SR,14,3050,98.39234733581543,353.26609802246094,0.22334722949267777,0.3687181239866627,0.3008409671634015,0.1592,3.1407035175879394
SR,10,3051,82.69497680664062,620.085527420044,0.27927478286823,0.5085665756156639,0.3109528532506338,0.1592,3.1407035175879394
SR,13,3052,80.64738464355469,406.65899658203125,0.2833459358994419,0.5598570093928884,0.3297372026208538,0.1592,3.1407035175879394
SR,12,3053,102.73613548278809,228.15582275390625,0.17021930299538496,0.26566980320593675,0.23974418435678652,0.1592,3.1407035175879394
SR,1,3054,104.95557975769043,261.71307373046875,0.18809898854375728,0.29175555262429587,0.28479410717573866,0.1592,3.1407035175879394
SR,13,3055,104.14738464355469,352.6712951660156,0.20574242514149427,1.0877882294507297,0.36443458403806994,0.1592,3.1407035175879394
SR,9,3056,80.21783447265625,295.3197479248047,0.1614034511831418,0.6684706583847225,0.31707307549989683,0.1592,3.1407035175879394
SR,12,3057,101.31020641326904,223.87578964233398,0.22444945659702942,0.6384284946798736,0.2904625414967497,0.1592,3.1407035175879394
SR,12,3058,83.98095703125,449.4517517089844,0.2805876924332005,0.451904896018921,0.3870418787579667,0.1592,3.1407035175879394
SR,9,3059,79.07705688476562,857.2903747558594,0.3405049750524764,0.6367222324498534,0.3829515973126063,0.1592,3.1407035175879394
SR,4,3060,84.45234680175781,451.58702087402344,0.30960379226453794,1.1171668890384405,0.4221722759499773,0.1592,3.1407035175879394
SR,3,3061,83.14566040039062,208.43939208984375,0.4963330893791114,0.7278285561799951,0.5807951603499567,0.1592,3.1407035175879394
SR,1,3062,79.87548828125,396.3689270019531,0.20950689216903268,0.3793751027605448,0.2601729062720478,0.1592,3.1407035175879394
SR,14,3063,95.46540021896362,403.9522018432617,0.23003119829210755,0.38804793807674676,0.28385061601904604,0.1592,3.1407035175879394
SR,7,3064,80.38056945800781,548.8492736816406,0.25379016189869064,0.478314782373856,0.3028930634410522,0.1592,3.1407035175879394
SR,6,3065,98.12948608398438,307.2664794921875,0.5209236296473619,1.3217711842660043,0.6689245251139588,0.1592,3.1407035175879394
SR,9,3066,78.97637939453125,380.45550537109375,0.42368512598675445,0.6398841141865194,0.44843543151390014,0.1592,3.1407035175879394
SR,4,3067,77.98794555664062,516.6876678466797,0.21555459755506542,0.3790916275437609,0.2842435824460157,0.1592,3.1407035175879394
SR,3,3068,76.24554443359375,432.43201446533203,0.2764989100316251,0.736569066241879,0.357027889714031,0.1592,3.1407035175879394
SR,13,3069,104.0377779006958,257.9291229248047,0.2602853760689489,0.8044840015040802,0.32953419508542636,0.1592,3.1407035175879394
SR,14,3070,80.53800964355469,333.6575469970703,0.24422941126316589,0.7533818957578927,0.370668172608153,0.1592,3.1407035175879394
SR,14,3071,77.00436401367188,441.3622131347656,0.5894700893092212,1.1888982067953835,0.655206776397091,0.1592,3.1407035175879394
SR,14,3072,84.2080078125,503.0523986816406,0.33572508898585696,0.7165449064788693,0.4029426003142901,0.1592,3.1407035175879394
SR,8,3073,84.03631591796875,227.2479248046875,0.47035541440087064,0.7353152042594553,0.6038435761791645,0.1592,3.1407035175879394
SR,11,3074,80.83807373046875,461.728214263916,0.45504920107778,1.1548483845489887,0.5449757480703706,0.1592,3.1407035175879394
SR,13,3075,77.19482421875,418.40423583984375,0.36794148578964025,1.260456502846678,0.48555441464861415,0.1592,3.1407035175879394
SR,2,3076,81.87051391601562,333.1891784667969,0.26408156420565315,0.4695535741347197,0.32394942239413316,0.1592,3.1407035175879394
SR,4,3077,103.80631828308105,388.37876892089844,0.2708478415013956,0.7360929285532913,0.34702274096523056,0.1592,3.1407035175879394
SR,5,3078,79.01119995117188,436.9689483642578,0.2629561463829368,0.65167992517172,0.3301273151082934,0.1592,3.1407035175879394
SR,7,3079,84.25213623046875,505.6785888671875,0.3217282971170864,0.6717704365733705,0.3720315000016433,0.1592,3.1407035175879394
SR,0,3080,79.12269592285156,496.3470153808594,0.31620148778469515,0.6697838015245736,0.3833149898511793,0.1592,3.1407035175879394
SR,0,3081,75.69805908203125,209.65399932861328,0.19745352417653816,0.5274953517265479,0.2828389628504838,0.1592,3.1407035175879394
SR,6,3082,103.13510131835938,466.3580017089844,0.2733595960170524,0.6012479819674338,0.32619868510317324,0.1592,3.1407035175879394
SR,0,3083,95.73692321777344,226.96590423583984,0.21816734311033018,0.40066326639556515,0.3117823823903285,0.1592,3.1407035175879394
SR,9,3084,101.92984962463379,243.734375,0.3373646642181167,0.476358458459306,0.4017086766953299,0.1592,3.1407035175879394
SR,14,3085,77.96884155273438,467.623779296875,0.2854826051591357,0.46667603731381196,0.32922002970169045,0.1592,3.1407035175879394
SR,10,3086,102.52960205078125,273.87408447265625,0.22812151656290672,0.39089553655925485,0.2704608483674665,0.1592,3.1407035175879394
SR,2,3087,102.82228088378906,441.2365264892578,0.2474070550506559,0.46791344372822885,0.32271123059423307,0.1592,3.1407035175879394
SR,0,3088,101.23336791992188,209.18890380859375,0.4649425772752544,0.820055530374773,0.5459627401301328,0.1592,3.1407035175879394
SR,12,3089,84.49185180664062,208.50421142578125,0.3433749361512479,0.5039128649090046,0.40676436542320393,0.1592,3.1407035175879394
SR,4,3090,97.7914023399353,308.51851654052734,0.2209687263000713,0.39157128713355427,0.331330460238261,0.1592,3.1407035175879394
SR,9,3091,96.23367595672607,313.23333740234375,0.22879365104198202,0.7723176936154339,0.3320554308049221,0.1592,3.1407035175879394
SR,14,3092,96.89164733886719,398.23694610595703,0.3642068644088229,0.7886907064807034,0.4253641216006994,0.1592,3.1407035175879394
SR,7,3093,98.19024753570557,291.27581787109375,0.4792910267268396,0.7400065076754628,0.5311686941949023,0.1592,3.1407035175879394
SR,2,3094,95.19363260269165,416.21531677246094,0.3942192712131344,0.9616696025264402,0.48235364073063197,0.1592,3.1407035175879394
SR,15,3095,84.38323974609375,207.28549194335938,0.4899953139042278,1.1631320825712828,0.6442442514782128,0.1592,3.1407035175879394
SR,2,3096,99.34430408477783,376.0037307739258,0.3059720756658512,0.542407915432795,0.3555419825213208,0.1592,3.1407035175879394
SR,9,3097,78.68978881835938,219.24185180664062,0.1970202179719919,0.30820703049345605,0.306940389268835,0.1592,3.1407035175879394
SR,10,3098,81.3848876953125,219.14938354492188,0.3023318618328814,0.6596016683354793,0.3687414091793252,0.1592,3.1407035175879394
SR,4,3099,81.87051391601562,270.584659576416,0.4013991568746868,1.2427228506722139,0.516788111680805,0.1592,3.1407035175879394
SR,11,3100,78.49043273925781,406.9171447753906,0.2787630201502698,0.6095997867360708,0.33307845629066496,0.1592,3.1407035175879394
SR,5,3101,95.26159620285034,346.1201477050781,0.5232101289315048,0.833493451450919,0.6284492090929429,0.1592,3.1407035175879394
SR,5,3102,99.78215885162354,255.35591506958008,0.21106591625888468,0.3350639224111325,0.29249951831619697,0.1592,3.1407035175879394
SR,3,3103,78.31021118164062,572.3079528808594,0.25183964682663257,0.42481283464742176,0.3036737597992658,0.1592,3.1407035175879394
SR,11,3104,77.63677978515625,226.67017364501953,0.3919229157664971,0.6984755297298763,0.4655415213891496,0.1592,3.1407035175879394
SR,12,3105,102.13744258880615,274.7617988586426,0.4103344494102886,0.5640934754297897,0.5065215923446088,0.1592,3.1407035175879394
SR,7,3106,98.4705810546875,270.2664794921875,0.30534140412393185,0.4625639180172808,0.3518852479910904,0.1592,3.1407035175879394
SR,15,3107,101.62255859375,482.2000732421875,0.3982415672090982,0.5569241895471314,0.44001017597485825,0.1592,3.1407035175879394
SR,10,3108,99.93389320373535,281.47520446777344,0.22561178215375355,0.39042240989478305,0.265998264123354,0.1592,3.1407035175879394
SR,2,3109,95.45310974121094,295.4732666015625,0.5310101945886718,0.7751687672213345,0.6870310001125578,0.1592,3.1407035175879394
SR,1,3110,99.65960693359375,209.99090576171875,0.22196929102962348,0.3731255621549589,0.28827865376960876,0.1592,3.1407035175879394
SR,2,3111,84.4732666015625,382.115234375,0.35790538450045395,0.6713716235655689,0.43706048018066207,0.1592,3.1407035175879394
SR,4,3112,81.21932983398438,318.9197692871094,0.19945657589806517,0.7266979578323467,0.32092627521367956,0.1592,3.1407035175879394
SR,2,3113,78.43949890136719,309.7295837402344,0.20655306915719462,0.34050879416991614,0.2525583078576388,0.1592,3.1407035175879394
SR,5,3114,104.4225082397461,711.4481964111328,0.2905208757278847,0.7967169879053565,0.36553246708485604,0.1592,3.1407035175879394
SR,9,3115,103.81644630432129,528.4848022460938,0.20044063178016816,0.3252572042494928,0.29629745544087965,0.1592,3.1407035175879394
SR,0,3116,83.47296142578125,377.18935203552246,0.2807176169885764,0.46235279432282983,0.33760876669759043,0.1592,3.1407035175879394
SR,0,3117,97.24111938476562,521.3853492736816,0.2626228511529122,0.558962715799734,0.33662400002054277,0.1592,3.1407035175879394
SR,2,3118,103.10090827941895,238.42633485794067,0.18456597367023175,0.28549045572884607,0.3072971982083484,0.1592,3.1407035175879394
SR,6,3119,95.57139587402344,735.1040725708008,0.42503384842615516,0.688455659119355,0.44543909335795007,0.1592,3.1407035175879394
SR,8,3120,82.131591796875,211.49365234375,0.37209706049179114,1.0541055449962493,0.4602491498276757,0.1592,3.1407035175879394
SR,15,3121,95.79198694229126,236.87943649291992,0.48808786742608085,1.1853643232591808,0.5844787036533228,0.1592,3.1407035175879394
SR,2,3122,96.56190729141235,339.97607421875,0.31426385743741725,0.6454407989552106,0.3752153744568917,0.1592,3.1407035175879394
SR,3,3123,97.7995138168335,407.5106964111328,0.22423743139835703,0.42628832694260405,0.2778869733374084,0.1592,3.1407035175879394
SR,10,3124,99.65155029296875,252.83696746826172,0.23322613733338596,0.3674819156580888,0.28382910633223923,0.1592,3.1407035175879394
SR,8,3125,101.68978881835938,431.5272521972656,0.23509972991081263,0.5853738513999078,0.3077445910834349,0.1592,3.1407035175879394
SR,4,3126,95.12237548828125,739.1541519165039,0.3624646397508171,0.6707396477869387,0.4027585927630281,0.1592,3.1407035175879394
SR,9,3127,97.90650939941406,713.2841720581055,0.3905709547210203,0.7310976124517123,0.4335310864487507,0.1592,3.1407035175879394
SR,15,3128,102.55610370635986,248.37933349609375,0.19355755683638592,0.3134768857422722,0.25206186076881826,0.1592,3.1407035175879394
SR,10,3129,83.41885375976562,486.5459899902344,0.33547538957173534,0.9822215920804984,0.42774981939237927,0.1592,3.1407035175879394
SR,13,3130,100.26503944396973,510.12939453125,0.24995838770655457,0.7835743665060464,0.36689246703028033,0.1592,3.1407035175879394
SR,0,3131,101.70687007904053,425.1885681152344,0.2827285577271223,0.5586388909002891,0.33728195792069926,0.1592,3.1407035175879394
SR,15,3132,79.56256103515625,426.33984375,0.267413752083474,0.5737242009530867,0.3232417127343691,0.1592,3.1407035175879394
SR,14,3133,77.37094116210938,484.6038131713867,0.38233099450662555,0.6182842293907607,0.4016079003177129,0.1592,3.1407035175879394
SR,0,3134,77.00436401367188,290.33215713500977,0.22765440505815437,0.5845733997678151,0.300282950573905,0.1592,3.1407035175879394
SR,9,3135,97.17649841308594,222.4339599609375,0.4531035269991356,0.6211885527333975,0.5587438735616598,0.1592,3.1407035175879394
SR,13,3136,79.07705688476562,416.45680236816406,0.3741305428768579,0.7997323093061331,0.4300648540731856,0.1592,3.1407035175879394
SR,13,3137,99.60490417480469,556.2842330932617,0.25294003380127533,0.4582470062534557,0.29469690020251715,0.1592,3.1407035175879394
SR,11,3138,76.15786743164062,355.1146545410156,0.34855042239325984,0.5602670378486614,0.3854276835213499,0.1592,3.1407035175879394
SR,2,3139,76.04817199707031,437.5967102050781,0.20635280414443544,0.6334883052428688,0.28551127692864714,0.1592,3.1407035175879394
SR,7,3140,103.76661109924316,319.3662586212158,0.33149709492940044,0.7455751136875199,0.3975868446959519,0.1592,3.1407035175879394
SR,14,3141,82.25596618652344,309.3157958984375,0.27956454350274434,0.7519801633433436,0.3783568060850425,0.1592,3.1407035175879394
SR,10,3142,77.51673889160156,449.7723846435547,0.3301059109926901,0.8008982475481702,0.4067985243988855,0.1592,3.1407035175879394
SR,14,3143,96.595947265625,419.14137268066406,0.2316111831240659,0.7648759255826382,0.3453130699912361,0.1592,3.1407035175879394
SR,8,3144,98.90508270263672,256.4192352294922,0.240129371664008,0.41498607518873865,0.3343105854400161,0.1592,3.1407035175879394
SR,0,3145,96.78819608688354,467.2124786376953,0.21899912304114005,0.37195206804861913,0.25279303111863405,0.1592,3.1407035175879394
SR,12,3146,78.87060546875,600.4421234130859,0.41459704332157366,0.7360870820735048,0.4409753520789007,0.1592,3.1407035175879394
SR,11,3147,104.57130432128906,484.80982971191406,0.2475822617819287,0.41196198684878366,0.2900192829377799,0.1592,3.1407035175879394
SR,1,3148,77.15135192871094,207.7868194580078,0.22469471604075808,0.38438068817711046,0.30313160205517314,0.1592,3.1407035175879394
SR,15,3149,100.61967277526855,254.5875701904297,0.2478018173682753,0.45335984724139444,0.29195503276840357,0.1592,3.1407035175879394
SR,10,3150,83.58995056152344,677.2672729492188,0.2808910559204211,0.4512699907575962,0.32018559470280755,0.1592,3.1407035175879394
SR,6,3151,77.11386108398438,221.48663330078125,0.20460217295526079,0.33699795691335205,0.29013814722262704,0.1592,3.1407035175879394
SR,1,3152,76.52091979980469,507.3569030761719,0.3070768425996059,0.4637491855602805,0.3567713338727583,0.1592,3.1407035175879394
SR,12,3153,76.7861328125,397.34322357177734,0.20432364925876542,0.5807343948933287,0.29191333344179893,0.1592,3.1407035175879394
SR,0,3154,95.62987470626831,811.1794509887695,0.29418387715802063,0.5164623998898443,0.3409611089587979,0.1592,3.1407035175879394
SR,4,3155,97.30502557754517,589.8437042236328,0.2836945391300005,0.49296087936038696,0.36153041663457963,0.1592,3.1407035175879394
SR,7,3156,96.33938598632812,604.1490936279297,0.4107221302753439,0.7603449910790775,0.44998037037429406,0.1592,3.1407035175879394
SR,0,3157,81.19369506835938,235.05079650878906,0.18434418192917768,0.7181138963606265,0.41057638001766283,0.1592,3.1407035175879394
SR,8,3158,102.99563598632812,594.3082580566406,0.3917659902407984,0.7185942870086796,0.4403174306156614,0.1592,3.1407035175879394
SR,15,3159,96.88095092773438,433.35768127441406,0.24490539748307513,0.6981363338661866,0.3384285744815045,0.1592,3.1407035175879394
SR,7,3160,99.29292297363281,455.82240295410156,0.2611485483163351,0.5236567534349752,0.33423585111779,0.1592,3.1407035175879394
SR,4,3161,101.31021118164062,653.0938262939453,0.3452471647223572,0.5500776879344752,0.40880190247310616,0.1592,3.1407035175879394
SR,10,3162,83.66061401367188,457.3872375488281,0.2189601008652783,0.4830410498146463,0.2885954882689264,0.1592,3.1407035175879394
SR,10,3163,80.31149291992188,549.2107543945312,0.34564193815688266,0.7390662732792848,0.4293055775377609,0.1592,3.1407035175879394
SR,1,3164,84.29022216796875,496.2853088378906,0.26455040973960314,0.7633104504270091,0.3554045391106982,0.1592,3.1407035175879394
SR,7,3165,75.865234375,539.9200172424316,0.290282310919914,0.6124323827885243,0.3542315024600584,0.1592,3.1407035175879394
SR,10,3166,101.97668075561523,205.86720275878906,0.4967600187726492,0.6370794795596192,0.7179862674531625,0.1592,3.1407035175879394
SR,13,3167,81.74114990234375,435.3477478027344,0.25606489505556507,0.8770106481018901,0.38483042136711026,0.1592,3.1407035175879394
SR,8,3168,95.32194948196411,237.58487701416016,0.3644080722421773,0.5926472407107768,0.4146485946478437,0.1592,3.1407035175879394
SR,3,3169,104.74546718597412,216.71478271484375,0.2274961047238674,1.4473313202220397,0.38078282826671367,0.1592,3.1407035175879394
SR,9,3170,98.23036861419678,813.9773750305176,0.3388019117494789,0.5707157695109524,0.37770250928953836,0.1592,3.1407035175879394
SR,8,3171,102.40815734863281,347.1770324707031,0.2775844338120954,0.42391830669497804,0.32431889575029765,0.1592,3.1407035175879394
SR,9,3172,104.40571594238281,280.555908203125,0.2467814036728792,0.4726372488378833,0.325208768400951,0.1592,3.1407035175879394
SR,14,3173,103.67265319824219,223.67443466186523,0.2904707851844169,0.7226604668492879,0.3608584325893982,0.1592,3.1407035175879394
SR,8,3174,97.94282531738281,662.3213653564453,0.4237242276308727,0.7651769616550029,0.4679394508790969,0.1592,3.1407035175879394
SR,5,3175,78.85079956054688,236.6913299560547,0.24179672709453362,0.4193207296529346,0.3035263903965547,0.1592,3.1407035175879394
SR,13,3176,79.33018493652344,389.1413269042969,0.2291057668935023,0.3712261522811608,0.30958936105121915,0.1592,3.1407035175879394
SR,8,3177,96.15835571289062,701.6300354003906,0.43809984335586843,0.7138896434678593,0.4676641451875531,0.1592,3.1407035175879394
SR,7,3178,97.32117557525635,523.7128295898438,0.2178345178920911,0.37621081770013626,0.27815913629057654,0.1592,3.1407035175879394
SR,10,3179,101.14920043945312,466.1033477783203,0.23058997358221092,0.6362968526734726,0.33708809624571145,0.1592,3.1407035175879394
SR,5,3180,82.875732421875,574.7182006835938,0.29881833732873486,0.6221326591683151,0.36964355178186714,0.1592,3.1407035175879394
SR,8,3181,77.00436401367188,470.86572265625,0.2591106787656363,0.5369769035935102,0.33673104288520983,0.1592,3.1407035175879394
SR,10,3182,102.18927001953125,560.6244964599609,0.4276821534993497,0.730140361907142,0.45255847752874373,0.1592,3.1407035175879394
SR,13,3183,83.01515197753906,515.0702362060547,0.35834459158671955,0.8103326146939646,0.44047714611187805,0.1592,3.1407035175879394
SR,12,3184,77.5343017578125,334.3400344848633,0.20964760418009462,1.1025864088634882,0.3744625106474955,0.1592,3.1407035175879394
SR,5,3185,75.76107788085938,238.7376708984375,0.19779764335658384,0.3363170927365229,0.3197352737118139,0.1592,3.1407035175879394
SR,5,3186,100.73895263671875,232.01214599609375,0.22418692669893173,0.3452519787267483,0.315150999030901,0.1592,3.1407035175879394
SR,7,3187,99.19183731079102,235.20940589904785,0.22839676981898138,0.3851391491702059,0.2715158780805512,0.1592,3.1407035175879394
SR,4,3188,79.508544921875,575.2491912841797,0.29638285416405796,0.7847680016336346,0.3878214050215392,0.1592,3.1407035175879394
SR,2,3189,77.67987060546875,307.99200439453125,0.2085446570000815,0.3536710951038018,0.2666580491937959,0.1592,3.1407035175879394
SR,0,3190,75.25454711914062,307.6622314453125,0.18530556194166317,0.29015062962173455,0.2957825770991534,0.1592,3.1407035175879394
SR,15,3191,83.83062744140625,314.6681213378906,0.15044619804660742,0.24244454162860024,0.39513352195130913,0.1592,3.1407035175879394
SR,10,3192,98.5685977935791,251.60415267944336,0.2136444139497159,0.5658487367872356,0.3005528491137821,0.1592,3.1407035175879394
SR,9,3193,95.19363260269165,940.9071044921875,0.33797350086368455,0.5287359788962188,0.3661474666709429,0.1592,3.1407035175879394
SR,0,3194,79.78924560546875,260.8029327392578,0.29097550810788686,0.8241087980544728,0.4008223156996969,0.1592,3.1407035175879394
SR,2,3195,80.19775390625,359.38702392578125,0.2157084451574215,0.36032979738796667,0.23747861129992248,0.1592,3.1407035175879394
SR,11,3196,83.15800476074219,231.799072265625,0.4195570018912071,0.6278761306578778,0.5156640444186648,0.1592,3.1407035175879394
SR,14,3197,81.65669250488281,417.8908233642578,0.19712351433368572,0.33014140535586156,0.28520809060846564,0.1592,3.1407035175879394
SR,2,3198,103.39370632171631,209.29348754882812,0.395811511565716,1.1400101723977505,0.49860138140721766,0.1592,3.1407035175879394
SR,9,3199,83.79736328125,204.89508056640625,0.5541965299043143,0.8359157512900143,0.7492632934070881,0.1592,3.1407035175879394
SR,10,3200,83.75888061523438,419.5324478149414,0.25877772175635344,0.7870875255457905,0.3577675494884876,0.1592,3.1407035175879394
SR,5,3201,96.48997640609741,709.6444244384766,0.24116021979625912,0.3964685737932394,0.28194477078554586,0.1592,3.1407035175879394
SR,13,3202,103.92625427246094,312.35955810546875,0.2705657370299645,0.6967115675636675,0.3502883327881812,0.1592,3.1407035175879394
SR,7,3203,104.63757514953613,287.889892578125,0.2660762484039849,0.6425399259618656,0.3335554081320367,0.1592,3.1407035175879394
SR,9,3204,99.30168151855469,470.0992736816406,0.2811822071835723,0.7618782330986705,0.3744213766244066,0.1592,3.1407035175879394
SR,12,3205,95.25300407409668,210.32138061523438,0.7197721093199733,0.979895819794213,1.7045207700286125,0.1592,3.1407035175879394
SR,9,3206,76.75834655761719,404.0555725097656,0.3512608901654918,0.8827153264746966,0.4479555931694316,0.1592,3.1407035175879394
SR,8,3207,102.5732593536377,272.4557342529297,0.24594227875755706,0.5104249341124052,0.3137874690348975,0.1592,3.1407035175879394
SR,8,3208,77.47039794921875,333.24070739746094,0.23356247591061388,0.6420088792832686,0.3333903634539003,0.1592,3.1407035175879394
SR,4,3209,103.89863586425781,290.21102142333984,0.21029800472027704,0.3472085288504492,0.3082499406171784,0.1592,3.1407035175879394
SR,0,3210,83.24169921875,527.8901290893555,0.35292209245794254,0.6842414882303098,0.40124418943314266,0.1592,3.1407035175879394
SR,15,3211,103.53713703155518,294.30775451660156,0.23607934661540964,0.41891245021386425,0.27314244057127884,0.1592,3.1407035175879394
SR,7,3212,76.22700500488281,603.7437362670898,0.2819513586819544,0.6321317104233931,0.33950320871851203,0.1592,3.1407035175879394
SR,15,3213,104.13119316101074,250.9679718017578,0.1789685243128935,0.29057450175044924,0.2670672116190547,0.1592,3.1407035175879394
SR,14,3214,102.87595844268799,443.26680755615234,0.21019053219912123,0.34392538199150774,0.2934678633580038,0.1592,3.1407035175879394
SR,11,3215,104.35695838928223,213.46629333496094,0.22889093218294437,0.4512099727562753,0.28518453030817764,0.1592,3.1407035175879394
SR,14,3216,100.64568996429443,421.1533508300781,0.2473327800919613,0.5979993171658924,0.34451784402098107,0.1592,3.1407035175879394
SR,8,3217,83.57733154296875,550.597412109375,0.3498199422091866,0.676850874584491,0.3887725280727675,0.1592,3.1407035175879394
SR,4,3218,100.72891235351562,423.55999755859375,0.38512624057651784,0.6290101070682242,0.4400970572158203,0.1592,3.1407035175879394
SR,11,3219,95.81167268753052,849.2861480712891,0.339123272503843,0.5294097898993143,0.3993076610476323,0.1592,3.1407035175879394
SR,11,3220,104.88824653625488,262.728759765625,0.36930929830427267,1.091207413621902,0.4584659266460514,0.1592,3.1407035175879394
SR,7,3221,81.87051391601562,313.3735656738281,0.45585937845976066,0.7000537973047185,0.5250965426711074,0.1592,3.1407035175879394
SR,9,3222,78.56938171386719,322.56996154785156,0.23663223063475114,0.41767576621001923,0.36183213670305137,0.1592,3.1407035175879394
SR,5,3223,98.90124225616455,888.2220306396484,0.3702517544490529,0.6223745467297245,0.4017534937606318,0.1592,3.1407035175879394
SR,1,3224,98.7745532989502,566.7252044677734,0.2173101798788973,0.5147149972040543,0.29936574317424797,0.1592,3.1407035175879394
SR,13,3225,77.24908447265625,457.5215702056885,0.28408129606031135,0.47118332750910624,0.32010036810235715,0.1592,3.1407035175879394
SR,0,3226,80.57231140136719,423.5344924926758,0.32849922210592086,0.6195011791321625,0.3962950934843165,0.1592,3.1407035175879394
SR,2,3227,101.67920684814453,312.24700927734375,0.22876748335726316,0.5709385265875552,0.28320052273438107,0.1592,3.1407035175879394
SR,12,3228,104.2661657333374,351.93682861328125,0.30187998759979157,0.9125244862666329,0.3991700706782051,0.1592,3.1407035175879394
SR,5,3229,75.64897155761719,213.86358642578125,0.5616578812338382,0.7566488317900835,0.6880496767739736,0.1592,3.1407035175879394
SR,2,3230,96.48227882385254,269.2634963989258,0.26686549807029364,0.6144428535374307,0.33927041077553455,0.1592,3.1407035175879394
SR,1,3231,78.68978881835938,599.5733184814453,0.2570349954024466,0.8096985573758515,0.33905912169670516,0.1592,3.1407035175879394
SR,3,3232,100.203857421875,435.4751281738281,0.463417692734655,0.6866451347787884,0.48962328599455257,0.1592,3.1407035175879394
SR,8,3233,98.28520202636719,219.58465576171875,0.352851041625435,0.7582324552912596,0.4399896799861663,0.1592,3.1407035175879394
SR,2,3234,77.73455810546875,431.74884033203125,0.23501145597866452,0.6868318412612819,0.37307678459325677,0.1592,3.1407035175879394
SR,0,3235,103.29972839355469,458.31773376464844,0.2116822469589954,0.3802473415658048,0.2921722166754432,0.1592,3.1407035175879394
SR,1,3236,83.45449829101562,619.6961975097656,0.24913359323337578,0.8101405663138285,0.32972585121291076,0.1592,3.1407035175879394
SR,0,3237,104.1859130859375,510.4757270812988,0.2255242367819332,0.7256882165791934,0.32831529170291107,0.1592,3.1407035175879394
SR,2,3238,83.86859130859375,345.38954162597656,0.26524547443934954,0.5944073471029304,0.35896547612981006,0.1592,3.1407035175879394
SR,6,3239,102.52960205078125,212.02032566070557,0.46274845952290244,0.9941535061426388,0.5478369970130263,0.1592,3.1407035175879394
SR,15,3240,97.98573684692383,360.1129150390625,0.222450753092084,0.4114100132143991,0.2603766465220009,0.1592,3.1407035175879394
SR,2,3241,103.88612365722656,269.1632843017578,0.22990583973735657,0.382493007541593,0.2904015984962432,0.1592,3.1407035175879394
SR,4,3242,84.24624633789062,361.4084701538086,0.2910991210430967,0.9153696658440479,0.3850677084433963,0.1592,3.1407035175879394
SR,8,3243,84.74299621582031,609.9613494873047,0.3566954014921185,0.7264082110191439,0.40414507618869666,0.1592,3.1407035175879394
SR,13,3244,80.53800964355469,216.934326171875,0.4803503577264199,0.7178586471099772,0.44581156452748005,0.1592,3.1407035175879394
SR,13,3245,76.15786743164062,246.82144165039062,0.212788218275286,0.6734171567218816,0.2757765230570332,0.1592,3.1407035175879394
SR,9,3246,99.35983276367188,527.8004379272461,0.3479339437532833,0.5620931557482336,0.38443009415729174,0.1592,3.1407035175879394
SR,4,3247,77.66021728515625,263.6753120422363,0.2077661867469202,0.3391989061260329,0.30692658249941657,0.1592,3.1407035175879394
SR,15,3248,104.6696891784668,420.68993377685547,0.23489468033140426,0.37258768884566007,0.31668691127063775,0.1592,3.1407035175879394
SR,6,3249,76.72245788574219,219.41244506835938,0.2602139607939502,0.4673372304310769,0.3475981391410591,0.1592,3.1407035175879394
SR,11,3250,84.62980651855469,247.242431640625,0.2432310859751177,0.9338404185928796,0.4435682963482928,0.1592,3.1407035175879394
SR,14,3251,104.39531230926514,280.7100830078125,0.20176911931329383,0.3259506073808167,0.2506139844169854,0.1592,3.1407035175879394
SR,1,3252,99.71298313140869,213.9930419921875,0.5374214495153523,0.8928230244627512,0.6525383696726981,0.1592,3.1407035175879394
SR,6,3253,100.6922607421875,553.3154144287109,0.3917193657515695,0.6327640037633651,0.43001520917920527,0.1592,3.1407035175879394
SR,3,3254,77.75973510742188,237.31402587890625,0.46642565370622524,0.6515022356572273,0.49654065544164766,0.1592,3.1407035175879394
SR,9,3255,83.71830749511719,408.1017761230469,0.28154629816141163,0.8327627852368684,0.38804543116233764,0.1592,3.1407035175879394
SR,6,3256,102.30123043060303,425.72833251953125,0.2097608996659708,0.41562227691751513,0.2800469942782577,0.1592,3.1407035175879394
SR,8,3257,83.2647705078125,501.40025329589844,0.2615466362721768,0.5331851217398551,0.31108541187490085,0.1592,3.1407035175879394
SR,0,3258,78.0233154296875,527.7686996459961,0.3359136106230035,0.6120533325747897,0.3715430131395161,0.1592,3.1407035175879394
SR,6,3259,102.4656982421875,562.6738433837891,0.35313722581410867,0.7429749886909102,0.42732232169104245,0.1592,3.1407035175879394
SR,0,3260,102.33184337615967,472.27374267578125,0.23110154091585,0.7294963595045927,0.3222569190238482,0.1592,3.1407035175879394
SR,5,3261,77.67152404785156,384.3701477050781,0.2777981058042295,0.6516438332903698,0.3551725098278535,0.1592,3.1407035175879394
SR,15,3262,99.56637668609619,311.3209991455078,0.23507025720570854,0.48894635467474296,0.31190712511877,0.1592,3.1407035175879394
SR,1,3263,76.73800659179688,749.8868789672852,0.2798171018753687,0.6521221248745344,0.36543714116273635,0.1592,3.1407035175879394
SR,11,3264,82.875732421875,229.13507080078125,0.4618113922610484,0.8397627082185035,0.5852890356450255,0.1592,3.1407035175879394
SR,13,3265,97.17095947265625,624.3854522705078,0.4003986310833404,0.6987820757590966,0.4403073058829843,0.1592,3.1407035175879394
SR,1,3266,104.35102844238281,205.34744262695312,0.5338189642321638,0.6644226610110056,0.7700610258873908,0.1592,3.1407035175879394
SR,13,3267,100.64064407348633,716.373291015625,0.27982093384274703,0.5546795093378231,0.3389545304686985,0.1592,3.1407035175879394
SR,3,3268,77.34658813476562,339.065673828125,0.4158243296561765,0.9272266379785398,0.4804421805784846,0.1592,3.1407035175879394
SR,2,3269,84.37841796875,466.8837585449219,0.20913302814330742,0.3350460796665975,0.2584226533702408,0.1592,3.1407035175879394
SR,15,3270,103.91397094726562,327.0859375,0.2342043881917127,0.8719084368568074,0.3607085517016192,0.1592,3.1407035175879394
SR,6,3271,103.24165344238281,564.2270011901855,0.2352075279708329,0.3900542766727875,0.2800272209493762,0.1592,3.1407035175879394
SR,1,3272,79.3077392578125,332.44140625,0.323998242608129,0.6040702630982702,0.4245339893608999,0.1592,3.1407035175879394
SR,3,3273,78.37744140625,356.3808403015137,0.47563117656263476,1.0912435105491503,0.5573548619920884,0.1592,3.1407035175879394
SR,5,3274,96.18781089782715,468.85150146484375,0.3689684357718869,0.8061306049896572,0.4393389463075436,0.1592,3.1407035175879394
SR,5,3275,80.36274719238281,210.42340087890625,0.18714466651084982,1.1926988110188634,0.4747818354587421,0.1592,3.1407035175879394
SR,9,3276,97.98422241210938,478.74871826171875,0.25897539933163166,0.5683679072821033,0.32600735703362704,0.1592,3.1407035175879394
SR,14,3277,84.37840270996094,426.76483154296875,0.37599315478822326,0.6787345741969066,0.4502056908311706,0.1592,3.1407035175879394
SR,9,3278,78.58384704589844,332.42138671875,0.2156058017558287,0.5929816812402405,0.2933078801321408,0.1592,3.1407035175879394
SR,3,3279,77.10528564453125,351.17291259765625,0.4375906286940886,1.0448775594216808,0.5116539579657042,0.1592,3.1407035175879394
SR,15,3280,100.42066955566406,371.7715759277344,0.4881712906630691,0.7121094688819839,0.5123689590993366,0.1592,3.1407035175879394
SR,9,3281,97.19271850585938,279.53282165527344,0.2854500367087733,0.7084250588375418,0.37592192076324443,0.1592,3.1407035175879394
SR,1,3282,99.68851089477539,358.9403381347656,0.2020516804404059,0.3230818334419756,0.24578176758658074,0.1592,3.1407035175879394
SR,3,3283,103.19578552246094,254.49554443359375,0.2066370021076211,0.3548208047810264,0.2695096443300766,0.1592,3.1407035175879394
SR,3,3284,84.4732666015625,574.3340759277344,0.23743667339773325,0.43445329628273904,0.2855090062997137,0.1592,3.1407035175879394
SR,13,3285,100.87156009674072,496.6295623779297,0.24948572405408032,0.4488384223627964,0.28727394493586905,0.1592,3.1407035175879394
SR,11,3286,101.31021118164062,542.1376266479492,0.2514291655634326,0.6303144707530368,0.30962402747010037,0.1592,3.1407035175879394
SR,5,3287,81.4093017578125,365.6698570251465,0.21815121697536377,0.8346248983881414,0.3846204602648035,0.1592,3.1407035175879394
SR,12,3288,97.02763366699219,384.8207092285156,0.5599155637942471,0.7043214965873674,0.6328408555382157,0.1592,3.1407035175879394
SR,7,3289,96.76539611816406,434.7589416503906,0.29995924191679346,0.5664859434106229,0.3770862748930067,0.1592,3.1407035175879394
SR,8,3290,104.30195617675781,241.68634033203125,0.4982928040227306,0.9190932370709045,0.5521081149352576,0.1592,3.1407035175879394
SR,11,3291,76.42826843261719,514.9878540039062,0.34175479911478346,0.746972239913432,0.40638874557387583,0.1592,3.1407035175879394
SR,11,3292,101.37177181243896,303.7167205810547,0.22594496170760467,0.3845867914463307,0.2659433037470035,0.1592,3.1407035175879394
SR,1,3293,80.61885070800781,240.69447708129883,0.28203308599342586,0.6287259319431214,0.3694397297230942,0.1592,3.1407035175879394
SR,11,3294,95.07134199142456,284.07244873046875,0.23246304340459817,0.47539756098216895,0.2860658198882282,0.1592,3.1407035175879394
SR,8,3295,78.0911865234375,353.7831726074219,0.21214089050586316,0.3573774410482343,0.23624256965518525,0.1592,3.1407035175879394
SR,5,3296,103.49699401855469,266.0984468460083,0.23737002551656594,0.42069851535649827,0.3258989851184109,0.1592,3.1407035175879394
SR,0,3297,99.14843654632568,516.7371520996094,0.28955985329305195,0.7867688657905184,0.3666247807334331,0.1592,3.1407035175879394
SR,0,3298,100.491455078125,419.2153625488281,0.3271515471096438,0.555276773302413,0.3931729967080538,0.1592,3.1407035175879394
SR,13,3299,98.3653039932251,290.6815971136093,0.2186719743881063,0.372311931575122,0.2688738878811394,0.1592,3.1407035175879394
SR,6,3300,95.37889909744263,338.4076232910156,0.5064484425400726,0.7553408857721646,0.5960201408710253,0.1592,3.1407035175879394
SR,0,3301,79.03646850585938,420.996337890625,0.21364981426895102,0.5181381164625247,0.2768004972737191,0.1592,3.1407035175879394
SR,3,3302,104.45417785644531,284.94273376464844,0.24153634016307288,0.7246769989553035,0.33273617524932136,0.1592,3.1407035175879394
SR,9,3303,98.4544620513916,455.09642791748047,0.30052562738958644,0.8660010935734529,0.3975649152704848,0.1592,3.1407035175879394
SR,4,3304,100.25671577453613,373.22430419921875,0.20422622281541447,0.3378502095034318,0.28487416208767324,0.1592,3.1407035175879394
SR,1,3305,83.33412170410156,545.4104766845703,0.23059307941348944,0.4070799355291255,0.27648037661922326,0.1592,3.1407035175879394
SR,15,3306,76.73236083984375,280.4766082763672,0.48018200862160887,0.9366319320161018,0.5389923085683803,0.1592,3.1407035175879394
SR,10,3307,79.6112060546875,221.37002563476562,0.43683554865606317,0.5336672410444473,0.57594839562621,0.1592,3.1407035175879394
SR,5,3308,102.99563598632812,265.50341796875,0.18693219681086984,0.33763073220514717,0.26019381450406687,0.1592,3.1407035175879394
SR,6,3309,82.72573852539062,708.6366271972656,0.3082511365729677,0.563365490844811,0.3476403467335221,0.1592,3.1407035175879394
SR,12,3310,104.81826114654541,278.8907165527344,0.29469261209617326,0.8190238824296737,0.3874111814124874,0.1592,3.1407035175879394
SR,13,3311,84.34637451171875,200.06304931640625,0.3071666635108707,0.7428247984451329,0.3828098321796849,0.1592,3.1407035175879394
SR,4,3312,80.91015625,379.1504211425781,0.3618255225156088,1.135170698926465,0.4890193103069097,0.1592,3.1407035175879394
SR,9,3313,76.42826843261719,355.64634704589844,0.33568420206206345,0.7536629707923652,0.4180691569640497,0.1592,3.1407035175879394
SR,7,3314,95.78158569335938,306.7525329589844,0.3106021047748499,0.7190918452292924,0.3786740094095986,0.1592,3.1407035175879394
SR,9,3315,78.46502685546875,514.2265625,0.37761094518862554,0.6286726587503234,0.41196881978811767,0.1592,3.1407035175879394
SR,3,3316,80.13441467285156,431.2253723144531,0.29056524714614296,0.6047498273956108,0.34559294527666246,0.1592,3.1407035175879394
SR,13,3317,83.15798950195312,212.15264892578125,0.4331820686086387,0.6354900297673508,0.48567467324825314,0.1592,3.1407035175879394
SR,7,3318,83.2471923828125,274.6462707519531,0.2701608084161287,0.7247311074340849,0.39757184763105546,0.1592,3.1407035175879394
SR,7,3319,83.43202209472656,627.6333923339844,0.26409161324661445,0.617478391074214,0.3108963163634797,0.1592,3.1407035175879394
SR,3,3320,81.99591064453125,260.4837951660156,0.2095227514343562,0.6336485038879582,0.3039885896625729,0.1592,3.1407035175879394
SR,6,3321,96.98772621154785,648.2067108154297,0.2931204948810739,0.5239153740099256,0.3512548104865446,0.1592,3.1407035175879394
SR,14,3322,102.99563121795654,275.24603271484375,0.31590848024499696,0.7835282119783376,0.4166716136943301,0.1592,3.1407035175879394
SR,4,3323,100.32960224151611,241.2320556640625,0.2175864657693215,0.37145918811107953,0.2873642413065846,0.1592,3.1407035175879394
SR,10,3324,97.50663757324219,501.61940002441406,0.23659888225923012,0.7489049662167324,0.3623221982935553,0.1592,3.1407035175879394
SR,11,3325,79.23739624023438,592.6277618408203,0.43869307457180556,0.779844239370708,0.46437422312449056,0.1592,3.1407035175879394
SR,13,3326,82.26708984375,611.6346282958984,0.3182263225618681,0.6398674521335651,0.39632487134632405,0.1592,3.1407035175879394
SR,10,3327,96.24756813049316,690.0715942382812,0.31860750821166106,0.5705279219728114,0.3543438565452675,0.1592,3.1407035175879394
SR,11,3328,84.71072387695312,348.95390701293945,0.25418641070051284,0.42379943188120095,0.33996328870191383,0.1592,3.1407035175879394
SR,3,3329,95.34627962112427,502.6853942871094,0.25674206934951704,0.4020494263914986,0.32136240415684597,0.1592,3.1407035175879394
SR,0,3330,95.885178565979,686.1500701904297,0.26674166951727374,0.5691394801610141,0.3255749655195428,0.1592,3.1407035175879394
SR,6,3331,99.5618896484375,233.584716796875,0.24304797898788028,0.6805952844257394,0.3862771519384319,0.1592,3.1407035175879394
SR,10,3332,103.57173156738281,526.9772720336914,0.25918270449818753,0.5229435365443631,0.32555698613468287,0.1592,3.1407035175879394
SR,7,3333,84.5234375,374.14495849609375,0.32512138339229246,0.8136897292732124,0.3946264510960101,0.1592,3.1407035175879394
SR,9,3334,103.22020721435547,309.0515441894531,0.1870981647720114,0.301785663691949,0.2764336435365153,0.1592,3.1407035175879394
SR,9,3335,96.17912292480469,244.078857421875,0.36085316410318036,0.617190140197467,0.4216133781103885,0.1592,3.1407035175879394
SR,8,3336,96.04942321777344,517.6402130126953,0.18114717895382895,0.29355218592416943,0.2519493146156953,0.1592,3.1407035175879394
SR,3,3337,103.25838088989258,304.1380920410156,0.21802830599122536,0.6182633342934188,0.3015562078277738,0.1592,3.1407035175879394
SR,12,3338,104.8504114151001,516.2869415283203,0.3770439123135371,1.0464846166612427,0.4661131988632862,0.1592,3.1407035175879394
SR,12,3339,97.35165405273438,653.9043273925781,0.25401932605898797,0.48912882662509594,0.3012163845930294,0.1592,3.1407035175879394
SR,7,3340,100.30476379394531,431.8934020996094,0.35901817940868713,0.6323341074950655,0.3915238930995431,0.1592,3.1407035175879394
SR,8,3341,79.04580688476562,419.7261962890625,0.20523794780001084,0.33249479061977394,0.2690297015079755,0.1592,3.1407035175879394
SR,0,3342,100.97238159179688,604.0833129882812,0.35084182702980643,0.690655462967344,0.424133542774189,0.1592,3.1407035175879394
SR,4,3343,75.55422973632812,290.4666442871094,0.22566436619770533,0.39203932410146936,0.2757985664664091,0.1592,3.1407035175879394
SR,5,3344,97.9428186416626,218.29232025146484,0.784132023867034,1.0130771579599867,0.7109198586979585,0.1592,3.1407035175879394
SR,15,3345,101.97668075561523,353.6360778808594,0.2428927633345057,0.5909840358726993,0.30075700325237925,0.1592,3.1407035175879394
SR,10,3346,102.83975219726562,616.660228729248,0.24825697299751048,0.40633379418125126,0.2989305700688803,0.1592,3.1407035175879394
SR,4,3347,83.66061401367188,381.54612731933594,0.2138092792511345,0.3591575197290018,0.267121770560897,0.1592,3.1407035175879394
SR,5,3348,84.76852416992188,471.92425537109375,0.2513124755730147,0.43895108399052857,0.3282975112186012,0.1592,3.1407035175879394
SR,11,3349,77.19482421875,699.6263046264648,0.289730917731072,0.5005082126194736,0.3219851170806623,0.1592,3.1407035175879394
SR,7,3350,104.69920349121094,350.90174865722656,0.26051056924670346,0.6605178584872891,0.3356212518562858,0.1592,3.1407035175879394
SR,5,3351,98.353759765625,383.21180725097656,0.3219433271075757,0.8117061716073398,0.4207945081114888,0.1592,3.1407035175879394
SR,6,3352,83.72079467773438,325.72698974609375,0.21190008950418573,0.35245154009707697,0.2488845102013315,0.1592,3.1407035175879394
SR,1,3353,98.54852867126465,274.20977783203125,0.5330611856602759,1.0545770959484606,0.6753869643057555,0.1592,3.1407035175879394
SR,6,3354,103.4744062423706,566.4995155334473,0.23542643987581785,0.38638586176297895,0.28669993038027164,0.1592,3.1407035175879394
SR,14,3355,102.09535598754883,552.4986724853516,0.23202370241033732,0.44559608929754835,0.27927497929834055,0.1592,3.1407035175879394
SR,2,3356,98.53021240234375,262.01263427734375,0.5071274520576323,0.6479849452554431,0.6899178366603249,0.1592,3.1407035175879394
SR,8,3357,76.57296752929688,454.16119384765625,0.20492773569546174,0.5553072512059762,0.2778170691175975,0.1592,3.1407035175879394
SR,5,3358,101.68978881835938,203.4100341796875,0.2719112778713679,0.6328270935484293,0.36767858546227217,0.1592,3.1407035175879394
SR,9,3359,104.03778076171875,293.94708251953125,0.3554120163535886,0.6229854600211696,0.39652591537866716,0.1592,3.1407035175879394
SR,9,3360,76.04399108886719,323.2652893066406,0.20355484624489192,0.6322633864400917,0.2879959681912574,0.1592,3.1407035175879394
SR,0,3361,84.44784545898438,713.2528686523438,0.26367718410192786,0.5362921012315676,0.32592114242028913,0.1592,3.1407035175879394
SR,13,3362,100.00779724121094,205.83201599121094,0.24055232544209412,0.4159378461306463,0.3017029365166043,0.1592,3.1407035175879394
SR,2,3363,97.9568738937378,249.14866638183594,0.22042272030005755,0.7257206931590441,0.36436167565214184,0.1592,3.1407035175879394
SR,11,3364,104.0377779006958,335.6014404296875,0.3567493168891442,0.47945650443305865,0.554853659424458,0.1592,3.1407035175879394
SR,12,3365,102.96551513671875,408.33197021484375,0.503673363123276,0.7617495165702991,0.541838709255926,0.1592,3.1407035175879394
SR,13,3366,102.02284240722656,373.60693359375,0.3920266696941898,0.64631707924868,0.4144184102452943,0.1592,3.1407035175879394
SR,3,3367,82.27885437011719,481.1236877441406,0.32958573945876246,0.6457949190853537,0.39979541373272987,0.1592,3.1407035175879394
SR,14,3368,80.21783447265625,343.28748321533203,0.3028345267942557,0.5361048048664689,0.3359646661325981,0.1592,3.1407035175879394
SR,4,3369,78.29312133789062,270.4521789550781,0.14639735473242493,0.8178073779031619,0.5381961416595862,0.1592,3.1407035175879394
SR,8,3370,95.84080982208252,330.0264892578125,0.22610617187498566,0.3897299091633719,0.27770608768383936,0.1592,3.1407035175879394
SR,7,3371,98.74565124511719,371.6171569824219,0.42432072440148083,0.8688971697996852,0.4954987052221427,0.1592,3.1407035175879394
SR,0,3372,82.23551940917969,500.1798858642578,0.230868332062444,0.4288623280421173,0.2800312798322765,0.1592,3.1407035175879394
SR,8,3373,75.90672302246094,523.1081848144531,0.3217299521591579,1.1927576220653224,0.4395463025073366,0.1592,3.1407035175879394
SR,8,3374,96.33938598632812,516.2209930419922,0.28244927554623156,0.6188486064039601,0.3492276793357216,0.1592,3.1407035175879394
SR,1,3375,75.33367919921875,335.0757141113281,0.41985830949108255,0.5961327168576896,0.47446076902116285,0.1592,3.1407035175879394
SR,15,3376,103.70832824707031,332.7579345703125,0.23824759156455524,0.4208059343824867,0.29760627887353897,0.1592,3.1407035175879394
SR,11,3377,100.18301391601562,266.7883987426758,0.21156203089789555,0.6363808016518944,0.29802763753134204,0.1592,3.1407035175879394
SR,7,3378,81.50199890136719,318.2845153808594,0.3247493274286596,0.5063306920954973,0.3756551621281413,0.1592,3.1407035175879394
SR,5,3379,76.09585571289062,500.91229248046875,0.2938794125735552,0.6569986424026114,0.35058616858302444,0.1592,3.1407035175879394
SR,8,3380,80.18093872070312,542.605224609375,0.28374700032397837,1.008287950370876,0.3902742176264905,0.1592,3.1407035175879394
SR,13,3381,98.12948608398438,521.2834777832031,0.48682680056809935,0.6542648565402184,0.5183376721910846,0.1592,3.1407035175879394
SR,8,3382,75.74371337890625,413.4595489501953,0.3359788730735122,0.45887132536901326,0.37887994378124207,0.1592,3.1407035175879394
SR,9,3383,104.35102844238281,603.5931854248047,0.27343151021219486,0.43406017122844476,0.3128795803453768,0.1592,3.1407035175879394
SR,11,3384,96.43394231796265,469.8352355957031,0.33248162706473694,0.5154635036076708,0.35827981794604574,0.1592,3.1407035175879394
SR,4,3385,96.08772277832031,384.6638641357422,0.23670083053668112,0.5082105174808594,0.30505427184377815,0.1592,3.1407035175879394
SR,13,3386,101.72555541992188,349.17407989501953,0.29825937163861715,0.8062260745532479,0.39079638677938777,0.1592,3.1407035175879394
SR,14,3387,102.4656982421875,226.34954833984375,0.4758790422433413,0.6278005583736702,0.5792004371663888,0.1592,3.1407035175879394
SR,4,3388,99.01887512207031,720.0897827148438,0.21935322064297516,0.742211801613834,0.33610957980820805,0.1592,3.1407035175879394
SR,2,3389,78.89596557617188,492.5902404785156,0.41123707782876795,0.6681694383376025,0.4724172163265055,0.1592,3.1407035175879394
SR,10,3390,83.11602783203125,1104.7465515136719,0.399652681894075,1.0487154114582362,0.49536488884439844,0.1592,3.1407035175879394
SR,10,3391,83.04782104492188,397.2034606933594,0.43667794786990627,0.643100959870825,0.4870749474700537,0.1592,3.1407035175879394
SR,3,3392,83.73332214355469,565.9600143432617,0.22347413040439815,0.3726999276394105,0.2759396212336948,0.1592,3.1407035175879394
SR,11,3393,99.46198558807373,270.39898681640625,0.3111631901325491,0.5379799005563831,0.3472287197147312,0.1592,3.1407035175879394
SR,7,3394,76.14715576171875,251.32955932617188,0.21125375297310808,0.3445248468603589,0.2535298239738369,0.1592,3.1407035175879394
SR,12,3395,101.5496301651001,253.91073608398438,0.2523042900200112,0.4387484244292036,0.27871895623896464,0.1592,3.1407035175879394
SR,15,3396,79.73495483398438,402.4024658203125,0.2674688301512822,0.47665002160600467,0.3164518218808958,0.1592,3.1407035175879394
SR,8,3397,102.93359279632568,249.2549285888672,0.21006824984655445,0.3431649414806274,0.283572752773557,0.1592,3.1407035175879394
SR,12,3398,80.34844970703125,607.6389999389648,0.30633341726550767,0.6224327087129979,0.3701421444555253,0.1592,3.1407035175879394
SR,11,3399,97.81462097167969,825.1450958251953,0.3436059397532888,0.7000557693745278,0.40572242708654427,0.1592,3.1407035175879394
SR,11,3400,99.93144798278809,284.4301452636719,0.35986596313061814,0.5468870716895947,0.41125017866473546,0.1592,3.1407035175879394
SR,10,3401,99.86558246612549,328.4569206237793,0.37168545320044705,0.8423605043903258,0.46649513673008036,0.1592,3.1407035175879394
SR,7,3402,83.83932495117188,225.93093872070312,0.4341005485111289,1.9389655441036708,0.6166303797388666,0.1592,3.1407035175879394
SR,1,3403,83.2471923828125,385.0613899230957,0.43496454815741314,1.0835097461515375,0.5386556373954745,0.1592,3.1407035175879394
SR,8,3404,79.21562194824219,855.6005668640137,0.24640890421794184,0.3951466592327648,0.29997242531702906,0.1592,3.1407035175879394
SR,12,3405,96.05338430404663,378.51031494140625,0.21653508325705767,0.5669758403692684,0.27439852085227184,0.1592,3.1407035175879394
SR,3,3406,102.01203918457031,538.9900741577148,0.3030757768231,0.6880070419374091,0.386452786059905,0.1592,3.1407035175879394
SR,5,3407,100.51602172851562,442.099365234375,0.2294042531202437,0.3758822191096516,0.2990204839947886,0.1592,3.1407035175879394
SR,7,3408,82.95498657226562,474.2906036376953,0.24837403205871122,0.4604649413916392,0.2988804814991618,0.1592,3.1407035175879394
SR,5,3409,95.83868265151978,233.1394100189209,0.20847755912499977,0.3608577926147668,0.3411161835640598,0.1592,3.1407035175879394
SR,3,3410,77.42674255371094,550.1757659912109,0.3500108917456131,0.7073339623189007,0.40903229503111377,0.1592,3.1407035175879394
SR,0,3411,77.96884155273438,311.6473274230957,0.22409190057497838,0.4326001122159775,0.28504649533752136,0.1592,3.1407035175879394
SR,9,3412,103.67265510559082,231.84738063812256,0.20500624038217508,0.37763480490629503,0.31249540027707173,0.1592,3.1407035175879394
SR,0,3413,98.7806625366211,355.49383544921875,0.397078402623015,0.6428520827841624,0.43498315132075643,0.1592,3.1407035175879394
SR,1,3414,78.17803955078125,634.3629150390625,0.23803739706377858,0.4572172792693681,0.28095104380325886,0.1592,3.1407035175879394
SR,5,3415,80.94255065917969,357.6552047729492,0.30696544086864713,0.8289450317785088,0.4258073210653651,0.1592,3.1407035175879394
SR,15,3416,77.77421569824219,474.1416015625,0.31065850937002515,0.8931486777121405,0.4030903631305887,0.1592,3.1407035175879394
SR,4,3417,77.66021728515625,502.8478088378906,0.24802268411555842,0.7506047625574876,0.325479682398518,0.1592,3.1407035175879394
SR,10,3418,100.06051635742188,472.3683109283447,0.23787735151239814,0.38003682662643373,0.28680239313930844,0.1592,3.1407035175879394
SR,1,3419,96.26667785644531,696.0454788208008,0.24616443589911763,0.6187310337009136,0.33545724738414984,0.1592,3.1407035175879394
SR,15,3420,102.87596130371094,262.407021522522,0.5195119632072441,1.2923716883249463,0.6144249836046097,0.1592,3.1407035175879394
SR,3,3421,103.90924644470215,255.52450561523438,0.19980222904344389,0.32501769048554136,0.2870125587179615,0.1592,3.1407035175879394
SR,14,3422,75.06657409667969,240.38847541809082,0.21586358823021884,0.6246744458030387,0.29418977336073526,0.1592,3.1407035175879394
SR,1,3423,82.27886962890625,222.89532899856567,0.2556216182942804,0.47259879699913193,0.3328120327746523,0.1592,3.1407035175879394
SR,4,3424,82.26708984375,850.5354690551758,0.3945214277000781,0.644863207247296,0.4284668112682335,0.1592,3.1407035175879394
SR,1,3425,95.59852600097656,236.49261474609375,0.40068734045767423,0.6921651231409277,0.46371958120088397,0.1592,3.1407035175879394
SR,15,3426,77.69877624511719,564.4591522216797,0.2891087424525545,0.7068607128302876,0.37062362418656264,0.1592,3.1407035175879394
SR,7,3427,104.48353481292725,250.28076171875,0.35138292450683245,0.8003507524040516,0.4536865433226409,0.1592,3.1407035175879394
SR,8,3428,95.46304321289062,348.91583251953125,0.22547360508898426,0.4907517318135826,0.2909414498714598,0.1592,3.1407035175879394
SR,2,3429,99.34430408477783,349.07806396484375,0.31513874540098924,0.6277989214289691,0.40572470420533935,0.1592,3.1407035175879394
SR,4,3430,104.12049865722656,626.8222045898438,0.2599665113293002,0.738174416482542,0.37379358168185367,0.1592,3.1407035175879394
SR,5,3431,82.47688293457031,665.8202056884766,0.24932372438280068,0.4056243714852957,0.2909710135680317,0.1592,3.1407035175879394
SR,8,3432,75.96221923828125,318.6687545776367,0.22796920470139395,0.8928651712834861,0.35865855484852216,0.1592,3.1407035175879394
SR,11,3433,80.53800964355469,336.177734375,0.2630415995524717,0.8809785430139782,0.40401258749040403,0.1592,3.1407035175879394
SR,6,3434,83.24720764160156,276.2226257324219,0.26940384837971776,0.5396809187531904,0.39190478376773924,0.1592,3.1407035175879394
SR,15,3435,101.10402774810791,305.4954528808594,0.2628953676407157,0.6841097794338858,0.3302309685741374,0.1592,3.1407035175879394
SR,4,3436,77.34658813476562,450.5839538574219,0.42712714090275306,0.6638339036283442,0.448076051857905,0.1592,3.1407035175879394
SR,14,3437,82.79469299316406,517.2349967956543,0.5426759475025407,0.8764822814912118,0.6196941982883953,0.1592,3.1407035175879394
SR,9,3438,78.55461120605469,601.5056610107422,0.37168456822350887,0.6467967354139824,0.4284078530685264,0.1592,3.1407035175879394
SR,6,3439,80.8702392578125,594.4187622070312,0.21916519677147764,0.6655308354973066,0.29165076858274247,0.1592,3.1407035175879394
SR,3,3440,84.9505615234375,465.93492889404297,0.2416617796318598,0.502483100499541,0.2859352867178026,0.1592,3.1407035175879394
SR,15,3441,80.39509582519531,379.2876434326172,0.18595172820999892,0.6155175274290923,0.2935200858125275,0.1592,3.1407035175879394
SR,14,3442,82.46563720703125,420.01531982421875,0.2518033022000955,0.46940266701631284,0.29498309003196227,0.1592,3.1407035175879394
SR,3,3443,81.06484985351562,530.5146484375,0.22828760576840285,0.6515857874527733,0.3297829419092129,0.1592,3.1407035175879394
SR,3,3444,75.64897155761719,517.9674224853516,0.3064113946175907,1.0567198056085394,0.4244119424844422,0.1592,3.1407035175879394
SR,5,3445,96.70906066894531,260.9566287994385,0.34464727333215317,0.6809961651102105,0.4402594553100778,0.1592,3.1407035175879394
SR,3,3446,80.16665649414062,385.93011474609375,0.2395414361588864,0.44406738958757147,0.2974815480279427,0.1592,3.1407035175879394
SR,3,3447,99.3095703125,282.32591247558594,0.25085277692552976,0.47948789062321817,0.3781850655149579,0.1592,3.1407035175879394
SR,8,3448,81.34297180175781,689.6054916381836,0.3066757909671086,0.6945298922539157,0.37916262954240665,0.1592,3.1407035175879394
SR,6,3449,78.35360717773438,205.9317626953125,0.3823877773273826,1.025236218846581,0.5040803990600602,0.1592,3.1407035175879394
SR,12,3450,84.57559204101562,601.03369140625,0.4406668742521138,0.6972692724764666,0.4709791994456789,0.1592,3.1407035175879394
SR,15,3451,104.26615905761719,277.6601791381836,0.21011184715779743,0.6827829079858261,0.28572282055173487,0.1592,3.1407035175879394
SR,14,3452,104.6696891784668,761.1560974121094,0.2846869051589081,0.4671523145606949,0.3054960547361684,0.1592,3.1407035175879394
SR,15,3453,78.50308227539062,431.39839935302734,0.4307142740839347,0.7354082285612881,0.49066815290415183,0.1592,3.1407035175879394
SR,3,3454,75.59825134277344,480.93736267089844,0.21270547551773314,0.3896595245521634,0.2530401258384393,0.1592,3.1407035175879394
SR,8,3455,80.66537475585938,472.7917938232422,0.24764662369444382,0.9621515636949254,0.378811693470691,0.1592,3.1407035175879394
SR,5,3456,104.62271308898926,497.10137939453125,0.27500526997017277,0.6240653342920253,0.35500961110018064,0.1592,3.1407035175879394
SR,14,3457,83.40791320800781,320.3899230957031,0.23338353653119995,0.46558846175902663,0.2846162141710677,0.1592,3.1407035175879394
SR,0,3458,75.25454711914062,244.50881576538086,0.17799118525267826,0.5607959320938981,0.2859434846242546,0.1592,3.1407035175879394
SR,0,3459,96.91045761108398,610.6815490722656,0.3184063906857656,0.5873559600135139,0.3673118772899238,0.1592,3.1407035175879394
SR,6,3460,83.78515625,305.9659881591797,0.23070818584963254,0.39508158329944504,0.27642997639903377,0.1592,3.1407035175879394
SR,12,3461,81.5736083984375,355.35267639160156,0.20655199290240156,0.7551968594717556,0.3142579444284824,0.1592,3.1407035175879394
SR,2,3462,97.8633599281311,225.74261474609375,0.23646145860589943,0.3565048963392068,0.3070713856645646,0.1592,3.1407035175879394
SR,2,3463,96.48228454589844,238.57125091552734,0.29286137678949536,0.8612487828252511,0.42640422691705737,0.1592,3.1407035175879394
SR,11,3464,100.17538452148438,300.3759002685547,0.3813899790870878,1.04922764404789,0.4750596335313948,0.1592,3.1407035175879394
SR,14,3465,100.32960224151611,302.22357177734375,0.22447916829362372,0.4293531626268778,0.2806017510376487,0.1592,3.1407035175879394
SR,5,3466,100.2567138671875,311.0289001464844,0.20230284131256562,0.5061995783298306,0.2642061368514895,0.1592,3.1407035175879394
SR,4,3467,102.99563121795654,294.8201217651367,0.2174687164993369,0.5422350592940729,0.2943787623378775,0.1592,3.1407035175879394
SR,3,3468,76.18356323242188,322.57373046875,0.23290109792230257,0.37074459550898364,0.2876767321688944,0.1592,3.1407035175879394
SR,13,3469,82.15597534179688,361.6222229003906,0.49864636160166786,1.269603029819093,0.6000533832419058,0.1592,3.1407035175879394
SR,0,3470,103.54446029663086,343.6466522216797,0.21335342751539726,0.3391837513167494,0.25392610272109634,0.1592,3.1407035175879394
SR,4,3471,77.61851501464844,227.48004150390625,0.24158354932740228,0.6805789136252526,0.36116682588100546,0.1592,3.1407035175879394
SR,4,3472,99.63724899291992,378.45013427734375,0.332833741072161,0.7928549487816133,0.43197193410570484,0.1592,3.1407035175879394
SR,5,3473,98.61511325836182,617.6192932128906,0.27936974160159506,0.4632579505768747,0.320166759844489,0.1592,3.1407035175879394
SR,3,3474,79.87547302246094,284.7002716064453,0.32465963129825814,0.47719854788964133,0.36567247314533635,0.1592,3.1407035175879394
SR,3,3475,99.46198558807373,262.9810485839844,0.23042768795214316,0.4167788804398412,0.28267895284251565,0.1592,3.1407035175879394
SR,4,3476,95.68008232116699,694.3901882171631,0.3575218599462768,0.6429864908767818,0.38655117234028963,0.1592,3.1407035175879394
SR,10,3477,81.66622924804688,440.85472106933594,0.24934017774585995,0.49645714293019627,0.3202237149620961,0.1592,3.1407035175879394
SR,1,3478,77.19482421875,279.27264404296875,0.23498478826471658,0.4370062903853262,0.28008698439466867,0.1592,3.1407035175879394
SR,14,3479,81.486572265625,603.1049728393555,0.38823444748967884,0.6385805911428952,0.42888036563883686,0.1592,3.1407035175879394
SR,5,3480,79.80862426757812,515.8324661254883,0.23117471333394238,0.5636378106690777,0.3066134942042051,0.1592,3.1407035175879394
SR,2,3481,101.31021118164062,246.36454010009766,0.1916675775358299,0.31145356249730416,0.2620450821945014,0.1592,3.1407035175879394
SR,2,3482,102.72523498535156,487.9833984375,0.2800645722054973,0.46750646554451103,0.3568713259140273,0.1592,3.1407035175879394
SR,2,3483,77.94863891601562,836.6281127929688,0.3268150602671671,0.5832249403895503,0.38170081627790353,0.1592,3.1407035175879394
SR,8,3484,77.5343017578125,270.8822937011719,0.46165471059947616,1.2142823559494458,0.6049114232319793,0.1592,3.1407035175879394
SR,9,3485,99.5363187789917,763.4888076782227,0.3283132081839149,0.6787297596541623,0.3818227903033786,0.1592,3.1407035175879394
SR,10,3486,102.89471435546875,285.0883331298828,0.21197308925676417,0.5664356071418523,0.27869072881405554,0.1592,3.1407035175879394
SR,15,3487,81.0032958984375,800.7108459472656,0.4889980963638756,0.8041021710498487,0.5538703609186567,0.1592,3.1407035175879394
SR,7,3488,102.99563598632812,428.2429962158203,0.38596725329350157,0.5151525445177945,0.4440060853706579,0.1592,3.1407035175879394
SR,11,3489,78.38812255859375,270.01544189453125,0.40305511470224376,1.0337582453987901,0.6099113340665944,0.1592,3.1407035175879394
SR,6,3490,77.77421569824219,427.8923797607422,0.1949973959961687,0.592113085549485,0.26523176346922794,0.1592,3.1407035175879394
SR,13,3491,102.60641479492188,525.5285186767578,0.4053062687849421,0.7947879243430296,0.4657013776513804,0.1592,3.1407035175879394
SR,14,3492,101.64637756347656,230.11225509643555,0.36148817511903464,1.0309847605196962,0.44700828661391007,0.1592,3.1407035175879394
SR,15,3493,99.2457275390625,245.51426124572754,0.5268547538143068,0.862117853689774,0.576457548675937,0.1592,3.1407035175879394
SR,3,3494,77.65008544921875,268.5680847167969,0.24998654626507913,0.48313614929000204,0.3259478270862457,0.1592,3.1407035175879394
SR,3,3495,80.036376953125,321.63946533203125,0.21935223420966543,0.5712561813586843,0.2790394171541668,0.1592,3.1407035175879394
SR,11,3496,78.25390625,286.5986022949219,0.3142947984399363,0.679207501079699,0.39758681891931824,0.1592,3.1407035175879394
SR,0,3497,99.21062469482422,237.01712036132812,0.2138261560353274,0.37521634118467256,0.2598040038408991,0.1592,3.1407035175879394
SR,13,3498,102.88612365722656,616.6703186035156,0.45663789518605064,0.7096040064495917,0.49048162952601326,0.1592,3.1407035175879394
SR,13,3499,76.60629272460938,476.6365966796875,0.22576821054146187,0.38590532540271066,0.2632900394009948,0.1592,3.1407035175879394
SR,13,3500,75.25454711914062,202.3406219482422,0.4387636117249741,1.1461321971160126,0.5870477122959011,0.1592,3.1407035175879394
SR,0,3501,76.53353881835938,558.8528747558594,0.3067013680883729,0.6577156250477013,0.3700024637336396,0.1592,3.1407035175879394
SR,7,3502,81.32736206054688,370.4001655578613,0.41206910969649885,0.9324429503978161,0.5074875715119066,0.1592,3.1407035175879394
SR,6,3503,100.75103759765625,236.0714340209961,0.5214107193360955,1.0760601209958771,0.6009317549435778,0.1592,3.1407035175879394
SR,10,3504,103.4664535522461,267.38836669921875,0.20637030243647025,0.47825157592185613,0.259067560615569,0.1592,3.1407035175879394
SR,6,3505,100.00779819488525,302.94669914245605,0.23012572281147053,0.6922603864777308,0.338509348716912,0.1592,3.1407035175879394
SR,0,3506,83.095458984375,630.8141937255859,0.25376997303025145,0.45803946562806547,0.29928804170553824,0.1592,3.1407035175879394
SR,12,3507,99.32321834564209,249.0767822265625,0.18522988473933402,0.30358348712166144,0.27258614470919557,0.1592,3.1407035175879394
SR,11,3508,75.39689636230469,397.5863952636719,0.2621034753151355,0.43822727519820837,0.3046435880943917,0.1592,3.1407035175879394
SR,7,3509,79.15959167480469,500.9025115966797,0.26013810093507894,0.5215953849796059,0.3082551469487587,0.1592,3.1407035175879394
SR,15,3510,84.33352661132812,770.606819152832,0.2641832830595623,0.7004821179631598,0.3356532359056422,0.1592,3.1407035175879394
SR,0,3511,75.88336181640625,367.04058837890625,0.22985059703440525,0.4769063000404041,0.284911086064358,0.1592,3.1407035175879394
SR,2,3512,76.04815673828125,375.087890625,0.31746655803690443,0.6727243798621151,0.37791627262813743,0.1592,3.1407035175879394
SR,11,3513,84.62408447265625,259.96929931640625,0.4332062841364527,0.7821274204821772,0.47434389849495245,0.1592,3.1407035175879394
SR,0,3514,100.9443531036377,372.85382080078125,0.2180491278592611,0.35589798954418445,0.2535269068952649,0.1592,3.1407035175879394
SR,3,3515,81.431396484375,203.00836181640625,0.3540416509025561,0.5240523527436433,0.41838655745243214,0.1592,3.1407035175879394
SR,14,3516,77.00436401367188,243.97921752929688,0.2268933504706156,0.49439044099695195,0.30691432068270663,0.1592,3.1407035175879394
SR,1,3517,99.72731399536133,571.2900772094727,0.2698334600066287,0.5493089890746559,0.3104117243781354,0.1592,3.1407035175879394
SR,10,3518,80.53800964355469,503.0990219116211,0.27188150044080767,0.44545481365495926,0.3002575110244765,0.1592,3.1407035175879394
SR,14,3519,81.44497680664062,309.5239562988281,0.2931585944541981,0.4788832592980883,0.4033463854321054,0.1592,3.1407035175879394
SR,14,3520,80.08367919921875,395.65245819091797,0.35272089291575465,0.757252392070376,0.44033964239581536,0.1592,3.1407035175879394
SR,13,3521,79.42648315429688,248.4612045288086,0.6425135795815751,1.471207280860507,0.8386154027290679,0.1592,3.1407035175879394
SR,1,3522,100.30475902557373,416.23914337158203,0.30407259290550664,0.5381675350246525,0.340541080448422,0.1592,3.1407035175879394
SR,10,3523,84.01266479492188,298.4124069213867,0.20948806319305455,0.3158460763440579,0.38634085696923015,0.1592,3.1407035175879394
SR,13,3524,75.01632690429688,301.1526794433594,0.49593206679460977,0.9146065375380655,0.7057758420384044,0.1592,3.1407035175879394
SR,8,3525,99.78215885162354,277.1034851074219,0.23113309403289709,0.39000922189125986,0.31944768965898324,0.1592,3.1407035175879394
SR,14,3526,79.69525146484375,207.83050537109375,0.6369931157415076,1.1329848724710652,0.6940064580264869,0.1592,3.1407035175879394
SR,9,3527,78.17802429199219,217.0750732421875,0.3560566093029213,0.6641015365176575,0.4209549544026944,0.1592,3.1407035175879394
SR,10,3528,79.10115051269531,517.2571716308594,0.37803479396450257,0.7238898291424586,0.42938476902387107,0.1592,3.1407035175879394
SR,8,3529,100.73272228240967,344.4919128417969,0.2878083643613511,0.4942850066653564,0.3447737251908574,0.1592,3.1407035175879394
SR,9,3530,77.00436401367188,215.98114013671875,0.2600693001439219,0.6751707328678787,0.36097649071459476,0.1592,3.1407035175879394
SR,2,3531,83.95671081542969,534.0090637207031,0.29541167675562663,0.5724737717045872,0.3576814237222703,0.1592,3.1407035175879394
SR,0,3532,99.71298217773438,388.4024658203125,0.36080596836564377,1.015898675644498,0.4644937449191631,0.1592,3.1407035175879394
SR,0,3533,95.23479175567627,455.52099609375,0.31604191145769295,0.6921265317710268,0.38550866849444937,0.1592,3.1407035175879394
SR,4,3534,104.17394161224365,464.58428955078125,0.42093941027789583,0.9584251567664754,0.4837977150746887,0.1592,3.1407035175879394
SR,14,3535,97.53618860244751,381.30931091308594,0.19028099219013123,0.29139816749132247,0.26474016773483444,0.1592,3.1407035175879394
SR,11,3536,99.13673114776611,407.4505920410156,0.20874305061062418,0.34227385807788546,0.2531102783640147,0.1592,3.1407035175879394
SR,8,3537,99.35982704162598,483.70208740234375,0.25054559138246524,0.46217870079574547,0.29203074107261906,0.1592,3.1407035175879394
SR,15,3538,77.42025756835938,362.7108154296875,0.2783350885611026,0.9100619468093871,0.4121487373097136,0.1592,3.1407035175879394
SR,10,3539,82.875732421875,279.6974334716797,0.2112791042799512,0.5375588434645544,0.262993626165553,0.1592,3.1407035175879394
SR,13,3540,98.64227294921875,603.8379821777344,0.2908329722737812,0.8724291649644393,0.39389920985471255,0.1592,3.1407035175879394
SR,10,3541,104.0377779006958,419.1556396484375,0.28286117703252084,0.5931182505059229,0.3547832908389777,0.1592,3.1407035175879394
SR,3,3542,99.24571990966797,427.70806884765625,0.19831479371983202,0.3175349818549815,0.2833267585880441,0.1592,3.1407035175879394
SR,6,3543,95.19363403320312,708.9340896606445,0.4028873921046853,0.6711010522129132,0.4367451062201476,0.1592,3.1407035175879394
SR,4,3544,75.25454711914062,488.4561767578125,0.2599987680403115,0.6434744835155494,0.3407438477675604,0.1592,3.1407035175879394
SR,15,3545,101.05659484863281,311.14697265625,0.3160798774965433,0.5756422272109658,0.37978333060909875,0.1592,3.1407035175879394
SR,7,3546,97.12426424026489,247.449951171875,0.38516425532042026,0.596957197653937,0.5341072399496807,0.1592,3.1407035175879394
SR,8,3547,83.66061401367188,756.2905426025391,0.2587361003198761,0.6002551574148389,0.3408711624007682,0.1592,3.1407035175879394
SR,13,3548,97.86841106414795,568.0723114013672,0.26705069713097607,0.5010881276720297,0.30176205888239027,0.1592,3.1407035175879394
SR,1,3549,79.86590576171875,337.0989990234375,0.32984081582112423,0.666536078715688,0.4074864970867044,0.1592,3.1407035175879394
SR,15,3550,81.11154174804688,515.3159663677216,0.47601910578648826,1.210800578909049,0.6128071941729007,0.1592,3.1407035175879394
SR,9,3551,95.76182556152344,406.1328125,0.3617088571961359,0.7955139810539817,0.4220039131700899,0.1592,3.1407035175879394
SR,4,3552,81.5736083984375,551.6494445800781,0.21820448523181027,0.6545284752437485,0.2892876451808126,0.1592,3.1407035175879394
SR,7,3553,103.84941482543945,237.26876831054688,0.23136313650642948,0.5254858251621,0.3150731228843644,0.1592,3.1407035175879394
SR,0,3554,76.50302124023438,335.9004821777344,0.22329798048382635,0.3782636468965649,0.26814623288830725,0.1592,3.1407035175879394
SR,15,3555,76.87850952148438,205.66748809814453,0.3983594927456693,0.9077071736266594,0.4874847064598525,0.1592,3.1407035175879394
SR,12,3556,79.69525146484375,245.91702270507812,0.6374786364177734,1.3620694678622565,0.7962469406713772,0.1592,3.1407035175879394
SR,13,3557,98.92352294921875,293.1029510498047,0.19061495305860213,0.306068836005823,0.2535986581662755,0.1592,3.1407035175879394
SR,14,3558,97.32117557525635,579.9599952697754,0.23321765530733282,0.5586326229976397,0.3016018925693024,0.1592,3.1407035175879394
SR,2,3559,76.93740844726562,463.3705749511719,0.2268521245809316,0.43924767459658837,0.32033468739231385,0.1592,3.1407035175879394
SR,8,3560,101.80753993988037,590.2192077636719,0.28394553381301363,0.5577333133723786,0.3281282306260203,0.1592,3.1407035175879394
SR,7,3561,96.9264497756958,268.2885913848877,0.22211344419471307,0.39204081117152983,0.27473733377094195,0.1592,3.1407035175879394
SR,2,3562,101.85350036621094,505.7098388671875,0.27363110919824774,0.4822547773494072,0.34540102151093827,0.1592,3.1407035175879394
SR,10,3563,82.36737060546875,232.7642822265625,0.5149416708411764,0.7117988603869264,0.5774844356522377,0.1592,3.1407035175879394
SR,13,3564,77.47039794921875,354.4779930114746,0.3274833655108036,0.8502469912229781,0.44786475370698037,0.1592,3.1407035175879394
SR,12,3565,77.4078369140625,534.4488220214844,0.38098269916052,0.7026632890680127,0.4266010708206019,0.1592,3.1407035175879394
SR,3,3566,100.61967277526855,452.2734832763672,0.22500743240618254,0.40832860163026713,0.2925235165450394,0.1592,3.1407035175879394
SR,0,3567,97.30502319335938,710.5363082885742,0.24105601264133977,0.6610182876265601,0.30158672050094365,0.1592,3.1407035175879394
SR,7,3568,101.77848815917969,304.22064208984375,0.2924037570574799,0.5435431200004052,0.3429582627072179,0.1592,3.1407035175879394
SR,3,3569,76.84796142578125,348.4259033203125,0.22961814475315478,0.4119479998451882,0.29639844093372303,0.1592,3.1407035175879394
SR,14,3570,99.68851089477539,407.3899841308594,0.2756635417358169,0.46134796934470357,0.33139621935598784,0.1592,3.1407035175879394
SR,5,3571,77.13629150390625,268.29656982421875,0.38324737580151624,1.1184591831220916,0.4761629681534077,0.1592,3.1407035175879394
SR,10,3572,99.96360778808594,394.80778312683105,0.440337060482723,0.5672194240243427,0.5648154930082026,0.1592,3.1407035175879394
SR,15,3573,104.03778076171875,665.5409393310547,0.32632428429045257,0.6044919431483027,0.3608830455955263,0.1592,3.1407035175879394
SR,1,3574,83.35214233398438,271.349853515625,0.4240368465307627,0.6433080532101465,0.4661004393381691,0.1592,3.1407035175879394
SR,3,3575,77.60655212402344,452.7582550048828,0.2618954695086517,0.5695512002529156,0.3191191839203694,0.1592,3.1407035175879394
SR,11,3576,82.71177673339844,434.2499084472656,0.2726101981672782,0.6844650066823174,0.357324791928559,0.1592,3.1407035175879394
SR,15,3577,84.90869140625,333.1014099121094,0.18081381065850882,0.6694299586705355,0.36061821575188796,0.1592,3.1407035175879394
SR,14,3578,82.40605163574219,219.97103118896484,0.22703521587713527,0.4196543958483355,0.32743783790533937,0.1592,3.1407035175879394
SR,8,3579,104.81031799316406,274.3232116699219,0.21399200247964906,0.6337254255977655,0.31748676661462827,0.1592,3.1407035175879394
SR,3,3580,96.74479818344116,592.2501220703125,0.31367417595779956,0.5745711809825328,0.3750469866773258,0.1592,3.1407035175879394
SR,11,3581,101.75044250488281,482.80003356933594,0.18185607395192352,0.28279281055338457,0.2591602149998345,0.1592,3.1407035175879394
SR,7,3582,80.42608642578125,471.6274108886719,0.2388432536745439,0.4270837196641102,0.3031525994085323,0.1592,3.1407035175879394
SR,4,3583,82.96578979492188,402.17193603515625,0.43250801272895373,0.6674756141235116,0.45038608924237694,0.1592,3.1407035175879394
SR,0,3584,76.66604614257812,361.34564208984375,0.205827838241992,0.5518445202819037,0.2838380286580767,0.1592,3.1407035175879394
SR,10,3585,98.4705810546875,782.7744293212891,0.24980704172766194,0.4140536550669633,0.31590579416829245,0.1592,3.1407035175879394
SR,3,3586,101.43062210083008,271.430419921875,0.28290264289532746,0.696359213659338,0.3798210225375159,0.1592,3.1407035175879394
SR,10,3587,77.52877807617188,544.9398422241211,0.3715421393567696,0.6680807305504727,0.40924222994545745,0.1592,3.1407035175879394
SR,7,3588,101.61892700195312,256.812744140625,0.5963541687965495,0.8577179533576113,0.6868285604857314,0.1592,3.1407035175879394
SR,9,3589,83.66061401367188,491.6772155761719,0.4241207340804333,0.631009993669654,0.46199411271524904,0.1592,3.1407035175879394
SR,7,3590,81.44497680664062,385.34051513671875,0.4064331486517435,0.6888053871819151,0.4822874111436358,0.1592,3.1407035175879394
SR,3,3591,95.0913233757019,433.8772888183594,0.35507001306621677,0.6330929056967493,0.4175684636775533,0.1592,3.1407035175879394
SR,13,3592,81.87051391601562,427.6803207397461,0.30918099938601007,0.5685614388023958,0.35224398775586335,0.1592,3.1407035175879394
SR,14,3593,83.58200073242188,380.82696533203125,0.4377470795415091,1.0533978606336662,0.5420474595876981,0.1592,3.1407035175879394
SR,6,3594,79.7779541015625,511.9965057373047,0.26701614105655114,0.4842262859518794,0.3374469291080075,0.1592,3.1407035175879394
SR,11,3595,103.17366027832031,291.6535453796387,0.2415792541982914,1.090027972103595,0.3899544346276156,0.1592,3.1407035175879394
SR,4,3596,82.64834594726562,487.1595458984375,0.5719877625828763,1.035265175745225,0.5595255827953298,0.1592,3.1407035175879394
SR,10,3597,95.93071746826172,953.7630615234375,0.33507496312948293,0.5140163241906331,0.36232349564889965,0.1592,3.1407035175879394
SR,4,3598,79.0887451171875,543.2481689453125,0.36256554708403277,0.6377382507500283,0.3977338431482235,0.1592,3.1407035175879394
SR,13,3599,77.00436401367188,406.6733169555664,0.2422050810190319,0.4118567071862844,0.3932055189588982,0.1592,3.1407035175879394
SR,10,3600,82.20048522949219,609.0186538696289,0.3622598438411552,0.6448632762398558,0.41425328227298225,0.1592,3.1407035175879394
SR,8,3601,83.85418701171875,210.49502563476562,0.26236195204018276,0.8911196101521922,0.398074634400683,0.1592,3.1407035175879394
SR,11,3602,103.08018493652344,274.9795455932617,0.29019376046547385,0.9215316752856076,0.37945986301410034,0.1592,3.1407035175879394
SR,4,3603,98.32505989074707,329.77349853515625,0.33124707832320094,0.7236833907146792,0.39973992907153155,0.1592,3.1407035175879394
SR,7,3604,82.99949645996094,610.6922836303711,0.2538320485347202,0.41950139431634004,0.27821069714483393,0.1592,3.1407035175879394
SR,5,3605,78.11082458496094,449.6518859863281,0.23814617163156115,0.5523491866664411,0.3056423104877539,0.1592,3.1407035175879394
SR,15,3606,101.94471740722656,293.0269775390625,0.5336733789235774,0.7151439832553464,0.5724201057192252,0.1592,3.1407035175879394
SR,12,3607,78.05528259277344,294.0587463378906,0.4441937517539141,0.8082162527402356,0.4952736302374291,0.1592,3.1407035175879394
SR,5,3608,76.29168701171875,238.48541259765625,0.23440763913071705,0.48265873676168686,0.3026306726656803,0.1592,3.1407035175879394
SR,3,3609,100.2567138671875,496.9186706542969,0.44713689308671045,0.7039184846394959,0.48939544166702703,0.1592,3.1407035175879394
SR,14,3610,80.7542724609375,294.757080078125,0.308405840988715,0.7112169527659528,0.38365206312129024,0.1592,3.1407035175879394
SR,7,3611,79.47610473632812,413.1708068847656,0.3848000324783377,0.5874743540813626,0.4183626419464745,0.1592,3.1407035175879394
SR,6,3612,102.84864807128906,208.68603515625,0.3480015463607261,0.6463307798976295,0.432098343266097,0.1592,3.1407035175879394
SR,9,3613,101.31021118164062,526.4560089111328,0.2509841318068838,0.45133274088895664,0.30114753314761333,0.1592,3.1407035175879394
SR,1,3614,84.91458129882812,554.3421936035156,0.3131868635654754,0.6405337380961101,0.36724011706107584,0.1592,3.1407035175879394
SR,4,3615,84.92605590820312,441.5180358886719,0.31904597720890787,0.520870990768384,0.3749221275884063,0.1592,3.1407035175879394
SR,2,3616,84.09466552734375,412.01927947998047,0.34057349136756465,0.9814342318748993,0.4198064171627512,0.1592,3.1407035175879394
SR,14,3617,96.33939123153687,405.85174560546875,0.24482180117696722,0.5106873279677991,0.2905908628354749,0.1592,3.1407035175879394
SR,15,3618,79.28683471679688,205.30072021484375,0.33590774117196154,0.675818231434876,0.40503074183221205,0.1592,3.1407035175879394
SR,4,3619,99.95787048339844,680.6380920410156,0.19050984620996106,0.7794894547697726,0.34180685246948866,0.1592,3.1407035175879394
SR,8,3620,79.75601196289062,224.96078491210938,0.2827811137656529,0.7099636840891471,0.3733002753204656,0.1592,3.1407035175879394
SR,12,3621,75.96221923828125,513.2332458496094,0.2727742267696923,0.7400040752008584,0.3638352866037898,0.1592,3.1407035175879394
SR,9,3622,95.95632219314575,216.98529052734375,0.4927446132776017,1.1730423483540569,0.8542845449053527,0.1592,3.1407035175879394
SR,2,3623,103.708327293396,530.6032638549805,0.2439401229550991,0.45263687004578607,0.29653588633243705,0.1592,3.1407035175879394
SR,8,3624,96.95219421386719,454.8681182861328,0.3856524042750862,0.740641483233106,0.4392656975237994,0.1592,3.1407035175879394
SR,4,3625,103.6110486984253,804.7129135131836,0.2687756060020527,0.6368016165308656,0.33915187898184107,0.1592,3.1407035175879394
SR,0,3626,83.3873291015625,605.939453125,0.30294019985656867,0.8097984096903518,0.382473612646309,0.1592,3.1407035175879394
SR,14,3627,75.37728881835938,353.16339111328125,0.33309294018754965,1.1418475736455718,0.4786922789518674,0.1592,3.1407035175879394
SR,13,3628,103.47908020019531,238.1461944580078,0.17885676981419477,0.2789404071204273,0.2723708033287341,0.1592,3.1407035175879394
SR,4,3629,81.0987548828125,539.7020263671875,0.2318766606636107,0.7000505234750888,0.3734114568887615,0.1592,3.1407035175879394
SR,2,3630,78.06132507324219,488.5474090576172,0.20163661904886238,0.6774670359782822,0.3195938535927369,0.1592,3.1407035175879394
SR,6,3631,96.9264497756958,394.0231170654297,0.3962520831507652,0.7632562039038737,0.4571253791698324,0.1592,3.1407035175879394
SR,7,3632,77.07301330566406,272.4326868057251,0.3752143409765536,0.8956578269635741,0.5297454064665128,0.1592,3.1407035175879394
SR,10,3633,97.28329467773438,461.64154052734375,0.31212782771734887,0.6105856916848973,0.38266834926434046,0.1592,3.1407035175879394
SR,9,3634,81.98941040039062,617.3713989257812,0.2971843110487997,0.5572714131087232,0.36134351593039776,0.1592,3.1407035175879394
SR,8,3635,84.65371704101562,446.59092712402344,0.2706656840514883,0.6608561313667447,0.3518298107698669,0.1592,3.1407035175879394
SR,4,3636,103.78300476074219,264.84875106811523,0.4103767441258046,0.7370688491594481,0.4541822522125457,0.1592,3.1407035175879394
SR,3,3637,99.84089660644531,468.26837158203125,0.4381869555529237,0.7091451512754212,0.4943474454395169,0.1592,3.1407035175879394
SR,8,3638,78.40744018554688,364.7920379638672,0.33504113057259766,0.7050165740643816,0.4265477945405086,0.1592,3.1407035175879394
SR,7,3639,80.36274719238281,536.8899688720703,0.2987329349396118,0.9136758055540396,0.394112867801614,0.1592,3.1407035175879394
SR,3,3640,77.67987060546875,295.04962158203125,0.20002348678760143,0.3173482681868355,0.26499479023716876,0.1592,3.1407035175879394
SR,11,3641,83.66061401367188,622.2101135253906,0.23732181267447,0.5446350454134959,0.3070220664633794,0.1592,3.1407035175879394
SR,1,3642,81.50201416015625,465.7232971191406,0.20316641411781305,0.33625375520332557,0.2542177107395433,0.1592,3.1407035175879394
SR,12,3643,82.71670532226562,779.9460754394531,0.3643538998810789,0.6119966412181024,0.39709701196447916,0.1592,3.1407035175879394
SR,1,3644,77.06640625,680.767692565918,0.2584739060561569,0.5883936358621227,0.33031625591420877,0.1592,3.1407035175879394
SR,1,3645,77.47039794921875,498.4400939941406,0.18778829410563938,0.58785982449688,0.2734924137668951,0.1592,3.1407035175879394
SR,6,3646,77.42674255371094,488.8426785469055,0.42611800840946024,0.6749767128612709,0.48076223158122544,0.1592,3.1407035175879394
SR,6,3647,79.04580688476562,213.38916015625,0.19959557739951003,0.3224387768532281,0.27849165258090236,0.1592,3.1407035175879394
SR,15,3648,78.21478271484375,364.80718994140625,0.24055987337299795,0.49949402008205757,0.30699176095733494,0.1592,3.1407035175879394
SR,2,3649,102.05136108398438,429.3005828857422,0.321508234567971,0.6432757741809692,0.37745284732669854,0.1592,3.1407035175879394
SR,6,3650,77.90463256835938,334.8957824707031,0.1791406411763208,0.721309427758746,0.3537914161637644,0.1592,3.1407035175879394
SR,8,3651,83.199462890625,398.47711181640625,0.31520989098643043,0.7650566098998604,0.388956389876361,0.1592,3.1407035175879394
SR,12,3652,101.31021118164062,337.0577697753906,0.5565820644038881,0.7406808534729533,0.6546890133118428,0.1592,3.1407035175879394
SR,11,3653,101.6741304397583,617.4752197265625,0.2314303343008977,0.8050863188154305,0.31557207707074075,0.1592,3.1407035175879394
SR,9,3654,98.70685386657715,420.1422576904297,0.21485278244262562,0.4974860135772828,0.2985390914655548,0.1592,3.1407035175879394
SR,8,3655,76.06369018554688,538.0525970458984,0.22331300509003704,0.40460949620765474,0.26985703737148986,0.1592,3.1407035175879394
SR,13,3656,100.78437423706055,201.7129611968994,0.23589949989988618,0.584737964652191,0.30397696641169075,0.1592,3.1407035175879394
SR,13,3657,98.66007995605469,210.17140197753906,0.17147149803832745,0.9637781732483135,0.45244474850692107,0.1592,3.1407035175879394
SR,2,3658,100.8404016494751,228.3011016845703,0.2482287505733192,0.4673015894191761,0.3155983009565172,0.1592,3.1407035175879394
SR,3,3659,100.56100845336914,311.59364128112793,0.310313407748647,0.5941653189026137,0.3736904522037863,0.1592,3.1407035175879394
SR,4,3660,99.3095703125,643.9447174072266,0.4397877361585303,0.7788285973513998,0.49707545477946063,0.1592,3.1407035175879394
SR,7,3661,75.08769226074219,436.37625885009766,0.23932962504732114,0.7341459487817765,0.35373079418289544,0.1592,3.1407035175879394
SR,13,3662,95.8148193359375,596.4824523925781,0.25696376983380675,0.5139170479286657,0.29451058123217,0.1592,3.1407035175879394
SR,0,3663,96.97200012207031,315.2046813964844,0.21454327707316043,0.3754760366442149,0.26924270736088685,0.1592,3.1407035175879394
SR,10,3664,104.91230583190918,313.6435546875,0.2283461585181177,0.429359564100612,0.283335451163637,0.1592,3.1407035175879394
SR,9,3665,97.093994140625,531.0079345703125,0.2667571118192691,0.6686089362147488,0.3306806628364454,0.1592,3.1407035175879394
SR,12,3666,76.29167175292969,677.148567199707,0.3840762130413778,0.7684563390544192,0.43979728118084777,0.1592,3.1407035175879394
SR,14,3667,80.36276245117188,239.42125988006592,0.24454255122718865,0.4366385553138269,0.3465811688562354,0.1592,3.1407035175879394
SR,15,3668,99.2457275390625,209.7238540649414,0.39364679661980295,0.7155914767405079,0.4603006442751087,0.1592,3.1407035175879394
SR,3,3669,95.5713906288147,212.8852310180664,0.3731508040542121,0.5805598200107602,0.4294340671101543,0.1592,3.1407035175879394
SR,4,3670,98.12947845458984,352.7385559082031,0.26285814714906625,0.4109991568436864,0.36133230382596476,0.1592,3.1407035175879394
SR,3,3671,76.84136962890625,318.1408386230469,0.22067031987937608,0.3885470788040119,0.2731405482738602,0.1592,3.1407035175879394
SR,13,3672,102.52960205078125,287.50714111328125,0.5321630982560088,0.713968341473948,0.6295019716048385,0.1592,3.1407035175879394
SR,3,3673,82.11752319335938,412.5841979980469,0.22402330550766375,0.36943854240915025,0.2883761470313137,0.1592,3.1407035175879394
SR,7,3674,98.53021430969238,498.7751007080078,0.2653906259762714,0.6011329379121609,0.34357826963292865,0.1592,3.1407035175879394
SR,12,3675,83.07965087890625,241.4468994140625,0.3639184771272022,0.5731106078214173,0.4230525533858237,0.1592,3.1407035175879394
SR,6,3676,82.64834594726562,381.8804626464844,0.4723828733235194,0.9780781520740364,0.5407931142935327,0.1592,3.1407035175879394
SR,9,3677,95.93072509765625,326.5659637451172,0.3537542211282275,0.5961483902794202,0.4388922030584717,0.1592,3.1407035175879394
SR,10,3678,78.68978881835938,284.94039154052734,0.22689244555831217,0.46991928185810733,0.2875078657848806,0.1592,3.1407035175879394
SR,9,3679,100.51260757446289,531.9769649505615,0.32973998010974864,0.4746697167629914,0.39929447300883064,0.1592,3.1407035175879394
SR,6,3680,103.45707702636719,461.39178466796875,0.3580568114340475,0.5564420550591793,0.40508895360641806,0.1592,3.1407035175879394
SR,1,3681,78.94342041015625,222.61796188354492,0.16529760575955077,0.6033691289984486,0.30302437811422434,0.1592,3.1407035175879394
SR,8,3682,78.21478271484375,471.263916015625,0.22907944089527993,0.549388203813483,0.301356930180392,0.1592,3.1407035175879394
SR,14,3683,83.15798950195312,230.66461181640625,0.20985908575279066,0.3508442018209647,0.3064214719936776,0.1592,3.1407035175879394
SR,11,3684,76.05792236328125,556.6515960693359,0.36860978712212356,0.7643239412278069,0.42678642337284767,0.1592,3.1407035175879394
SR,9,3685,82.04986572265625,462.16729736328125,0.4177779827376347,0.6611550637357299,0.45873116254022606,0.1592,3.1407035175879394
SR,3,3686,82.40606689453125,232.26546430587769,0.22205842741927723,0.36330624375589854,0.28168583170252837,0.1592,3.1407035175879394
SR,3,3687,95.5713906288147,836.2678146362305,0.32738275258708177,0.5625825962607549,0.35683568510182734,0.1592,3.1407035175879394
SR,4,3688,76.05792236328125,274.7647705078125,0.22498667950925955,0.37257099264762095,0.293432147820988,0.1592,3.1407035175879394
SR,8,3689,101.31020641326904,291.9179153442383,0.2177831427994968,0.35930803095167535,0.28733061513940716,0.1592,3.1407035175879394
SR,14,3690,78.78913879394531,262.8375549316406,0.22182182484838744,0.4775161249718791,0.2822889380686274,0.1592,3.1407035175879394
SR,9,3691,103.36813354492188,316.021728515625,0.4022235464211194,0.6257083361765441,0.423519331500633,0.1592,3.1407035175879394
SR,5,3692,95.40298461914062,577.1268920898438,0.20635357087749237,0.7190649815926228,0.3611872210940282,0.1592,3.1407035175879394
SR,2,3693,103.86247253417969,579.5066223144531,0.23557383701629592,0.41615878618129354,0.30183776421589426,0.1592,3.1407035175879394
SR,13,3694,101.16972351074219,316.79943084716797,0.3508222734199696,0.922053876004696,0.42006962529507036,0.1592,3.1407035175879394
SR,10,3695,76.32733154296875,530.7381534576416,0.1820829249501793,0.28398189309219807,0.25585741807950013,0.1592,3.1407035175879394
SR,13,3696,101.10402774810791,446.8784942626953,0.2568409812038588,0.6641775760469487,0.33421383243387315,0.1592,3.1407035175879394
SR,6,3697,79.579345703125,235.66281127929688,0.2056645396599561,0.5225222689995999,0.2595043651441968,0.1592,3.1407035175879394
SR,1,3698,80.9571533203125,379.8995361328125,0.48321152747012686,1.269082025546043,0.5640762296637483,0.1592,3.1407035175879394
SR,6,3699,99.81101989746094,558.0128326416016,0.3429906369040026,0.576907599715619,0.39036925954860624,0.1592,3.1407035175879394
SR,8,3700,75.49806213378906,502.8339467048645,0.3728431275462154,0.6450333106944509,0.414581143778565,0.1592,3.1407035175879394
SR,7,3701,81.70344543457031,277.68492126464844,0.36688171931930375,0.4729276149218093,0.4735534044565286,0.1592,3.1407035175879394
SR,10,3702,97.05708837509155,245.49752044677734,0.19668093101904546,0.33277973360373964,0.29884880484987386,0.1592,3.1407035175879394
SR,3,3703,76.60629272460938,224.08482360839844,0.3546699075784913,0.5212820876324437,0.4574719688623451,0.1592,3.1407035175879394
SR,6,3704,96.33939123153687,260.30157470703125,0.20694871377712884,0.6347712806558475,0.36989649203892594,0.1592,3.1407035175879394
SR,7,3705,78.68978881835938,473.99546813964844,0.23808641537289454,0.5895846586993153,0.3047165675031725,0.1592,3.1407035175879394
SR,7,3706,77.66020202636719,205.9436845779419,0.5064473773606463,0.7062277856872624,0.591741115098027,0.1592,3.1407035175879394
SR,4,3707,80.10629272460938,261.7782287597656,0.19778381423115077,0.4442315205046064,0.2680795950798701,0.1592,3.1407035175879394
SR,6,3708,80.87541198730469,450.17230224609375,0.15993403625560096,0.23895380653929602,0.2987346300842409,0.1592,3.1407035175879394
SR,11,3709,75.64898681640625,515.1413726806641,0.2356021454503146,0.6875429676652899,0.3174727837962857,0.1592,3.1407035175879394
SR,9,3710,82.76382446289062,416.1968078613281,0.45801213872646207,0.7005544330694129,0.4889248639895654,0.1592,3.1407035175879394
SR,2,3711,101.76874828338623,376.8787307739258,0.28934566173161386,0.5185961228389477,0.3508998228215973,0.1592,3.1407035175879394
SR,6,3712,75.40925598144531,215.2225799560547,0.22632053073624364,0.4313183703239908,0.2809657638607489,0.1592,3.1407035175879394
SR,10,3713,99.78216552734375,753.7435302734375,0.27762121818538715,0.48468790355902813,0.3347927279139011,0.1592,3.1407035175879394
SR,14,3714,97.23164367675781,299.3374786376953,0.3077643236708698,0.5757525605764454,0.3593661755469074,0.1592,3.1407035175879394
SR,6,3715,104.10989379882812,442.89781188964844,0.2663890560492464,0.650807328922554,0.32448566677734714,0.1592,3.1407035175879394
SR,1,3716,103.99172973632812,532.3360595703125,0.2564624980206741,0.8670375492236805,0.34859660125440495,0.1592,3.1407035175879394
SR,6,3717,81.4093017578125,445.5673828125,0.2499044180756782,0.4403340179730606,0.2939202193319669,0.1592,3.1407035175879394
SR,5,3718,83.51771545410156,293.9926452636719,0.3502532148778507,0.5034720956068464,0.40069747361238695,0.1592,3.1407035175879394
SR,10,3719,100.38395881652832,452.95106506347656,0.28261554993950533,0.5346870920617045,0.31799995432453243,0.1592,3.1407035175879394
SR,9,3720,77.99714660644531,363.65631103515625,0.20275398932499483,0.6742064561219038,0.2829175809436026,0.1592,3.1407035175879394
SR,12,3721,102.72524070739746,270.5054626464844,0.19793327289887755,0.3415715916678473,0.2515656191618158,0.1592,3.1407035175879394
SR,12,3722,104.30799674987793,260.54376220703125,0.23345228617634634,0.5016387949151158,0.2807548885106022,0.1592,3.1407035175879394
SR,2,3723,97.90650939941406,223.78285217285156,0.2411414217170986,0.4279747718095338,0.3563465981103068,0.1592,3.1407035175879394
SR,5,3724,102.24026489257812,255.12701416015625,0.24125265874103569,0.389645796273125,0.315396235913539,0.1592,3.1407035175879394
SR,10,3725,77.47039794921875,281.541748046875,0.18694693742379762,0.28360390717394246,0.3540598631683789,0.1592,3.1407035175879394
SR,11,3726,81.18011474609375,505.9834899902344,0.2893210452291157,0.4872071139535571,0.3337768838943003,0.1592,3.1407035175879394
SR,10,3727,103.09295654296875,374.28557109832764,0.2676122857775443,0.7048617635929858,0.34631075423524427,0.1592,3.1407035175879394
SR,11,3728,96.54549837112427,846.4707641601562,0.3533132704936348,0.49020472822432587,0.41116573486957425,0.1592,3.1407035175879394
SR,5,3729,101.56050395965576,426.34844970703125,0.23577428569107323,0.674396631599752,0.3122801465554462,0.1592,3.1407035175879394
SR,14,3730,98.74565410614014,324.48143005371094,0.42995428969275234,0.7644047278846035,0.47606105118259856,0.1592,3.1407035175879394
SR,11,3731,101.04111003875732,280.3324737548828,0.21876351392114193,0.3866521994618525,0.27037207418924014,0.1592,3.1407035175879394
SR,12,3732,99.03062725067139,359.8571472167969,0.25491401110912576,0.47736101257593383,0.28568189685500867,0.1592,3.1407035175879394
SR,7,3733,79.13583374023438,364.048583984375,0.24380577588737676,0.6489010057328738,0.3340026319279448,0.1592,3.1407035175879394
SR,7,3734,79.21562194824219,239.9001693725586,0.25306528606309486,0.6306428463143944,0.34994101097528535,0.1592,3.1407035175879394
SR,0,3735,78.86349487304688,255.47003173828125,0.18382806815249528,0.28871675108667066,0.2860867009725158,0.1592,3.1407035175879394
SR,9,3736,95.43952941894531,655.439697265625,0.42437461953261857,0.6873363886715954,0.45489634439991505,0.1592,3.1407035175879394
SR,0,3737,98.6365966796875,535.0326690673828,0.24746141465011617,0.5377965927596686,0.32951467719201655,0.1592,3.1407035175879394
SR,11,3738,98.53021430969238,231.68975830078125,0.22259729861473662,0.8196474138820402,0.33023143780941905,0.1592,3.1407035175879394
SR,0,3739,79.28683471679688,200.4330940246582,0.22537457171452865,0.7384241895115551,0.37463144540357346,0.1592,3.1407035175879394
SR,8,3740,95.43952751159668,637.6883926391602,0.24554505248721614,0.39686041610092676,0.27429311946558005,0.1592,3.1407035175879394
SR,5,3741,83.33413696289062,298.1295471191406,0.21675978322221337,0.3525638133196428,0.27904288315163905,0.1592,3.1407035175879394
SR,15,3742,76.86489868164062,208.2318115234375,0.30841559951437586,0.6620611616611447,0.3804928811729754,0.1592,3.1407035175879394
SR,12,3743,75.85260009765625,227.70819091796875,0.2671747315319082,0.4853224638924794,0.30582180379177076,0.1592,3.1407035175879394
SR,15,3744,95.90533447265625,318.85307121276855,0.26429267585137617,0.45975745357680775,0.30028236219024723,0.1592,3.1407035175879394
SR,11,3745,76.88972473144531,605.5362529754639,0.2903230591514646,0.8399596447483488,0.382308361480883,0.1592,3.1407035175879394
SR,6,3746,101.10402774810791,577.236572265625,0.22479760033220778,0.43660436749645865,0.3069272888888694,0.1592,3.1407035175879394
SR,15,3747,80.45578002929688,436.04375076293945,0.2011317738924902,0.6832676916988555,0.3105591268242972,0.1592,3.1407035175879394
SR,2,3748,98.76707458496094,378.58557891845703,0.31089199714637245,0.6321026324797372,0.3759786115332457,0.1592,3.1407035175879394
SR,10,3749,80.1544189453125,396.96766662597656,0.24380622232320576,0.8540274645927297,0.3401621554313631,0.1592,3.1407035175879394
SR,10,3750,75.865234375,323.28460693359375,0.23607710936803347,0.42670737561135436,0.2656777198682729,0.1592,3.1407035175879394
SR,5,3751,81.10792541503906,436.6732177734375,0.24938516624236057,0.5168073522200232,0.3052220535068246,0.1592,3.1407035175879394
SR,6,3752,78.950927734375,257.9831848144531,0.21254242037583632,0.3534643978280985,0.2843252245404631,0.1592,3.1407035175879394
SR,13,3753,76.34100341796875,270.5933837890625,0.45513323247236015,0.6684900507901612,0.53470647748985,0.1592,3.1407035175879394
SR,9,3754,80.83807373046875,538.3879852294922,0.372626113849734,0.6934734546074033,0.42757895307978966,0.1592,3.1407035175879394
SR,4,3755,103.04667568206787,282.55633544921875,0.3052833210239478,0.5847051666905921,0.37203609742880583,0.1592,3.1407035175879394
SR,4,3756,80.53800964355469,406.50274658203125,0.27864783951478617,0.4257374371767718,0.32942328252646796,0.1592,3.1407035175879394
SR,9,3757,102.6449384689331,432.6609191894531,0.2802366622770861,0.6081377459465522,0.34634711866702267,0.1592,3.1407035175879394
SR,14,3758,81.1358642578125,360.27809143066406,0.22028127539007042,0.6648350605933969,0.31100969287612473,0.1592,3.1407035175879394
SR,15,3759,83.35551452636719,330.3578186035156,0.24777019006756307,0.5954607217800598,0.3023611443221391,0.1592,3.1407035175879394
SR,6,3760,101.20367431640625,492.2352294921875,0.2990854562500095,0.5139208615282732,0.36285654322679173,0.1592,3.1407035175879394
SR,6,3761,76.60629272460938,215.0811767578125,0.4987440720176913,0.6749781677069606,0.5316526943688449,0.1592,3.1407035175879394
SR,4,3762,98.00408554077148,755.7816772460938,0.25109413294785626,0.4612771383749557,0.2953193607072764,0.1592,3.1407035175879394
SR,15,3763,103.65419578552246,329.77100372314453,0.22148229900068825,0.3902260338742437,0.28237449057896297,0.1592,3.1407035175879394
SR,4,3764,82.04986572265625,577.5896148681641,0.23825128423993636,0.4414344265282055,0.29713895746132923,0.1592,3.1407035175879394
SR,12,3765,75.96221923828125,457.8462677001953,0.23894699923464263,0.5067745771242385,0.27963627419478654,0.1592,3.1407035175879394
SR,2,3766,98.63660049438477,264.7977294921875,0.23114263504965651,0.46391025373939215,0.2977473796182956,0.1592,3.1407035175879394
SR,12,3767,82.50485229492188,462.2837219238281,0.49362563363798134,0.8053923225269192,0.6920668479164415,0.1592,3.1407035175879394
SR,0,3768,95.59853172302246,652.0690765380859,0.23633110311372846,0.571780306792948,0.29959374069907213,0.1592,3.1407035175879394
SR,3,3769,79.19552612304688,541.6298675537109,0.2033043265027056,0.32329195056580956,0.25844577053180384,0.1592,3.1407035175879394
SR,6,3770,82.91386413574219,544.1659545898438,0.319298021306763,0.621718093336067,0.3752080685179447,0.1592,3.1407035175879394
SR,3,3771,101.0636796951294,862.2233581542969,0.33279939444963647,0.5770842378783013,0.3697130141426439,0.1592,3.1407035175879394
SR,15,3772,78.68978881835938,210.31613159179688,0.30682302759342506,0.8872005074689365,0.4126695208314364,0.1592,3.1407035175879394
SR,15,3773,98.50814723968506,352.32875061035156,0.1925883370171527,0.7048085121855897,0.31003333614576356,0.1592,3.1407035175879394
SR,8,3774,81.5455322265625,209.47357177734375,0.25325229950382716,0.8898371685004209,0.351973405632456,0.1592,3.1407035175879394
SR,12,3775,98.02659797668457,329.0904235839844,0.18620218094744076,0.29107261827801006,0.23949344324877592,0.1592,3.1407035175879394
SR,5,3776,96.02671813964844,636.992057800293,0.3964186802935807,0.6087246275449226,0.4170929302137354,0.1592,3.1407035175879394
SR,11,3777,95.33135986328125,376.45672607421875,0.3018334779461313,0.5945797839805226,0.3483689729204452,0.1592,3.1407035175879394
SR,2,3778,76.09584045410156,560.5622253417969,0.30270601684082576,0.504955377220249,0.3538216254644648,0.1592,3.1407035175879394
SR,1,3779,95.92669486999512,666.6604080200195,0.2845228217203608,0.6023662896124441,0.3589390881693613,0.1592,3.1407035175879394
SR,9,3780,98.84132385253906,221.37640380859375,0.47768224701487877,1.3804639366590434,0.590320991222915,0.1592,3.1407035175879394
SR,5,3781,101.59256267547607,245.35818481445312,0.2245785648496837,0.43500590536197653,0.3190668806624973,0.1592,3.1407035175879394
SR,10,3782,99.17767333984375,202.2078857421875,0.618284633254063,0.8104319128248139,0.8419170430829237,0.1592,3.1407035175879394
SR,4,3783,103.17366027832031,485.9700927734375,0.3490221249952927,0.6918168217153682,0.40100881883129535,0.1592,3.1407035175879394
SR,3,3784,84.64498901367188,243.62020111083984,0.34075379203332834,0.5848369672936593,0.4031682945780594,0.1592,3.1407035175879394
SR,11,3785,95.19363260269165,1005.8673706054688,0.3436896146351955,0.5037600025550705,0.3759907624281646,0.1592,3.1407035175879394
SR,0,3786,97.72114086151123,329.907958984375,0.3274708278070041,0.5492968079591684,0.3929234372119036,0.1592,3.1407035175879394
SR,4,3787,76.36196899414062,271.8697509765625,0.25982229193528417,0.8375665011588499,0.3513345245436306,0.1592,3.1407035175879394
SR,0,3788,82.74755859375,323.44512939453125,0.2329978624109217,0.544636034014166,0.3311522288924205,0.1592,3.1407035175879394
SR,2,3789,102.65340805053711,311.1049613952637,0.2575726866969237,0.9057127169796407,0.36265466159096116,0.1592,3.1407035175879394
SR,8,3790,80.53802490234375,247.42501831054688,0.468183256908822,0.6666673443792378,0.5339404962074721,0.1592,3.1407035175879394
SR,15,3791,77.34658813476562,340.95611572265625,0.3119297307473813,0.700236761917382,0.4007024569121006,0.1592,3.1407035175879394
SR,4,3792,97.57545042037964,590.042724609375,0.23262223666967602,0.45333616801671717,0.31790175871811244,0.1592,3.1407035175879394
SR,4,3793,98.87007141113281,744.1225738525391,0.37840083315045153,0.6736678274329371,0.408216130344771,0.1592,3.1407035175879394
SR,9,3794,98.61511325836182,532.4351501464844,0.2724640591179992,0.5100372899172646,0.33977195112609143,0.1592,3.1407035175879394
SR,6,3795,76.63858032226562,401.873291015625,0.2124614051447394,0.3598359721271787,0.26577862074154657,0.1592,3.1407035175879394
SR,3,3796,101.40902996063232,202.23511505126953,0.22170776234480896,0.9996141098396767,0.3561268811005615,0.1592,3.1407035175879394
SR,9,3797,77.00436401367188,615.5338134765625,0.20769019480527448,0.6364361035930498,0.3355857421667139,0.1592,3.1407035175879394
SR,7,3798,99.00129699707031,202.529052734375,0.3356304756906491,1.0038238993528599,0.4571784900041558,0.1592,3.1407035175879394
SR,10,3799,76.89909362792969,314.4205322265625,0.20943304689435582,0.5585487188709974,0.3039677557440406,0.1592,3.1407035175879394
SR,11,3800,80.40716552734375,345.39300537109375,0.30845846530452564,0.8765054067831783,0.4156955863930046,0.1592,3.1407035175879394
SR,12,3801,82.27886962890625,413.17071533203125,0.32993418632678806,0.9111456452714571,0.41736224187816184,0.1592,3.1407035175879394
SR,11,3802,82.35003662109375,488.6955723762512,0.280972399460301,0.7936483481998934,0.35843763940812007,0.1592,3.1407035175879394
SR,7,3803,99.46199035644531,654.904655456543,0.3313137596935736,0.5833196816746438,0.3625920170584071,0.1592,3.1407035175879394
SR,12,3804,81.5294189453125,227.08184814453125,0.41811961425091404,0.7801440978277477,0.4658052538291682,0.1592,3.1407035175879394
SR,8,3805,96.27920436859131,280.15270042419434,0.22059530379886189,0.39404290796499075,0.33363673185763515,0.1592,3.1407035175879394
SR,0,3806,81.25433349609375,471.3708190917969,0.4315760383950177,0.7140362072705878,0.47825423467684364,0.1592,3.1407035175879394
SR,9,3807,83.86859130859375,287.8713321685791,0.3299351951458023,0.8253293337518504,0.4205993781255729,0.1592,3.1407035175879394
SR,12,3808,96.17912292480469,429.2422409057617,0.2966604072459193,0.7842380002993642,0.3725273800502244,0.1592,3.1407035175879394
SR,6,3809,82.47689819335938,498.5255126953125,0.237889153229128,0.414897777624991,0.2698392470838325,0.1592,3.1407035175879394
SR,5,3810,84.77487182617188,387.999755859375,0.31337171662088575,0.5636297760678309,0.3974563706883852,0.1592,3.1407035175879394
SR,11,3811,82.9842529296875,266.58789825439453,0.40750689787016564,1.0525685364342805,0.5168408592656869,0.1592,3.1407035175879394
SR,13,3812,77.18708801269531,456.79693603515625,0.41681112354354233,0.8123144307566382,0.5120677617846533,0.1592,3.1407035175879394
SR,12,3813,104.5362548828125,241.3562240600586,0.22443655359428483,0.528360604433325,0.2960447305832443,0.1592,3.1407035175879394
SR,9,3814,76.13752746582031,378.3325653076172,0.1630750151985467,0.6424770587839996,0.3497309117120498,0.1592,3.1407035175879394
SR,0,3815,100.4374303817749,438.9483642578125,0.20598260266642898,0.3327509249875223,0.25139225905131657,0.1592,3.1407035175879394
SR,5,3816,100.27090454101562,582.4403381347656,0.26210737169316994,0.771028108726558,0.36257040266545154,0.1592,3.1407035175879394
SR,5,3817,103.17366027832031,227.32077407836914,0.2207590051042169,0.45458272678570816,0.2959048501152987,0.1592,3.1407035175879394
SR,0,3818,97.04501342773438,348.5853271484375,0.3782075339932024,0.839773194336658,0.4804605777824681,0.1592,3.1407035175879394
SR,7,3819,81.65669250488281,262.9216117858887,0.19958155785866846,0.3180778741694895,0.33103966708593396,0.1592,3.1407035175879394
SR,7,3820,98.74565410614014,402.6800537109375,0.2116240358658756,0.35440451154852926,0.29893940039407274,0.1592,3.1407035175879394
SR,0,3821,80.7764892578125,276.7713928222656,0.2128635631775972,0.34093986507791385,0.2625609903218869,0.1592,3.1407035175879394
SR,5,3822,101.31020641326904,238.29852294921875,0.24084075752906325,0.7626310088429064,0.4510801894565103,0.1592,3.1407035175879394
SR,7,3823,77.9832763671875,208.930908203125,0.5861860872188681,0.8912637359422564,0.6336790844289136,0.1592,3.1407035175879394
SR,14,3824,102.69354248046875,661.5302734375,0.2869096645830147,0.7080805890204668,0.36926110112459287,0.1592,3.1407035175879394
SR,2,3825,98.12948608398438,309.9441795349121,0.20334083420386942,0.5061535813950006,0.3070359081500818,0.1592,3.1407035175879394
SR,4,3826,102.26544189453125,331.25372314453125,0.50729693366683,0.707312560021258,0.6134804347832745,0.1592,3.1407035175879394
SR,7,3827,78.99630737304688,217.52359008789062,0.2461055513117555,0.6061655412742668,0.32036433911334783,0.1592,3.1407035175879394
SR,8,3828,76.5677490234375,655.5374145507812,0.2927421653009097,0.5716045496707092,0.33652914269385925,0.1592,3.1407035175879394
SR,9,3829,95.47656345367432,373.6245651245117,0.36250076938586606,0.74049567894924,0.4247521353670834,0.1592,3.1407035175879394
SR,11,3830,76.07757568359375,660.9058074951172,0.27988922943304984,0.4930381993431748,0.315855009720869,0.1592,3.1407035175879394
SR,12,3831,76.60629272460938,418.1410140991211,0.2732496854562098,0.4780780877749985,0.30688147600684984,0.1592,3.1407035175879394
SR,1,3832,99.00129699707031,455.8773651123047,0.21037967926806186,0.6575415046767352,0.27826743233839546,0.1592,3.1407035175879394
SR,12,3833,81.87051391601562,419.27195739746094,0.22414434975927414,0.34016190664260426,0.32177110237418083,0.1592,3.1407035175879394
SR,2,3834,82.84292602539062,432.2238578796387,0.3917480022978351,0.7109330458081377,0.4430345696200857,0.1592,3.1407035175879394
SR,2,3835,96.77487182617188,350.72216796875,0.4295389282192845,0.624249742687072,0.520283524496902,0.1592,3.1407035175879394
SR,8,3836,96.58833312988281,473.0628967285156,0.3665110164244879,0.6361739452667003,0.41211546397163645,0.1592,3.1407035175879394
SR,3,3837,77.06094360351562,261.7054138183594,0.24107372294071655,0.4546443765894612,0.3117010329109479,0.1592,3.1407035175879394
SR,14,3838,101.14920043945312,244.963134765625,0.5054358788422729,0.8392869482112806,0.5514906990639753,0.1592,3.1407035175879394
SR,8,3839,103.28981018066406,258.9482421875,0.46092688145677113,0.708207681156766,0.5841404893558388,0.1592,3.1407035175879394
SR,2,3840,84.73310852050781,566.9573669433594,0.2970999047437971,0.8373529230470629,0.3898523502000935,0.1592,3.1407035175879394
SR,13,3841,82.27885437011719,478.0542297363281,0.3496480462614223,0.5035926876078134,0.38531227193432904,0.1592,3.1407035175879394
SR,6,3842,101.22439575195312,568.8504028320312,0.21211620282510063,0.6247230091507906,0.2999025734274411,0.1592,3.1407035175879394
SR,13,3843,79.42648315429688,343.97242736816406,0.3860665895171873,0.5246000637887137,0.4984525628458127,0.1592,3.1407035175879394
SR,9,3844,103.57173156738281,226.88113403320312,0.3418152458955829,0.43284260670401653,0.566844660970125,0.1592,3.1407035175879394
SR,12,3845,80.28701782226562,627.7493438720703,0.33039501394661464,0.6264913678829966,0.38530493491717105,0.1592,3.1407035175879394
SR,10,3846,82.875732421875,429.1673049926758,0.3251474488870554,0.907545507439989,0.42605985145566594,0.1592,3.1407035175879394
SR,7,3847,96.70905351638794,334.309383392334,0.22326383255186033,0.680124399480132,0.30023169721112275,0.1592,3.1407035175879394
SR,8,3848,96.33938598632812,457.8175811767578,0.36683818075468816,0.7156953694743851,0.4216437324275053,0.1592,3.1407035175879394
SR,3,3849,103.07036781311035,803.5448093414307,0.2735966501801469,0.5152811010131595,0.32290169295279225,0.1592,3.1407035175879394
SR,14,3850,77.19480895996094,317.5802307128906,0.14897761561114467,0.7525956549532431,0.40919862013153996,0.1592,3.1407035175879394
SR,7,3851,75.79161071777344,421.86143493652344,0.23738796975207987,0.7000782349716392,0.32016105605586964,0.1592,3.1407035175879394
SR,6,3852,97.46737670898438,710.6766815185547,0.42686367476375037,0.685457773943154,0.44546722951346607,0.1592,3.1407035175879394
SR,1,3853,76.60629272460938,237.8160400390625,0.38040241994928636,0.6571231531344847,0.42705295276044203,0.1592,3.1407035175879394
SR,4,3854,75.84498596191406,266.3510437011719,0.42841914915639984,0.6593627782903417,0.45301620002418297,0.1592,3.1407035175879394
SR,15,3855,81.32736206054688,243.04556274414062,0.24726570020217323,0.7857187594087695,0.35831314539677234,0.1592,3.1407035175879394
SR,15,3856,80.28701782226562,327.20135498046875,0.4049448512434423,0.6452825640063614,0.4418102812519807,0.1592,3.1407035175879394
SR,5,3857,96.28397703170776,257.6845703125,0.29246617537731356,0.6600997747614185,0.3844340034305988,0.1592,3.1407035175879394
SR,7,3858,79.69525146484375,223.88726806640625,0.4916667425240667,0.7015334090465352,0.5529864195445564,0.1592,3.1407035175879394
SR,3,3859,77.1513671875,347.4180908203125,0.2076796796131762,0.3530665401137282,0.27814737986042,0.1592,3.1407035175879394
SR,4,3860,76.41574096679688,400.0511474609375,0.22636478239383662,0.8508595047161908,0.3199480994939149,0.1592,3.1407035175879394
SR,9,3861,98.43979549407959,466.091552734375,0.21924416681176118,0.3672207903480203,0.27860620659211505,0.1592,3.1407035175879394
SR,9,3862,81.20309448242188,424.67443084716797,0.3966591032736193,1.308702998662203,0.5391406618706864,0.1592,3.1407035175879394
SR,4,3863,97.996826171875,338.7051239013672,0.503560207491847,1.0701407770465254,0.6393468614457638,0.1592,3.1407035175879394
SR,15,3864,80.91015625,562.1293487548828,0.19892792062080292,0.8562023706155818,0.35907275002441275,0.1592,3.1407035175879394
SR,15,3865,99.46199035644531,299.6117057800293,0.25159243328539715,0.4725261272524132,0.30017279120452867,0.1592,3.1407035175879394
SR,6,3866,95.19363260269165,300.3082275390625,0.41629335167484294,0.7347141002837954,0.5023558768145412,0.1592,3.1407035175879394
SR,1,3867,78.950927734375,230.5395393371582,0.2757668474509966,0.6959731394932991,0.3535205593181132,0.1592,3.1407035175879394
SR,12,3868,80.952880859375,256.50201416015625,0.2915833147960223,0.7397687746907454,0.3561506744417281,0.1592,3.1407035175879394
SR,12,3869,99.117431640625,218.47378540039062,0.255940495201239,0.3819393711622015,0.378853546862956,0.1592,3.1407035175879394
SR,10,3870,102.00675964355469,504.14776611328125,0.31427024184728125,0.6338207251179241,0.365092011277775,0.1592,3.1407035175879394
SR,12,3871,76.15786743164062,437.5234069824219,0.35178613254251845,0.8343785255959423,0.4338369821490786,0.1592,3.1407035175879394
SR,6,3872,78.7938232421875,314.43638610839844,0.2455211404184625,0.8163158603255765,0.3603823873405719,0.1592,3.1407035175879394
SR,9,3873,96.20264291763306,339.79833984375,0.29262376607627083,0.8110038983963698,0.4183482727528452,0.1592,3.1407035175879394
SR,3,3874,95.62382507324219,317.4685974121094,0.4715250473120312,0.7311310853192351,0.5668575876777355,0.1592,3.1407035175879394
SR,10,3875,98.4263916015625,218.1375961303711,0.2363882649343201,0.483227571654162,0.2834895059008451,0.1592,3.1407035175879394
SR,13,3876,76.52560424804688,480.89168548583984,0.24206711054914953,0.4546904319772104,0.2841166053313192,0.1592,3.1407035175879394
SR,6,3877,83.27389526367188,562.7138977050781,0.285612610757537,0.6483009043124083,0.3566468703911824,0.1592,3.1407035175879394
SR,0,3878,104.3831090927124,719.0853843688965,0.37937926914518205,0.6857615017938231,0.42595732580895546,0.1592,3.1407035175879394
SR,12,3879,98.4083366394043,286.6202163696289,0.22765192163758047,0.7774080608133654,0.3195388071800157,0.1592,3.1407035175879394
SR,12,3880,84.18832397460938,250.37985229492188,0.17691239945332934,0.2757546714183157,0.255239147785934,0.1592,3.1407035175879394
SR,10,3881,84.02020263671875,451.1615905761719,0.2959305157671585,1.0605963137459382,0.40993240182802787,0.1592,3.1407035175879394
SR,9,3882,99.14291667938232,226.14166259765625,0.2714338201021219,0.6480802014019542,0.3389195052335909,0.1592,3.1407035175879394
SR,4,3883,81.25433349609375,625.1798706054688,0.33123621073507054,0.6340973803685541,0.3779726694348261,0.1592,3.1407035175879394
SR,11,3884,96.10197448730469,407.3158721923828,0.2298043471891158,0.6358155524707193,0.30413127036872856,0.1592,3.1407035175879394
SR,4,3885,81.72470092773438,490.8363342285156,0.28110882928487996,0.5875271336900404,0.3323740396415668,0.1592,3.1407035175879394
SR,5,3886,100.96353054046631,225.9249267578125,0.33523312163090035,0.6402075584016328,0.41177344798629906,0.1592,3.1407035175879394
SR,10,3887,104.87765502929688,203.83312225341797,0.19020674333981974,0.5170304702453871,0.264777455189477,0.1592,3.1407035175879394
SR,15,3888,84.61148071289062,403.7116241455078,0.19128791546237825,0.28986085859617644,0.3025953119687078,0.1592,3.1407035175879394
SR,8,3889,95.80929565429688,616.2669067382812,0.288227749251485,0.5013341300705719,0.32921477949498895,0.1592,3.1407035175879394
SR,0,3890,98.88018798828125,491.35119915008545,0.24001159238316538,0.7084246541323326,0.32938426735181475,0.1592,3.1407035175879394
SR,7,3891,82.97998046875,236.00811767578125,0.32476829600431756,0.6533525776691137,0.3995984469788457,0.1592,3.1407035175879394
SR,1,3892,95.0494384765625,729.6996994018555,0.43246275002926343,0.7048856614112521,0.4612971460845979,0.1592,3.1407035175879394
SR,14,3893,84.29022216796875,231.59095001220703,0.4269744014068727,0.7435654601324454,0.4777025866526092,0.1592,3.1407035175879394
SR,3,3894,98.02175903320312,634.1132507324219,0.4525735030895247,0.7687633883133883,0.4853185335871525,0.1592,3.1407035175879394
SR,15,3895,104.2661657333374,285.0165710449219,0.22332657017132024,0.7527250261639115,0.3185497569657357,0.1592,3.1407035175879394
SR,1,3896,78.45913696289062,456.6217956542969,0.21993606565392299,0.3940386021118479,0.26846150406220937,0.1592,3.1407035175879394
SR,5,3897,81.15867614746094,437.75892639160156,0.31251469039889185,0.7949157879893274,0.3954059477438758,0.1592,3.1407035175879394
SR,0,3898,80.53800964355469,351.0524597167969,0.26827512398502246,0.7029792486536879,0.3576161989669582,0.1592,3.1407035175879394
SR,1,3899,100.82310104370117,225.8256378173828,0.5051213020709238,0.9441568049499082,0.5729051659343795,0.1592,3.1407035175879394
SR,15,3900,79.82461547851562,606.7564125061035,0.23023377443381274,0.5526646113480853,0.30320360661360274,0.1592,3.1407035175879394
SR,2,3901,103.52443408966064,247.73480224609375,0.2413072083404724,0.38303106533056847,0.33722089179563364,0.1592,3.1407035175879394
SR,15,3902,75.13941955566406,314.3434143066406,0.2181183067988695,0.3617263997035772,0.26829786402779987,0.1592,3.1407035175879394
SR,15,3903,96.51900815963745,287.1535835266113,0.25365342124453644,0.3908799526232804,0.29396651384627487,0.1592,3.1407035175879394
SR,15,3904,83.29095458984375,213.5415916442871,0.29326103248336655,0.46794989940823867,0.3832972104637473,0.1592,3.1407035175879394
SR,13,3905,100.22205352783203,224.24343872070312,0.2767324285367175,0.5859740882890374,0.3595008908161992,0.1592,3.1407035175879394
SR,4,3906,97.89903163909912,520.3348999023438,0.3241170789251135,0.633615882604199,0.4112641879909639,0.1592,3.1407035175879394
SR,11,3907,81.5736083984375,366.2964859008789,0.3175056035337755,0.6991479787324515,0.39104445954877176,0.1592,3.1407035175879394
SR,9,3908,100.79959774017334,281.6946792602539,0.3512624843185033,0.5486583628353193,0.3814738152667718,0.1592,3.1407035175879394
SR,6,3909,99.87760925292969,537.95947265625,0.3369206598625269,0.6223618440952637,0.39243663743959656,0.1592,3.1407035175879394
SR,6,3910,98.88018798828125,201.3369140625,0.4655318839296022,0.7262306948762873,0.5451618933912142,0.1592,3.1407035175879394
SR,1,3911,102.33979511260986,480.4432678222656,0.4428673482128217,0.6913114765966756,0.47454028664567466,0.1592,3.1407035175879394
SR,0,3912,77.98794555664062,474.3548583984375,0.2287049408551879,0.39440417606968703,0.253650882106155,0.1592,3.1407035175879394
SR,5,3913,79.71319580078125,234.86471557617188,0.3968908342047424,0.5582451860634494,0.4548880495340154,0.1592,3.1407035175879394
SR,5,3914,77.1513671875,515.0418701171875,0.31161620771647386,0.6429492858467617,0.377207247240322,0.1592,3.1407035175879394
SR,1,3915,78.46502685546875,237.00795364379883,0.16850319351690524,0.6049853434574769,0.29733636689690596,0.1592,3.1407035175879394
SR,9,3916,95.49151611328125,427.97821044921875,0.3492567915770971,0.7470404070620223,0.4182052569504507,0.1592,3.1407035175879394
SR,15,3917,96.98357582092285,446.6311378479004,0.2385091121623653,0.5146855911536664,0.2970308269506868,0.1592,3.1407035175879394
SR,11,3918,82.89826965332031,997.3930969238281,0.37430991898092814,0.6317579804525798,0.4209025702500674,0.1592,3.1407035175879394
SR,14,3919,80.8587646484375,283.99188232421875,0.22367471418733473,0.7172499764080124,0.2925682013908351,0.1592,3.1407035175879394
SR,7,3920,95.90533447265625,515.7383575439453,0.3260920365577096,0.5821464442755994,0.38089831380159517,0.1592,3.1407035175879394
SR,4,3921,96.42794799804688,717.9444427490234,0.37773710460021087,0.7196257472627094,0.4125530551446264,0.1592,3.1407035175879394
SR,4,3922,81.87051391601562,700.1672210693359,0.24119020469999586,0.6262411994789012,0.3235702792354555,0.1592,3.1407035175879394
SR,3,3923,80.48028564453125,442.76873779296875,0.2025007376434901,0.33171068241149954,0.25118807232630114,0.1592,3.1407035175879394
SR,7,3924,104.72332763671875,359.93011474609375,0.3362739484399637,0.6524273783081043,0.40701013228074456,0.1592,3.1407035175879394
SR,11,3925,79.796142578125,317.1862545013428,0.334138957677634,0.642752919068787,0.39697564405552344,0.1592,3.1407035175879394
SR,3,3926,103.81644630432129,401.8259582519531,0.26442649624981623,0.7380753199448274,0.39795377347789435,0.1592,3.1407035175879394
SR,8,3927,75.00811767578125,263.1915588378906,0.2140228385370708,0.34900479627316733,0.26171264912979614,0.1592,3.1407035175879394
SR,8,3928,100.21074962615967,699.4070281982422,0.34066580788948136,0.6182885722849244,0.373600241892293,0.1592,3.1407035175879394
SR,1,3929,82.16513061523438,839.0066680908203,0.2169096213593359,0.651196204277468,0.30878824813656464,0.1592,3.1407035175879394
SR,2,3930,83.99179077148438,430.4639892578125,0.22251628166664522,0.3641423764906562,0.26396102135668714,0.1592,3.1407035175879394
SR,6,3931,75.6282958984375,296.7929992675781,0.19464618184331384,0.3264682400459321,0.2571783823066598,0.1592,3.1407035175879394
SR,1,3932,82.01577758789062,394.713134765625,0.2905938328180237,0.5031940996623501,0.3477083401003942,0.1592,3.1407035175879394
SR,7,3933,81.74114990234375,537.8753204345703,0.2538469877451962,0.459681374347789,0.34382626845445197,0.1592,3.1407035175879394
SR,13,3934,103.27349472045898,268.54026794433594,0.22445426724335887,0.3892183433800558,0.2864682886609983,0.1592,3.1407035175879394
SR,6,3935,103.34991455078125,507.0876922607422,0.3233961133681854,0.6582581696268424,0.3885551509780846,0.1592,3.1407035175879394
SR,4,3936,77.84442138671875,280.8895568847656,0.2013778801103405,0.3351117611956606,0.2802833581488666,0.1592,3.1407035175879394
SR,0,3937,75.2056884765625,571.4508514404297,0.3049224622770596,0.6501962117941936,0.358461301718065,0.1592,3.1407035175879394
SR,0,3938,76.18354797363281,307.5665283203125,0.2283847470697274,0.6036239157777341,0.32478285120945216,0.1592,3.1407035175879394
SR,9,3939,81.02783203125,431.8907165527344,0.2906692147319489,0.5715430489416977,0.34918499176771306,0.1592,3.1407035175879394
SR,11,3940,75.09225463867188,403.1678771972656,0.24262441640828447,0.5786037702606611,0.3137369246209501,0.1592,3.1407035175879394
SR,13,3941,80.44021606445312,506.0400390625,0.22085599591680533,0.7143222021831193,0.3365807206868357,0.1592,3.1407035175879394
SR,3,3942,77.00436401367188,498.79212951660156,0.23816027087893632,0.5488099865656705,0.318172967661612,0.1592,3.1407035175879394
SR,8,3943,100.0804386138916,235.15740966796875,0.4315892299303809,0.7504675397606986,0.5029442559020363,0.1592,3.1407035175879394
SR,12,3944,104.67826843261719,277.18621826171875,0.32545404984079435,0.5299718036068961,0.3925997053607057,0.1592,3.1407035175879394
SR,4,3945,95.77867126464844,621.1394805908203,0.3122010331406381,0.6458787215959817,0.3689578981684279,0.1592,3.1407035175879394
SR,5,3946,80.53802490234375,367.4990539550781,0.2466068893620773,0.4276888949814983,0.289242201386825,0.1592,3.1407035175879394
SR,4,3947,76.15786743164062,265.493408203125,0.26392785617714715,0.7381278838406738,0.40112485303370926,0.1592,3.1407035175879394
SR,15,3948,98.97216796875,208.54901123046875,0.5811017052499285,1.0064268845851643,1.1679124386616087,0.1592,3.1407035175879394
SR,11,3949,96.25823307037354,456.0697937011719,0.31900544977682355,0.5695320240809912,0.36291132074443355,0.1592,3.1407035175879394
SR,11,3950,81.14251708984375,234.4202880859375,0.4621374146171049,0.6557356478606153,0.4020499254144838,0.1592,3.1407035175879394
SR,5,3951,84.9876708984375,327.9876937866211,0.24438423787648228,0.536512305544045,0.3433768638136478,0.1592,3.1407035175879394
SR,0,3952,96.9674916267395,296.8791923522949,0.2265565165979873,0.5540928236356661,0.33464960182956105,0.1592,3.1407035175879394
SR,13,3953,101.43062210083008,352.4195861816406,0.4285926708680461,0.5875515777259558,0.49403182335605084,0.1592,3.1407035175879394
SR,2,3954,104.39531230926514,723.605094909668,0.3299723420266688,0.5913825591304633,0.36451015559815725,0.1592,3.1407035175879394
SR,6,3955,78.93632507324219,469.987548828125,0.18926954002235238,0.28635216946876835,0.300937600289916,0.1592,3.1407035175879394
SR,11,3956,95.13175964355469,290.32015228271484,0.19073075171837922,0.7286720476234319,0.35362595211259373,0.1592,3.1407035175879394
SR,12,3957,79.05563354492188,267.9992370605469,0.2153757698008128,0.37500291733263463,0.2695995342160748,0.1592,3.1407035175879394
SR,8,3958,83.01971435546875,327.85791015625,0.4651221678348084,0.7086665642491177,0.5277226906153959,0.1592,3.1407035175879394
SR,7,3959,101.87076759338379,274.499755859375,0.2152236718486372,0.7178601806869744,0.3038859953695789,0.1592,3.1407035175879394
SR,1,3960,103.75445938110352,312.4009552001953,0.2978583936262432,0.4556121999682764,0.3373509432309384,0.1592,3.1407035175879394
SR,12,3961,102.20111560821533,352.26560974121094,0.22662439122515393,0.3985873952629234,0.2754871454258069,0.1592,3.1407035175879394
SR,6,3962,81.59719848632812,849.73681640625,0.33687508960843204,0.5794257317382657,0.39110984709906504,0.1592,3.1407035175879394
SR,5,3963,79.93109130859375,501.74205780029297,0.3426257068538486,1.030296653609292,0.42778932583128126,0.1592,3.1407035175879394
SR,11,3964,76.23782348632812,418.98670196533203,0.2865084901097636,0.6398501810300596,0.3523539987724858,0.1592,3.1407035175879394
SR,5,3965,81.63470458984375,400.8532028198242,0.2154241752931123,0.8351776595861079,0.38019712409911316,0.1592,3.1407035175879394
SR,0,3966,96.23367309570312,259.92419147491455,0.2798435484721352,0.43103532088482965,0.41263041868349587,0.1592,3.1407035175879394
SR,2,3967,80.57757568359375,605.4265060424805,0.24158719319424185,0.40779302165294423,0.2883121108347561,0.1592,3.1407035175879394
SR,11,3968,95.4765625,466.29249572753906,0.3024990971477499,0.743056000471896,0.4137208708386455,0.1592,3.1407035175879394
SR,11,3969,79.85459899902344,262.10382080078125,0.25136621192293324,0.4500617567657264,0.3062690706629933,0.1592,3.1407035175879394
SR,8,3970,100.72634983062744,273.96665954589844,0.21006132301677885,0.3557840148058717,0.2967598967970204,0.1592,3.1407035175879394
SR,11,3971,82.56930541992188,286.1167907714844,0.3597594639351117,0.5934310611360472,0.426507670102242,0.1592,3.1407035175879394
SR,5,3972,79.15959167480469,231.90692138671875,0.3002039769562889,0.7738811018332187,0.4068267657175829,0.1592,3.1407035175879394
SR,10,3973,98.93515014648438,427.7748107910156,0.38022326438772314,0.6351920257951429,0.4529985900130005,0.1592,3.1407035175879394
SR,10,3974,104.10168552398682,252.41848754882812,0.43474372474403916,0.9769249538021041,0.5143317048807614,0.1592,3.1407035175879394
SR,1,3975,81.272216796875,300.78619384765625,0.32883754287172673,0.5457273730169149,0.3812326116503618,0.1592,3.1407035175879394
SR,14,3976,96.70905351638794,585.9484710693359,0.2633354796421316,0.4960654663940081,0.32663169333693126,0.1592,3.1407035175879394
SR,4,3977,81.15866088867188,631.0999298095703,0.22149179196441549,0.592838540835217,0.2899357392224507,0.1592,3.1407035175879394
SR,6,3978,76.4449462890625,292.0031433105469,0.38676131281380555,0.7310875647215949,0.4828009420164028,0.1592,3.1407035175879394
SR,15,3979,97.1764988899231,297.3719024658203,0.23300754232642887,0.5278522870378675,0.29100019098072305,0.1592,3.1407035175879394
SR,9,3980,79.07707214355469,234.32962036132812,0.24972634258023113,0.8434076795701306,0.3380277911989409,0.1592,3.1407035175879394
SR,6,3981,82.10488891601562,477.995849609375,0.24592114861478107,0.4523258529202616,0.28953769578125027,0.1592,3.1407035175879394
SR,10,3982,104.13477611541748,262.4991149902344,0.2782699603167562,0.5637127005574122,0.360563626874416,0.1592,3.1407035175879394
SR,4,3983,98.2401065826416,260.246280670166,0.22080193760155498,0.637833334813571,0.310893362882268,0.1592,3.1407035175879394
SR,7,3984,96.43394231796265,402.9218444824219,0.29389938352013223,0.8804079579665597,0.3872187372238401,0.1592,3.1407035175879394
SR,8,3985,103.75445938110352,223.68145751953125,0.18275711508749667,0.2824796766261062,0.2968807729846949,0.1592,3.1407035175879394
SR,14,3986,99.13673114776611,670.1204495429993,0.22879636935622835,0.36563159341111096,0.27389123446043945,0.1592,3.1407035175879394
SR,2,3987,81.486572265625,368.42042541503906,0.22581025448209743,0.4317813926011233,0.2773716650194934,0.1592,3.1407035175879394
SR,6,3988,102.99563598632812,234.72645568847656,0.428478737343038,0.9942770918550715,0.546829936929818,0.1592,3.1407035175879394
SR,15,3989,101.74607849121094,207.61574172973633,0.23440507837980706,0.4292616727610749,0.3143411227920204,0.1592,3.1407035175879394
SR,8,3990,104.39531230926514,339.8600788116455,0.25821823390919285,0.6552579212053832,0.3097291219137562,0.1592,3.1407035175879394
SR,11,3991,80.882568359375,407.193359375,0.38085528520428763,0.6713996443887438,0.432170848320832,0.1592,3.1407035175879394
SR,15,3992,84.97171020507812,447.111572265625,0.25150228809836567,0.8250265583243104,0.3401400926438085,0.1592,3.1407035175879394
SR,13,3993,84.86103820800781,300.41270446777344,0.33363952674125014,0.7349054448482615,0.43098868861567485,0.1592,3.1407035175879394
SR,3,3994,95.34225416183472,676.0820007324219,0.2727044661934237,0.6396143785528865,0.34672734366736285,0.1592,3.1407035175879394
SR,7,3995,98.67265033721924,420.9241943359375,0.25039823178092835,0.5484833915399568,0.3130723190000725,0.1592,3.1407035175879394
SR,2,3996,77.90464782714844,274.4580078125,0.24231285391192964,0.7293025965600983,0.35314172470208544,0.1592,3.1407035175879394
SR,13,3997,83.07354736328125,376.9304733276367,0.5114146935498746,0.9218581954855565,0.5911666625224687,0.1592,3.1407035175879394
SR,15,3998,95.86878967285156,439.11126708984375,0.33756876209482956,0.8547198620037766,0.4220758233056023,0.1592,3.1407035175879394
SR,3,3999,103.13510131835938,653.3425445556641,0.2582122504310221,0.46486958130609696,0.3085120970262776,0.1592,3.1407035175879394
