series,n_rois,mean_mtf50,sd_mtf50,mean_mtf10,sd_mtf10,mean_auc,sd_auc,mean_pixel_spacing_mm,sd_pixel_spacing_mm,mean_nyquist,sd_nyquist
LR,150,0.05224901493152631,0.02062376069342989,0.13337015385974918,0.04561944156470694,0.07465725078751272,0.020959513317351547,1.0,0.0,0.5,0.0
SR,150,0.09752733028534695,0.032205925921133784,0.21243618678504259,0.0807286956872347,0.1250895214662281,0.044690003605657794,0.5,0.0,1.0,0.0
HR,150,0.059855335613642556,0.029364849393852352,0.16486930513766174,0.07902181093678012,0.09938203475210684,0.039226695067103884,1.0,0.0,0.5,0.0
