series,n_rois,mean_mtf50,sd_mtf50,mean_mtf10,sd_mtf10,mean_auc,sd_auc,mean_pixel_spacing_mm,sd_pixel_spacing_mm,mean_nyquist,sd_nyquist
LR,150,0.052793189443582744,0.018784884435594593,0.13549237478247847,0.04412588073239165,0.0750938555606778,0.018899250311219577,1.0,0.0,0.5,0.0
SR,150,0.09865374555709393,0.031527794043347816,0.22303331316888803,0.09274664456969406,0.12430382463848218,0.03509751239269931,0.5,0.0,1.0,0.0
HR,150,0.060510557644466466,0.03546432337433921,0.17260561455683215,0.07379260838321068,0.09570370261970103,0.047170035384815866,1.0,0.0,0.5,0.0
